error,corr,ss
2469.9349703961298,-0.256167990299505,0.0548564211443752
2537.3587430729085,-0.2836733024954954,0.0331384795195042
2992.0509687633357,-0.2660524831369505,0.0455959846843684
3061.9771180992057,-0.2682428906672455,0.0433257566989275
3088.749295882299,-0.2462346500567901,0.0650743099343219
3094.15393824242,-0.2643406962252058,0.0471633492110394
3104.166636950406,-0.267782498612198,0.0443477382453292
3108.0452172379105,-0.2650824119541753,0.0456744360759237
3115.10806566319,-0.2496763612157581,0.0606817824972548
3156.0185920393487,-0.2798414475417375,0.0345334374752747
3175.5982092101463,-0.2441374089322149,0.0662079292767584
3178.0456606193898,-0.2775514378924436,0.0367825194750106
3186.6098286853244,-0.2487665026224486,0.0611619272676874
3192.9174122087798,-0.2747207210332716,0.0382485719300356
3206.21128422238,-0.2596807609573168,0.050931237621685
3208.614670734692,-0.2675427358183469,0.0433970505540751
3210.974813199077,-0.2556614344782315,0.0544576554396634
3222.405870213126,-0.2373303534740717,0.0755551368884356
3234.066341143963,-0.2570635388264878,0.0536046434923845
3239.468743679736,-0.262310103162731,0.0490274266223352
3248.924027249843,-0.2386034642648526,0.0726250634997576
3254.7258758336275,-0.2781498526090932,0.0354667575289708
3273.8196609623947,-0.2777565313414217,0.0356180751580821
3278.562497296121,-0.2568929152073813,0.0535045451294331
3280.5711792760785,-0.2630881605204341,0.0471502656369402
3288.030559796367,-0.2855417033598275,0.0311640183347978
3291.094889790195,-0.2463025143695678,0.0636940853321229
3291.2297265444754,-0.2601397384160803,0.0505691429227254
3293.0761413562323,-0.2656742249954199,0.0459773121046793
3295.7992219598063,-0.269679748295583,0.0420277369120637
3299.244595866384,-0.2534161981080369,0.0565023427353494
3300.4248082066283,-0.245610966236847,0.0643968723711459
3305.184454594143,-0.2766458771872307,0.0366301537390641
3305.532663008256,-0.2492785430049259,0.0614933143277506
3310.0466401053754,-0.2619254873884373,0.0487245135963817
3310.647764378776,-0.2510003820665684,0.0586728669126103
3311.769286564192,-0.2375748279553562,0.0744933457989824
3314.972465345132,-0.2549077295781239,0.054688281592829
3315.707123748184,-0.2434072582331685,0.0675666406829447
3319.6708402200697,-0.2711529639851471,0.0409684946178176
3321.5947814993897,-0.2641162026064639,0.0463415420497728
3321.602806843392,-0.270819232013144,0.0409670087956391
3324.426266621329,-0.2542782761766223,0.0562014681036814
3325.381154252441,-0.2682004293408413,0.0434054410052532
3326.020128399963,-0.2518315250705449,0.0584626908699657
3326.5712682498743,-0.2462640877008151,0.0635449014171568
3326.6163470898287,-0.2704300572796634,0.0415754072022053
3328.7562040642238,-0.2585055767245365,0.0513247204125451
3329.018343797578,-0.2773134600308082,0.0367664445367489
3330.9500105357924,-0.2590159611494008,0.0517017142444054
3331.2134346946027,-0.2592070427591366,0.051648421274415
3331.564245589448,-0.2572420212369502,0.0531923504175377
3332.178289656921,-0.2511862480748236,0.0587931320222927
3334.3522408518443,-0.2552388360611917,0.0553370046477392
3334.4789700620604,-0.2627883515235573,0.0484712668470337
3341.1936481123203,-0.2817841571112265,0.0339777276919914
3341.977905787674,-0.2756687496416267,0.0379022919226387
3342.026135047053,-0.2534203343678967,0.0566911693529624
3344.618969286072,-0.2621545819047669,0.0480369313345035
3348.7193069127816,-0.2490740726193499,0.0605094752158435
3349.085652633657,-0.2508271669009292,0.0590962879483895
3351.7094322670537,-0.2513933641823939,0.0591877959948678
3351.801375938417,-0.2518046642141493,0.0588251099347983
3352.7106894739018,-0.2468319436328095,0.0636322155226425
3353.52094278711,-0.2366637486139795,0.0761228730311411
3356.3605271316605,-0.2554585657934174,0.0541377200532172
3357.868979241225,-0.2366091677590301,0.0765548245808722
3359.50056275745,-0.2479830607619667,0.0620959414941114
3359.961502958046,-0.2614832423202413,0.0485790639027537
3361.100513705523,-0.2541109661720599,0.0556171516732744
3361.8904694701027,-0.2765520459500674,0.0368256964285611
3366.611323972902,-0.2276490067409176,0.0887060629234026
3366.747697349902,-0.2636482714723326,0.0466968712487912
3369.5517376291623,-0.2840580401780491,0.0318544194383008
3369.7949091546875,-0.2375593665042226,0.0740766027993792
3372.8520076283235,-0.2801968635910623,0.0348584859123312
3372.972397367354,-0.2756846705599221,0.0372830923591864
3374.3525960945885,-0.2526053621005165,0.0572838506928156
3375.1088051760157,-0.261440918206273,0.0482769100909678
3376.288708228899,-0.250345372967759,0.0595345926971873
3377.241197958159,-0.2527036613036509,0.0572325101761193
3378.0176902966737,-0.2695351078946079,0.0420316611391465
3378.380564878331,-0.2758367938550389,0.0371964188675264
3379.033033281162,-0.2781862254491679,0.0352995050646664
3379.79988383537,-0.2710081291037104,0.040941097275266
3380.5450322705497,-0.2554756226415164,0.054132495057583
3381.4104898378478,-0.2651930486157835,0.0451892707048841
3383.928786770281,-0.2695366169657584,0.041987656307861
3385.06291654979,-0.276940576510942,0.0363520320388513
3388.114317277051,-0.2504588949103895,0.06004579891295
3388.454393162076,-0.2571507790816759,0.0524090901140625
3388.492430164521,-0.244357034294093,0.0656692706678386
3388.970257493231,-0.268242103376512,0.0428686151668565
3389.757958635459,-0.2412258713763812,0.0698920737004482
3389.828693204658,-0.2638994119930763,0.0467531939427949
3390.183103465538,-0.2626421112185987,0.0476609237202619
3390.459792038028,-0.2539986368159073,0.0561393615994376
3392.028046343199,-0.2684056517943657,0.0431360788090527
3392.313964947753,-0.233444808035194,0.0801829808048913
3392.461470638177,-0.2477732163127103,0.0620221857860534
3393.3619781159045,-0.2504537077944512,0.0596419586634935
3394.066740575244,-0.2356835598704419,0.0764217092544747
3394.91304785832,-0.2566009267545567,0.0534955725851249
3395.53356760802,-0.2689073625099821,0.0427074544926962
3395.6912278683108,-0.2766884543614599,0.0363746898787604
3397.879168791043,-0.2568156063595928,0.0529649856025099
3398.431539845837,-0.2773685772178334,0.0360635808367756
3398.4731727277403,-0.2430707630460281,0.0673077352380165
3399.7125827727828,-0.2415197834330841,0.069353112383134
3401.2302016432286,-0.2462413839674627,0.06386545864742
3402.7715220556825,-0.263730465592403,0.0467175626128005
3403.152154143144,-0.2542395558748861,0.0551617341094415
3403.9424714834886,-0.290751461682695,0.027684574822394
3404.488445542371,-0.2573084368577246,0.0525105739041101
3405.066026579296,-0.269551371031103,0.0417404428402881
3405.372845171754,-0.2569456485617912,0.0530212650207986
3405.493500650246,-0.2514484186698279,0.0586546700794836
3405.619174496856,-0.2475615264740231,0.0624974658349614
3406.5869454975377,-0.2467180055414091,0.0643189917695847
3406.752163146283,-0.2712834105560318,0.0411234491818158
3406.79617727416,-0.2675611275143337,0.0437168767946605
3406.876788217686,-0.2709548923032591,0.0410804899558579
3407.226380111136,-0.2663760797924625,0.0446585421773207
3407.508815059381,-0.2698616556646747,0.0420092152095223
3408.506741943721,-0.254176421309915,0.0552496095898592
3409.6250425857475,-0.2611560343742666,0.0487599146343357
3409.9379355279416,-0.2571113842505271,0.0525822096729809
3410.253260546436,-0.2599962900348963,0.0504781048743934
3410.3115148570982,-0.2640612833238112,0.0463050207741023
3410.789814302589,-0.246253747183291,0.064985261583106
3410.8082641390783,-0.2645839849121406,0.0463757132756571
3410.88656286322,-0.2739016861595416,0.0385838597780306
3411.249177136237,-0.2285156536963752,0.0856560280336391
3411.8118064413284,-0.2574563906190957,0.053162550719931
3412.464573478901,-0.2605717237896708,0.0499522165576521
3412.7002383628446,-0.2525810828589198,0.0570215776133823
3413.2980996947526,-0.2497783529091872,0.0609826087359912
3413.467481641371,-0.2571727240343264,0.0527520217722635
3413.495401719105,-0.2392576870304164,0.0720319785109589
3414.9346183681814,-0.258314810950398,0.0516476483252683
3415.6333723975945,-0.2734059132068126,0.0389786136203426
3416.346850353428,-0.2682650705453792,0.043602351131606
3416.4397593285644,-0.2709622405767639,0.0407249161753311
3417.2626538695345,-0.2497592625825626,0.0607875866298727
3417.3728239862694,-0.2738993757230142,0.0384443498101425
3417.854116370652,-0.2613936859351532,0.0490752194276439
3417.8572085178885,-0.2349472848783911,0.0778804572803541
3418.266365646439,-0.2809213335328718,0.0344425286441996
3418.9688904379937,-0.2693134047031333,0.0421871638799377
3419.0508914546235,-0.2584671353089813,0.0515253274080785
3420.109083852173,-0.2723143890452459,0.0401492373456721
3421.108040974729,-0.276897581605436,0.0364266066263015
3421.762839375492,-0.2628494829671784,0.0479649200842824
3422.1021661490595,-0.2605679229342429,0.0500403143236265
3422.3346343410376,-0.2569126210545827,0.0526822178395595
3422.9884120481843,-0.2373102739418547,0.07448075037195
3423.1751759158583,-0.2520002521356563,0.0574067851172301
3423.311807674231,-0.235037553916479,0.0771778674469049
3423.499864186419,-0.2382028231696352,0.0728590135836157
3423.865470101341,-0.2537400968032326,0.055967524507328
3424.324634780045,-0.2523940089136459,0.0572071782400023
3424.5586113362765,-0.2477550089102799,0.0626009936011089
3424.6528013189536,-0.2365404999308563,0.0753110491007435
3424.745006575119,-0.2639400100683104,0.0468957872372069
3424.820446484106,-0.2457938946493327,0.064035713036558
3425.974903634349,-0.2618373064233111,0.0483082852141155
3426.257365820525,-0.2710628627008195,0.0405778496564366
3426.5454696381203,-0.2600792443366822,0.0496469429173644
3426.7074592378844,-0.2926208451320726,0.0268678496774346
3426.751734769418,-0.2675768726703675,0.0442831646885722
3427.059921809144,-0.2633885291598673,0.0469900135498275
3427.151032763592,-0.2661552331854152,0.0455938478944965
3427.2551350878493,-0.2697749775525701,0.0419810475561757
3428.152270052259,-0.2968263352046493,0.0244368364451067
3428.7091570496946,-0.2770285135478748,0.0365875395896049
3428.838778523065,-0.2617411535947652,0.0484087790155041
3429.0757227266163,-0.2481851753478678,0.0615502605912854
3429.214788387376,-0.2716914907119629,0.0409365369690287
3429.460093047905,-0.2738935474462373,0.0384433021847049
3429.5374703770804,-0.2669753133784065,0.0444547784778073
3429.6612899980432,-0.2554760242125963,0.0548631120901336
3430.128656587986,-0.2472669283540274,0.062539569131598
3430.975145373892,-0.2688219357805455,0.0422553551503798
3431.0504270858078,-0.2558679853940953,0.0544268062837346
3431.094317895101,-0.2565024286719909,0.0545735738273117
3431.257521663444,-0.2525802985251574,0.0576714461585849
3431.721007238383,-0.2474542705681737,0.06269203566372
3432.902190668832,-0.2346013710351669,0.0782698126569328
3432.9484757970567,-0.2615057546022228,0.0484361388006503
3432.963183527593,-0.255183256596624,0.0546893822513454
3433.045221950244,-0.2452616257447719,0.064843699303621
3433.3072811485763,-0.2720195327949178,0.0402512542417106
3435.0293838192224,-0.2685084341031293,0.0429192968733526
3437.060922877169,-0.2579943660048815,0.0520162793296666
3437.6053506406665,-0.2573482859912547,0.0523225784062119
3437.86481427013,-0.2549676169875664,0.0550126164924941
3437.9126302292216,-0.2543519304593252,0.0554303976545126
3438.8775506024417,-0.231738959173201,0.0820757026795399
3440.411337232369,-0.2431080467674514,0.0675679900856036
3441.202462704492,-0.2633865989213797,0.0472220808959162
3441.310029705415,-0.2801676914814248,0.0344706153018404
3442.142172576157,-0.2548109336933096,0.0552221153334252
3442.519983518319,-0.2764227168924745,0.036743050830068
3442.808310440782,-0.2427385984358332,0.0677495830535171
3442.9013329382983,-0.2470440396996836,0.0629004967843151
3444.1100600947816,-0.2608726352602222,0.0495383752610083
3444.269883460521,-0.2480210101410289,0.0618279389227435
3444.350019585413,-0.266255778713415,0.04434824488183
3444.5563637346736,-0.2393923601754747,0.0716966586422363
3444.576436769362,-0.2443127405968026,0.0660966781571312
3444.82725835216,-0.2584593227455865,0.0511389152937808
3444.8659173873552,-0.2513664517262043,0.0584122171357844
3445.0574264239444,-0.2546262677175203,0.0555983453583995
3445.7015564612143,-0.2823869080320337,0.0326879420764851
3445.7745343946717,-0.2825706708213907,0.0328554426041918
3446.5619176503865,-0.2506327372724797,0.0597599022337581
3448.102172943545,-0.2646475339825091,0.045908012138221
3448.123987287292,-0.2678153427523495,0.04328835093029
3448.3600591870054,-0.2579701593033622,0.052173672893726
3448.5533045558395,-0.2481187682987994,0.061527899404804
3448.698739253386,-0.2636560349870168,0.0464911046221059
3449.0269373435467,-0.2505957646100959,0.059371708329699
3449.2886103294213,-0.2520871261438002,0.0577714606164776
3449.570370818345,-0.2690847634357324,0.0422889763962519
3449.7480534068927,-0.2488814850457644,0.0610452928655375
3450.2647563240084,-0.2486757660997585,0.0613816560201129
3450.835191936876,-0.2289780993274302,0.0851668145626094
3451.4330037540226,-0.2527127914602114,0.0568315219563271
3452.389508349922,-0.244179576230251,0.0664814904053537
3452.600941469721,-0.2512964339959292,0.0582839740199362
3452.7553563252845,-0.2278543495010684,0.0872396862334305
3452.819980640352,-0.2631201413699712,0.0475513618571553
3453.0666906192955,-0.2610079000371191,0.04921815326348
3453.216035007051,-0.2772701239995102,0.0360894369317116
3453.35824666818,-0.25507570216401,0.0548062868518479
3453.467541626081,-0.2800349756302161,0.0348263540849346
3453.727851877931,-0.2538568141252194,0.0561015906843824
3453.973995810937,-0.2661397030269419,0.0451622898786781
3454.518271712748,-0.2686112649777611,0.0427088048994553
3454.5711041005698,-0.2621525537140982,0.0480954007460139
3454.660495631214,-0.2439333079357897,0.0669052932228536
3454.875441441977,-0.2252414347720336,0.0919780737182431
3455.035995352272,-0.2525996540533282,0.0570251791226026
3455.432756754629,-0.2729913198947492,0.0393009375203284
3455.543729805572,-0.2659581091572344,0.0456235546282689
3455.556984527333,-0.2643242216585436,0.0467857304507087
3455.599200228334,-0.261103573093743,0.0490764631826517
3455.7615927958223,-0.2572159477010519,0.0528523703405171
3455.7854323402094,-0.2635815084424001,0.0472029248292401
3455.964430726212,-0.266741621196522,0.0449038089519468
3456.213603852953,-0.2808610569850587,0.0337674543846848
3456.3754970189266,-0.2699766751086515,0.0415091548963309
3456.498232681396,-0.2533748022107203,0.0568087439699337
3456.607988244224,-0.2715150386765684,0.0406553516583994
3456.685404238143,-0.2575051184570281,0.0520217124619314
3456.8128985584763,-0.2505393664361736,0.0594282604107667
3457.012205424286,-0.259792171073024,0.0500685626300292
3457.436704013792,-0.2639647493365102,0.0472997801879502
3458.701349008338,-0.2488991566854673,0.0610432695179576
3458.8374867463835,-0.2552298268122663,0.0546158292857914
3459.170557437007,-0.2748388449838196,0.037743870623469
3459.204815959086,-0.2387285409740413,0.073195535659646
3459.2641970066206,-0.2462731458961403,0.0636237726870882
3459.7130672120597,-0.2537619708200914,0.0559434631562954
3459.811979905109,-0.2559025921295406,0.0544951387498114
3460.2254871358955,-0.2747372239162529,0.0379324833760463
3460.3268737767744,-0.2480282125239685,0.0617673579947365
3460.4110101373285,-0.2675582708599045,0.0432752218281267
3460.6527526886057,-0.2689783799727293,0.0425940553369841
3460.6608570562494,-0.2701817397915478,0.0417856880406633
3460.9705032513893,-0.2873854836094363,0.0294990104724081
3461.133844201532,-0.2737922923906972,0.0387725726471702
3461.443654107968,-0.2848397043905712,0.0312334521295496
3461.554230075846,-0.25174241215841,0.0575452114657897
3462.054938438064,-0.2617333434361081,0.0482631670036561
3462.336133082321,-0.2498866809769266,0.0597442687137727
3462.454860489688,-0.2799791050211805,0.0343346351251401
3462.93234739381,-0.2375336230797598,0.0744499159956837
3463.478629580112,-0.2506036856421054,0.0597592587902943
3463.66946656602,-0.268807180173748,0.0427224714667111
3463.791920457067,-0.2486930594211469,0.0614650602800463
3463.8655780429767,-0.2703620718484406,0.0413171145461426
3463.9599260762047,-0.2797413712567464,0.0343624174144676
3464.261166606854,-0.2583325280574837,0.0516548264466843
3464.2874608015186,-0.2586368850694435,0.0519366487885634
3464.3093002701085,-0.2589026965158892,0.0508229039660262
3464.321149491102,-0.280457549556507,0.0344358326219845
3464.7117657081403,-0.2560216336805315,0.0544834815442734
3464.826988492768,-0.2506077064922289,0.0589029616436752
3464.967818936971,-0.2528642258080197,0.0568870565818011
3464.985987386068,-0.2587490504312225,0.0514423093376255
3465.3372784124576,-0.2634684783518381,0.0470197756550824
3465.669625384646,-0.2720389996662705,0.0397960125779817
3465.706425913192,-0.2622045703333472,0.0479917079207289
3465.7720480746752,-0.2731883681451023,0.0391183801762335
3466.008447010274,-0.2533244789431739,0.0569996630175858
3466.03463913742,-0.2658349839382876,0.0453944574920016
3466.5319414934106,-0.2472900559552006,0.062293917489505
3466.5387481020675,-0.2610666189806536,0.0496437514085785
3466.591294441688,-0.2634868612948392,0.0470280062727587
3466.646858102049,-0.2551003223865389,0.0550112253242847
3466.651459775341,-0.2769129338243922,0.0369177843517177
3466.7728529732653,-0.239705438433175,0.0714846957028913
3466.9337107489705,-0.2492186914861786,0.0605690758960631
3466.9607644133425,-0.2430436056685747,0.0674515087525722
3467.1052036993965,-0.274295357924516,0.0389001738134613
3467.398479327098,-0.256335690170543,0.0532614713956875
3467.7064899996985,-0.2614207563452268,0.0486019323657311
3467.787671231538,-0.2521263715611283,0.0577637809321116
3467.855189819168,-0.2406935374480271,0.0704336045319684
3468.184247931323,-0.2622188335420139,0.0483828121663291
3468.2233277237674,-0.2761788977068382,0.0368409426647405
3468.44170186744,-0.2575352054500696,0.0523066770242749
3468.612203473901,-0.2608027916518905,0.0492109268892772
3468.645689041311,-0.2544099647200552,0.0555419140892943
3468.7347431865574,-0.2506372902345737,0.0592741228649885
3468.7588786368506,-0.2587114787498392,0.051641387709672
3468.7992052160853,-0.2657851456628404,0.0453664485909374
3469.0034990292106,-0.25796877742473,0.0516375905372117
3469.334923502421,-0.2325824353855003,0.0806532728399771
3469.3843003716684,-0.269998066682512,0.0416196364645883
3469.476588718383,-0.2762702780050445,0.0369053301671708
3469.524702003794,-0.2810639971974807,0.0342350573622816
3469.5288251223783,-0.2561324103789076,0.0538587307851866
3469.5697260157253,-0.2770313234553054,0.0367053097451941
3469.982447656527,-0.2532719642080124,0.05631035809453
3470.174128028489,-0.238461167753761,0.0729682616967986
3470.26594131513,-0.2456662506611727,0.0649016147473044
3470.295664434961,-0.2633726372466553,0.0469896086075241
3470.311680081548,-0.2743146231787566,0.0383926291480197
3470.348479479964,-0.2518274360868843,0.0577466039753253
3470.424982488474,-0.2773510848731768,0.0361151576916283
3470.478856199212,-0.2723292238746034,0.039903140356077
3470.6195392072623,-0.267483850466136,0.0436365707017582
3470.628118309997,-0.240542604237458,0.0702645455822164
3470.7592982697206,-0.2867314795768609,0.0300093656079113
3470.8468030754625,-0.2719700219380034,0.0402571332964287
3471.244475291758,-0.2482730730765751,0.0615507159589837
3471.2890021903995,-0.2794806781021722,0.0345324692562704
3471.371889451629,-0.2378290131206613,0.0737157356204916
3471.390934842605,-0.2655644475196907,0.0456316910168827
3471.561604110233,-0.2389255931326231,0.0721902509076976
3471.8989405580182,-0.2613946956037317,0.048932008893784
3471.903370637348,-0.2520111881399245,0.0575114950168132
3471.959372114032,-0.2580249183398264,0.0517372389537901
3472.179034591285,-0.2712418428001582,0.0410246630409818
3472.3735496815857,-0.2517253616212485,0.0580195153920703
3472.399252545604,-0.2813596052309073,0.0333175219247308
3472.494193578472,-0.26777664164756,0.0431296702262971
3472.586429356269,-0.2563265213745452,0.0534251696608711
3473.2583471720286,-0.2708324009449607,0.0410524822504856
3473.278668858726,-0.2687619173503469,0.0424873329043008
3473.6383804470065,-0.2565727755633822,0.0531949419417001
3473.6614778438125,-0.2629453022782516,0.0476579875585268
3473.765329055085,-0.2572377544528462,0.0523913502668874
3473.770793891012,-0.2820205463271426,0.0333634715648283
3473.818284344841,-0.2588620305998546,0.050650315973894
3473.8890974144706,-0.246234529621322,0.0648902141302761
3474.000164975708,-0.2313033908011675,0.0822653347456494
3474.3073333151488,-0.2491765053892774,0.0607415672392362
3474.362951358152,-0.2821275323239821,0.0329317073196184
3474.5839474208383,-0.2545540208568961,0.055254124963092
3474.6476834314776,-0.2656198713616976,0.0448675058564122
3474.754354539742,-0.2440060606531918,0.0659264300399693
3474.7669156225597,-0.2545992246700285,0.0552262235527584
3474.9090035522613,-0.2709382112357748,0.0407911747667298
3475.005767595027,-0.2651548072331808,0.045778546541124
3475.1537661795787,-0.2486763379804944,0.0610677956568238
3475.409064413055,-0.2468732960655908,0.0632832265483258
3475.552655527073,-0.2768530456442239,0.0367866714425858
3475.6087773661243,-0.2591247958321055,0.0508768019103399
3475.660075776624,-0.262994773608598,0.0477401196209673
3475.931680097624,-0.2683270263858981,0.0429750167304081
3476.033793757778,-0.2689326802856212,0.0424998252892796
3476.080821295293,-0.2363350444003198,0.0755017063278918
3476.208078915133,-0.2640598297820024,0.0465692922934303
3476.4491145190123,-0.2384168366771096,0.07328590946978
3476.90439045334,-0.2738891089081594,0.0384931725741716
3476.972480774609,-0.2477596256718575,0.0624265790138679
3477.2762194614274,-0.2553279918789802,0.0544317272687764
3477.286340020856,-0.23341917831684,0.0798428806117415
3477.4855687605145,-0.2659857813795708,0.0449961174378754
3477.541011079895,-0.2618294658295221,0.0484464269141274
3477.566234997724,-0.25518178343215,0.0544487142316527
3477.717227954851,-0.270059169683701,0.0417394665379609
3477.758002487621,-0.2774523508646833,0.0363809566887831
3477.825820191852,-0.2608894042090247,0.0492581652852195
3477.915513577046,-0.2544445964870558,0.0551881957124647
3478.0240758448745,-0.2429557567663413,0.0674082223860055
3478.2719031634974,-0.2792003670651043,0.0349693554866122
3478.3193849510817,-0.2563531539270441,0.0535922754779488
3478.358779618739,-0.264886747184305,0.0459588441811237
3478.3800590079177,-0.2532264741541374,0.0566292405021316
3478.4705141716863,-0.2496662263995816,0.0598949361523638
3478.602012179541,-0.2624595387684593,0.0484646180874963
3478.834727309852,-0.2786670275312707,0.035294366313842
3478.901398012736,-0.2617048027021297,0.048189081768844
3479.0356034853035,-0.2604475343497574,0.0495588484154733
3479.093163075891,-0.2544207160574778,0.055513773428558
3479.3024808495425,-0.2544292273815078,0.0551344211078271
3479.31238430972,-0.2712622364916349,0.0406153247393199
3479.391502485203,-0.2618051480420099,0.0483962540239323
3479.6999505663107,-0.2668694623491561,0.0439055691626404
3479.89175032435,-0.2557576051165668,0.0542777705729097
3479.982373661064,-0.2714824961828251,0.04023575296919
3480.014747116836,-0.2468246012985457,0.0635985721925303
3480.0335421921527,-0.2574138125131903,0.0526490926279272
3480.051039123558,-0.2524831748330536,0.0577372074072074
3480.125179020013,-0.2598850778851062,0.0502871919010385
3480.2630279457267,-0.2543019975081547,0.0554369298831119
3480.296131241214,-0.2699667434319203,0.0417105539732714
3480.322262596235,-0.2747303959325594,0.0383338299467887
3480.862880006973,-0.2691699075900935,0.0419942829553665
3481.108719792321,-0.2698322575422645,0.0417322868069844
3481.1325065522155,-0.2508574298890376,0.0595270448222917
3481.233871089713,-0.2976759080858832,0.0240344026378851
3481.294802709893,-0.2224495091444427,0.0951637748262191
3481.326842309921,-0.2418413927012309,0.0692168314486664
3481.748890992176,-0.2656036999872924,0.0449733493567778
3482.09243236513,-0.2642676500099901,0.0464499752505826
3482.106252512912,-0.2719997214739518,0.0400747553256987
3482.198413462932,-0.2527855165527691,0.0569913885004819
3482.318486363108,-0.2653456631288282,0.0455830973532636
3482.636385285784,-0.2666575387129431,0.0448716002697754
3482.726456347709,-0.2796243911950439,0.0346328076999282
3482.7771420307427,-0.2701185827078036,0.0415379924835306
3482.794201161168,-0.2586675592834136,0.0511814280632646
3482.9704836022274,-0.2612117902102132,0.0486552869050981
3482.981284261928,-0.2569688744887803,0.0528560379889171
3483.06491201747,-0.2590846277714917,0.0506957260582117
3483.207671460331,-0.2562696696244361,0.0534218779094435
3483.2813773132902,-0.2581094858645273,0.0515983886527805
3483.6095931838386,-0.248854917370432,0.0610285590305875
3483.678561749208,-0.2522126364459362,0.0579676454868393
3483.6944593284197,-0.2478753656875092,0.0618436675585161
3483.716153238626,-0.2454077293513455,0.0651275348947358
3483.867385800997,-0.2439368163189858,0.0664109193637504
3483.87350655263,-0.2584746273208033,0.0520927064978562
3484.036881044184,-0.2540405869054853,0.0559545159788845
3484.058921991203,-0.2710290018046888,0.0410953449287967
3484.0640771709536,-0.2581251106290093,0.0524995355337806
3484.1589621426497,-0.2651569536878387,0.0454539049246106
3484.3340789237736,-0.2433344747324941,0.0676472245394645
3484.631294235682,-0.2524421281757577,0.0572652489371924
3485.0180895718872,-0.2579111251922198,0.0519401068169745
3485.0847375621183,-0.2534406201039377,0.0562696808030296
3485.188127560097,-0.2669593171407136,0.044351792216274
3485.261690006614,-0.2332973197257803,0.0798786297862716
3485.290454323581,-0.2456418771962673,0.0647385729831243
3485.3169081369824,-0.2510377839995187,0.0584006245261826
3485.346114605059,-0.2577825724380991,0.0520158508210403
3485.540494359741,-0.2495121321465199,0.0601308645089474
3485.5519420491432,-0.2711358986879791,0.0411259420521235
3485.5933081195058,-0.2611441401920449,0.0491937607069026
3485.617688885512,-0.2436612182864443,0.0664656531076506
3485.6467955456146,-0.2683742773326147,0.0428220945028877
3485.653995903888,-0.2314687322072937,0.0824345684786007
3485.697250932833,-0.2680827977493761,0.0431579774273756
3485.727057301611,-0.2846364821878381,0.0313349816181385
3485.877097513142,-0.2587601951506301,0.0511944046927169
3485.910746894336,-0.2501732535001164,0.0597435854662448
3485.9478759868957,-0.2717133536907072,0.0402294127997635
3486.0162356203614,-0.2392368612413118,0.0717916313128695
3486.065964815393,-0.2843468555923968,0.0313414495872836
3486.074304179037,-0.263806257758314,0.0468459408647855
3486.222152893427,-0.2569103542521305,0.0532702807612483
3486.3423302021106,-0.2511377166350077,0.0586502891273965
3486.5086600933605,-0.2766328949593984,0.0367525308767232
3486.910306601786,-0.2533609742343366,0.0564290010768596
3487.005793565305,-0.271684936780328,0.0402051310216785
3487.0196779327352,-0.2796178869837375,0.0347135368362947
3487.1707604880025,-0.2684485620849288,0.0428147849629147
3487.255708309039,-0.2517526208106835,0.0576511898879577
3487.2622382269683,-0.2806550033933657,0.0338821554781129
3487.3668261666003,-0.2805607559489202,0.0348409848344557
3487.7842404362013,-0.2512280811854452,0.0585200795141598
3487.9048290845385,-0.251448898552087,0.058189819598895
3487.962289281434,-0.2380932215908858,0.0739254149130005
3488.029835286493,-0.2680407913972721,0.0431767573225021
3488.312892623207,-0.2960190720656625,0.0249103425649149
3488.6532608108714,-0.2555800997791063,0.0541666881953128
3488.743242155843,-0.2535753769206516,0.0561395873313287
3488.8240668836925,-0.2693714396382339,0.0421142153460574
3489.069820778477,-0.2595103919655329,0.05048565144023
3489.074095085044,-0.2686782765957813,0.0425344905539441
3489.150571411709,-0.2619233799244259,0.0484122437438996
3489.1829892905407,-0.2611889678547872,0.0492717731338211
3489.4088424414617,-0.2759533690510991,0.0371668607341577
3489.5757895048123,-0.2493697948632579,0.0599507819691188
3489.636868000792,-0.2515264349917094,0.0586295038487221
3489.6527403110827,-0.2582600148185195,0.0514391728754626
3489.837193063661,-0.2549916287464177,0.0549309676248827
3489.931658473497,-0.2627653342151215,0.0479534384621517
3490.064772583427,-0.2597808863538249,0.0502130844508862
3490.380054181729,-0.2608647882881637,0.0491864421535483
3490.4524127679824,-0.271708271623185,0.0403324268645315
3490.5339782038927,-0.2724625689360386,0.0396168722988815
3490.57185347746,-0.2923849584989647,0.0267741854410546
3490.7698777389583,-0.254877201673702,0.0552805204812451
3490.9464606370066,-0.252719941331559,0.0570398122398965
3491.00400642639,-0.2738425238504663,0.0388622328524633
3491.057237395418,-0.2708604093455883,0.0410778446186913
3491.1298197434776,-0.2715627209403853,0.04040930794833
3491.155084923696,-0.2660764298917248,0.0446135604236034
3491.169662293751,-0.2652086447063576,0.0455274952570384
3491.199273422609,-0.2844201074654981,0.0315950506258583
3491.287950036866,-0.2834274112878035,0.0320993359527281
3491.331345939143,-0.2459002129629256,0.0642419338114182
3491.379759809128,-0.2785653778749597,0.0351765369467244
3491.430474653384,-0.2728300582726825,0.0394756255998176
3491.4461636926067,-0.2449486131016668,0.0656495837832918
3491.489026403536,-0.2659257939108335,0.0446081221730586
3491.584252561654,-0.2566966756535969,0.0531888925151742
3491.592146515103,-0.2675010824372182,0.0433473669092584
3491.8400565591774,-0.257728806313006,0.0520575560475047
3491.8975230644937,-0.2825155315611286,0.0325963199903002
3491.9292982908787,-0.2407959541529773,0.0701760947744321
3492.040363286394,-0.2712847091920486,0.0416337130642502
3492.0475669061398,-0.2348245830906958,0.0778254985126051
3492.197369671432,-0.2735637983899053,0.0389166554872636
3492.429191973449,-0.2613328747153454,0.0487611393746087
3492.852797198605,-0.2588258814121045,0.0509924584916465
3493.168802761159,-0.2623524545572476,0.0482938634991727
3493.3132213395484,-0.2629034570880459,0.0475339993478131
3493.5060519068024,-0.2344063215166017,0.0779393820974476
3493.829609663968,-0.2837807014046162,0.0318465368255379
3493.900177311797,-0.2654240185165503,0.0453336880231274
3494.0152747833786,-0.2557187961079507,0.0540142809490497
3494.1038477838847,-0.2559583662053165,0.0541670199085109
3494.219653273617,-0.2492439472879011,0.0603807242784869
3494.250534611568,-0.2790567309229642,0.0349441638287763
3494.3022002722832,-0.2496098521671319,0.060271300394569
3494.3288454521303,-0.2528063853050269,0.0569514902633685
3494.403815364488,-0.2727113364805381,0.0396464029150918
3494.438594718523,-0.2388928690836588,0.0727119634595697
3494.450654235437,-0.2477691572174019,0.0624102932567276
3494.584228184307,-0.2602885801507403,0.049548392136759
3494.6261037395934,-0.2746819311253383,0.038186436288518
3494.7551106341352,-0.2643422060731114,0.0464495244657257
3494.8008055932414,-0.2631615164661877,0.0471520484472973
3494.884052416485,-0.2471227837477964,0.0630017986333495
3495.0762190957507,-0.2628949217525562,0.0476209102381391
3495.138841656163,-0.2368755598933044,0.0748565947333554
3495.643315521596,-0.2703867040155855,0.0413439674952413
3495.734125139102,-0.2696974392495103,0.0419892255586451
3495.757859813013,-0.2660902080433135,0.0450007550205067
3496.109264384937,-0.2366131601132492,0.0755499403737986
3496.1638387046373,-0.260003714039797,0.0498795545846385
3496.319721619327,-0.2533954393530582,0.0561492365954043
3496.563421453305,-0.2624500846074418,0.0477192649441121
3496.5650654801366,-0.2631258654316588,0.0477694117419861
3496.773003088755,-0.2733550686675428,0.0388152474881023
3496.7949397368548,-0.2724137550151745,0.0396325414950163
3496.8070010082515,-0.2675120346087163,0.0435185151742401
3496.8695049724383,-0.2612758283129193,0.0487679078794133
3496.917479290547,-0.2669290967601715,0.0445973195985232
3496.939539093765,-0.2583106810885391,0.0514221762983812
3496.944120101243,-0.275952908026759,0.0369591203900158
3497.026974112806,-0.2561483150380904,0.0537408853052521
3497.073604120472,-0.262150761071591,0.0484313434594371
3497.17443486635,-0.256818984774304,0.0535494557858452
3497.3185572820184,-0.2538358752157553,0.0562011256738103
3497.651485161314,-0.268404918769713,0.0434578724789537
3497.659162908985,-0.2784533201048048,0.0355212332681616
3497.668567208352,-0.2599850597349546,0.0498715948114394
3497.764491921432,-0.2526290481506075,0.0573110687565959
3497.8215197219106,-0.2663324720222048,0.0443580278496284
3497.8354240483745,-0.290478558404756,0.0280809095461275
3497.929672614085,-0.2684479519248512,0.0430325371328145
3498.083016042188,-0.2320348834839771,0.0814104347287227
3498.159241758244,-0.2695308963191377,0.0423076452909029
3498.217118868854,-0.2478166235437915,0.0619588089024402
3498.255155449257,-0.2706025184621814,0.0412062214158788
3498.3273506163905,-0.2643230564278991,0.0464987568581007
3498.376643148968,-0.2560619182081352,0.0537832024475456
3498.6055475042726,-0.2562197458247407,0.0536633478409933
3498.626179406004,-0.2287057632873121,0.0857798897374586
3498.6858555005133,-0.2644221764251994,0.0463511677222973
3498.7661363629227,-0.2643382959498093,0.0459472661782618
3498.7833813010698,-0.2764869147037315,0.0377289183913334
3498.836418451815,-0.2653871867362395,0.0455352972258205
3498.925909619993,-0.2613070299282472,0.0487261095669439
3498.930401633726,-0.2612562857148165,0.0493012590489418
3499.044683899801,-0.2738692945560761,0.0386925193588604
3499.338245114512,-0.2505159011670792,0.0594196043666195
3499.403183877385,-0.2658182881979252,0.045090829777784
3499.430154382564,-0.2709477348765202,0.0411046048027616
3499.5269827624147,-0.2658262232949439,0.0450873236667339
3499.7219393618893,-0.2686272998457539,0.0427078154408663
3499.7787978653614,-0.2689325385394051,0.0423693178859816
3499.842884233896,-0.2799820965897514,0.0346254912753707
3499.9982251309643,-0.2696661346900728,0.0417140213459741
3500.032063000082,-0.2466833793625062,0.0632487948821017
3500.0366660530053,-0.2674353772833448,0.0438820203949095
3500.0617811560505,-0.2364290403716585,0.0756524336328226
3500.167812537024,-0.2748277055310278,0.0379292678310094
3500.1809028160465,-0.26129381883729,0.0488556853271167
3500.2421618321328,-0.2915300096613215,0.0271784953204326
3500.279345438211,-0.273728447809723,0.038852751529827
3500.286377508974,-0.2564339644539493,0.053220814545112
3500.3538420504915,-0.2864656028395595,0.0301148140044061
3500.552101778259,-0.2542462170297198,0.0554539928382022
3500.596230207935,-0.2661656233558135,0.0446589613300784
3500.728216812581,-0.2744822303176931,0.0384820689530706
3500.8661069846835,-0.2903407808865091,0.0285092454595171
3500.919768179146,-0.263567529918098,0.046601171703612
3500.9848825690924,-0.2730361532204808,0.0393218365918098
3501.052659951404,-0.2355542863766842,0.0771338103568994
3501.099471788371,-0.2602964230045715,0.0500006005687631
3501.1663195341607,-0.2655893889460836,0.0450411424488224
3501.3067990786617,-0.2608177058236335,0.0492993492283138
3501.308842872093,-0.2382285843200891,0.0733841466804124
3501.31143865646,-0.2764725105107732,0.0366767229005088
3501.3164467429524,-0.2605498594699166,0.0499377608423294
3501.3416162259723,-0.2543992983516949,0.0549502105587067
3501.471639573376,-0.2768908848823678,0.0365323892007355
3501.5981128992303,-0.2559136571514361,0.0537827555344022
3501.779854646265,-0.2549135797575663,0.0552104107196747
3501.918716770057,-0.2766763018563535,0.0366377947519886
3501.973405868351,-0.2468752847020522,0.0633640751458917
3502.21060327048,-0.2549485842584966,0.0547933380226788
3502.4988045496866,-0.266565839756792,0.0440528050330314
3502.5874775606894,-0.2610106809633422,0.0490586829283538
3502.6478503025746,-0.2642072103232226,0.0462775943070802
3502.7180015299828,-0.2667954005573483,0.0440650800982383
3502.7831860339584,-0.2798301163797881,0.0344047815442917
3502.795631565597,-0.2724821410500661,0.0400456022373468
3502.809807292792,-0.2798858363548224,0.0344468712181068
3502.919694906928,-0.3074643417068921,0.0197722259185804
3503.1934016573828,-0.2719354548794348,0.039848435296927
3503.2034904601755,-0.2506732286289959,0.059370881785355
3503.309146816865,-0.2726852059632997,0.0394260602586826
3503.326902242831,-0.2739434746769236,0.0388585227388242
3503.3733561483014,-0.2596176421236748,0.0505462325090833
3503.498252332026,-0.2311104250083376,0.0829258784652775
3503.6612215080563,-0.2752982468387207,0.0382788426098239
3503.840559513092,-0.2608124835403738,0.0493417562780815
3503.863107340564,-0.2805415639845993,0.0337320531928897
3503.888874976263,-0.2542947892556068,0.055803888406683
3503.9501137053194,-0.2644133534055848,0.0462500750778247
3504.074241018905,-0.2644233606491927,0.0468032085517341
3504.0799561078275,-0.232687139149475,0.0812473022659047
3504.115277766989,-0.2640918680436636,0.046621557942666
3504.1415405151683,-0.2798250103612432,0.0344281712553094
3504.172500907035,-0.2676197202685174,0.0437263766692257
3504.22414475112,-0.2617542896353969,0.0483492891697378
3504.256004381714,-0.2495824455571663,0.0605372613773532
3504.308766077448,-0.2857895586053536,0.0303666476510782
3504.3975897216137,-0.2486589638026401,0.0613071218187055
3504.546112239453,-0.2784265482380083,0.0357009223951759
3504.6541705189843,-0.263457166468484,0.0471286105313666
3504.668510679508,-0.2494115232086686,0.0604450043756261
3504.7378554136912,-0.2609143186571018,0.0487932291353934
3504.789078815025,-0.2786267544202273,0.0354052402485105
3504.8496219554486,-0.2464211538799201,0.063629308113432
3504.946518394905,-0.2581723986639119,0.0514424120917033
3505.028529309819,-0.2740573212211653,0.038528510853161
3505.0691115851755,-0.2764232425067804,0.0369430934354569
3505.105927263886,-0.2636655323400961,0.0465905409588299
3505.2334870873988,-0.2437421638938087,0.0664340984744944
3505.2558292631365,-0.2554219913679454,0.0543054309902933
3505.278989459464,-0.2871453312095706,0.0303095137859718
3505.469427893572,-0.2514331738705145,0.0583758622449914
3505.4789955679144,-0.280887262445236,0.0337602608456802
3505.511961358247,-0.2518984711940296,0.0577144145614983
3505.578006155196,-0.2663022959871031,0.0450670550557016
3505.6485936478134,-0.2607642723334756,0.0491811132067545
3505.737601182329,-0.2822606886154632,0.0327117026518419
3505.7594750165563,-0.2707539718272366,0.0410767786328618
3505.991519631837,-0.2721598043409058,0.0399916426335306
3506.030481126236,-0.2533856266880994,0.0563184729588885
3506.089825165315,-0.2683613269434553,0.0434794464399928
3506.184246273328,-0.2445184144950135,0.0662038271320482
3506.276687468865,-0.2721786607014565,0.0400495766446735
3506.4373801818806,-0.2506240727788003,0.0595956420799297
3506.507784213961,-0.2651841216484045,0.0453787217662417
3506.9004731577943,-0.2677288603668964,0.043623071691323
3506.950382014743,-0.2907596029971375,0.0274991171583891
3507.1216830823364,-0.2710195864955637,0.0409583743439265
3507.3938206916137,-0.2719658805507388,0.0399929148536472
3507.3967414852987,-0.2700651909654691,0.0414066961281418
3507.410372758864,-0.2560917941206699,0.0538404101952062
3507.439119795204,-0.2662791951232223,0.0443239960612895
3507.467284377428,-0.2461353598918478,0.0643659562453541
3507.505397239794,-0.242340977548944,0.0682059451873511
3507.618150857844,-0.2317441701536819,0.0818031340608534
3507.70741089012,-0.267652994075173,0.0433289968880052
3507.723210324411,-0.2527766344299258,0.0571706028577934
3507.784152595324,-0.2447731453899011,0.065742876211573
3507.990972597668,-0.2640156472721768,0.0464283285604666
3508.0234024132365,-0.2431070439296303,0.0677619301047035
3508.0240943293657,-0.2410944828912724,0.0699502524276637
3508.027702498104,-0.2379181686597823,0.073681977962623
3508.040739519644,-0.2491614443493772,0.061405809653066
3508.2896235824605,-0.2454193467553811,0.0645678368284202
3508.334528101893,-0.2562819139840776,0.0537374540254162
3508.4560725736205,-0.2578651616565919,0.051781437732054
3508.545971438588,-0.2585246234166398,0.051545574126154
3508.6202979415125,-0.2695186724163805,0.0422223628269786
3508.6970177664584,-0.2575333167157156,0.0521813259900603
3508.844640022747,-0.2926948833641632,0.0268055454822353
3508.8589092992256,-0.2645585002038634,0.0459140321450769
3508.926846417501,-0.2584705235392812,0.0515664788364378
3509.04562489422,-0.2520855269606935,0.0576686745615535
3509.2039097908178,-0.2841479674567113,0.0315010083129247
3509.3256858123123,-0.2733153550199461,0.0389300754976263
3509.343005332944,-0.297392632954085,0.0243929086577139
3509.4505167943435,-0.2609407881795408,0.0492267282134854
3510.050583922342,-0.2527067542708302,0.0577565872168748
3510.2260069060217,-0.2538704946782778,0.0557023922354648
3510.393045236964,-0.2385366469621489,0.0733239573008714
3510.460442503904,-0.2574333063321979,0.0527080234607006
3510.502721369121,-0.2771201265001172,0.0366358078015691
3510.516735626185,-0.2558479326835319,0.0536646233308241
3510.6891579108537,-0.2698575799116353,0.041539791804156
3510.9083356428173,-0.2550399037826892,0.0547664153997914
3510.957950052845,-0.2668523413403575,0.044082493903341
3510.9714967352047,-0.2640071143733333,0.0465980314802983
3510.997392082073,-0.2744822476893964,0.039016420146628
3511.018611905617,-0.2797961594870139,0.0342688111803619
3511.028965706052,-0.2664251199062056,0.0444227053437788
3511.5072769986896,-0.2647154339155391,0.0457724303308687
3511.5448876196338,-0.2529540189212504,0.0575517869350718
3511.986037186477,-0.2694088995905577,0.0421442791471802
3512.1132251274284,-0.2709056697480033,0.0409324556210898
3512.199791566713,-0.2716162950731477,0.0401358010509112
3512.312273923252,-0.2579040951076576,0.0519012249751897
3512.373760871821,-0.2593761498701447,0.050761758004904
3512.4645093793006,-0.2458607318046957,0.064278740068063
3513.0013523224284,-0.261723898665483,0.0482964555131481
3513.0791385380257,-0.2663865500503707,0.0447099469412845
3513.168627944247,-0.2547294605679611,0.0551585092390811
3513.366516457129,-0.2653839585313451,0.0452074218632333
3513.3795203376826,-0.2667307572195882,0.0441880658029125
3513.3854317519736,-0.2687306325191265,0.0425121946953738
3513.501310657797,-0.2671809707581954,0.0438184331966869
3513.502637542741,-0.2445492706996939,0.0658700311461535
3513.61305880703,-0.252870310129886,0.0573789651052739
3513.856966075012,-0.2459326476616348,0.0643781683727954
3513.927853533547,-0.2698573959975144,0.0417380223360857
3513.93169806082,-0.286175751585553,0.0302895365434271
3513.990946873032,-0.2701027469102773,0.0416901437849347
3514.07267891661,-0.2741775119485183,0.0388394896294686
3514.2006244616286,-0.2455842737575902,0.0649462468387191
3514.34751659685,-0.2691167569999041,0.0423840596194148
3514.4314254550204,-0.2566831013096193,0.0532353408277119
3514.500293013577,-0.2535819073409446,0.0563853487786802
3514.5634570415286,-0.245804100434771,0.0649113366631973
3514.5766090517254,-0.2892961345857657,0.028554321774652
3514.6050769028484,-0.2886437518582812,0.0289887021657543
3514.7720511920093,-0.2633668735027324,0.0468703313000411
3514.8160923702376,-0.2550401984573782,0.0545126255840422
3514.86607919328,-0.2791575225634146,0.0347564901368162
3515.097464934784,-0.2609171802000016,0.049006383218981
3515.197033549443,-0.2736620986604008,0.038680426225873
3515.268926977413,-0.2550347742092463,0.0545392208013435
3515.3038917663143,-0.2426038847798652,0.0679366973313723
3515.414885782513,-0.2560179052798444,0.0536931417548533
3515.5000605567943,-0.2634652430352525,0.0470125625691435
3515.714112981584,-0.2567210812138852,0.0539247489017509
3515.818210852089,-0.2776871578837366,0.0357982486017363
3515.9498569817256,-0.2485793900194031,0.0610669027803801
3515.975506920516,-0.2440771727847411,0.0666825142839056
3516.145592796625,-0.2634467315211464,0.0469543545110997
3516.2486337853875,-0.2534296578877801,0.0563069606714155
3516.249628697893,-0.2517680683540931,0.0582232612618627
3516.3237944002663,-0.2755331530994578,0.0374951313648594
3516.34267612804,-0.2586750141400131,0.0508479715462857
3516.7666431470197,-0.2645058553145755,0.045900507306633
3516.7870482457074,-0.2609267176619435,0.0493311087778953
3516.904368321009,-0.266295734199261,0.044560084922297
3517.1376722118302,-0.2818185906568625,0.0331791604807999
3517.4101620283263,-0.2804009583239499,0.0337866216427194
3517.442523830151,-0.292311958591283,0.0268268564305904
3517.6695147859296,-0.2339585412224474,0.0787882577159431
3517.7217161853678,-0.2586228898595074,0.0511119691802553
3517.934160775619,-0.2603392240414645,0.0496413322374759
3517.97947486952,-0.2317686305331159,0.0816457422518338
3518.0235328136087,-0.2792613988265149,0.034665156288732
3518.047906850768,-0.2683452847466496,0.0430642204974767
3518.072028651364,-0.274073800851236,0.0384218439515383
3518.0738729221434,-0.2397950395239497,0.0721115393931684
3518.121879866688,-0.2659297946090767,0.0448609490105529
3518.238907163962,-0.2741582793588187,0.0383058538872524
3518.3165989747763,-0.2691320261438945,0.0419771064219925
3518.3710491082247,-0.2527024935050832,0.057194795013858
3518.461844242021,-0.2737349312723018,0.0387208380813051
3518.495472926978,-0.2469471552857667,0.063161399570689
3518.618341615744,-0.2560585913241532,0.0535954490992771
3518.677172100427,-0.2559040876402291,0.0536117673266803
3518.7065513676166,-0.2428828170110319,0.0674528144302391
3518.844376816621,-0.2652577105097419,0.0453895294630262
3518.896001652024,-0.2740097027272585,0.0386218104744353
3519.03633360469,-0.2679856243013318,0.0430953610119438
3519.0731423265543,-0.252366321542892,0.0573886132902715
3519.3881983657143,-0.2764299368762958,0.0367291128393804
3519.4684419998302,-0.2673454373140927,0.0436115557762105
3519.747119622793,-0.2626673582991338,0.0485964677992375
3519.9550443909025,-0.2729686754757395,0.0394167480514294
3519.963515602197,-0.2464220693863665,0.0640840855891995
3519.9946748727284,-0.2764988802973869,0.0366462855314457
3520.2575086343554,-0.2601976283594303,0.0498438644126571
3520.3889181421264,-0.2868037781608689,0.0300202952247451
3520.460062561029,-0.2590573872392249,0.0510554987540561
3520.520422171526,-0.2730985661809467,0.0394633228547405
3520.8378917602176,-0.258499180303693,0.0517097118420893
3521.0834101328046,-0.2638819106373699,0.0465979531771434
3521.20867204427,-0.255135494950444,0.0545963894598669
3521.237226757129,-0.2619600324347676,0.0481879827397926
3521.2471007829618,-0.2695675280363637,0.0420681916688607
3521.288239950841,-0.2620912016132162,0.0486107133369158
3521.31439250322,-0.2555027572388205,0.0547897147480408
3521.379773597841,-0.274355080764646,0.0380818620127066
3521.565308412478,-0.2738369360924885,0.0393114264091249
3521.59660768166,-0.2842223038138504,0.0314013051434209
3521.6791489558464,-0.2408940453568391,0.070183068343609
3521.835719575713,-0.2664037783155308,0.044614568781406
3521.8640233951583,-0.2795814234489637,0.034387341331239
3521.9105106261622,-0.2685718758609131,0.0427756007276572
3521.98374095188,-0.2871054419624289,0.0299061227576375
3522.0588885898355,-0.2665328023062733,0.0441292126389478
3522.090400197763,-0.272602614921403,0.0395484241037859
3522.228354957647,-0.2826704140543229,0.0332422529634646
3522.263752956159,-0.2658638538115626,0.0449502434726929
3522.2842932202198,-0.2560295963383497,0.0545637150459809
3522.3130705049844,-0.2476586442735648,0.0625964160773214
3522.356566035979,-0.2642291716330296,0.0461673774161422
3522.3723123050245,-0.2843693350291479,0.0313488188422557
3522.4206121606485,-0.2797466318630817,0.0347265177412205
3522.572820184288,-0.2781407791619851,0.0357333622519971
3522.9771350438727,-0.26043250090111,0.0495919955916555
3522.9861904402487,-0.27794303984547,0.0356888138334392
3523.0211987149783,-0.2468843570194221,0.0637421682333371
3523.0386022780344,-0.2720064008609327,0.0400746232136216
3523.2014586000296,-0.2556726991712205,0.0537680780652399
3523.226430133698,-0.2552744608038847,0.0545456004923567
3523.4090172684078,-0.2589314111245615,0.0509035703295292
3523.4722247871387,-0.279116033694799,0.0348660570805278
3523.869187923121,-0.2515588458506395,0.0580132646398956
3523.9358557659143,-0.2742225659759068,0.0382021450620569
3523.9520870951087,-0.2449214514507953,0.0654021358901092
3523.961302332464,-0.2613936410622939,0.0488277145359082
3524.036520569802,-0.2743571858211527,0.0382154061441898
3524.1042335101542,-0.2764262156286984,0.0367371451857601
3524.170813459868,-0.250684147161252,0.0594151232239292
3524.174612620054,-0.2501259290977956,0.0597720342270482
3524.197751898123,-0.2847458115813198,0.0313352093422068
3524.368162087393,-0.2617490345460854,0.0483882243277891
3524.450185517163,-0.2740968527827724,0.0387523335604027
3524.470139651485,-0.2538970115193246,0.0559196677689041
3524.4964484866787,-0.2856499915260274,0.0305721875441462
3524.541518698541,-0.259323226717485,0.0510877749401568
3524.6174631899626,-0.261698133970798,0.0486351978755899
3524.7970979249462,-0.2600836381242502,0.0498836450396186
3524.819791677488,-0.2575947916696081,0.0521690787373804
3524.885856226975,-0.2521568788335827,0.0576824123671905
3524.960117561001,-0.2712982979835095,0.0403719070512181
3524.9718447654377,-0.2540912412392233,0.0554954048952148
3524.9920017681184,-0.2596095240973469,0.0506806544179229
3525.111563180326,-0.2508429242004119,0.0588520885516707
3525.254006926276,-0.2547701870194236,0.0550785636800211
3525.406141978693,-0.2803221336129982,0.0339512471937167
3525.4288976450093,-0.2621933320260926,0.0481874102576247
3525.7073752927254,-0.2863853265202892,0.0303598425514433
3525.750117766423,-0.2626960362160814,0.047731419524941
3525.8158096715333,-0.2515733036050865,0.0589875565020344
3525.81768481376,-0.2560544823333605,0.0539370372401255
3526.073805522058,-0.260832438823777,0.049056749887997
3526.127356440423,-0.2634481307466652,0.047415290366234
3526.1369034551467,-0.2603069363364113,0.0501562576355725
3526.1410354963195,-0.2611712321835571,0.0490541917812256
3526.298764841077,-0.2798181879491837,0.0345371724498472
3526.4843605218243,-0.2640916924909772,0.0464520062584642
3526.4905908007763,-0.2574098949201362,0.0523115445499729
3526.558769439715,-0.2639172786063257,0.0464873998091063
3526.580376347745,-0.2858571190672032,0.0309524399320318
3526.583241924665,-0.2551583961316649,0.0545256917660281
3526.7391921191,-0.273467918496285,0.0387254078056923
3526.765637489634,-0.2683074697235515,0.0427916889999589
3526.8127680539938,-0.2702302868377061,0.0414110066414178
3526.8216804151043,-0.2764056782813188,0.0368218664401165
3526.9604919043404,-0.2587657410451628,0.0512800900262563
3526.991329746056,-0.2805560621072377,0.0338354758173758
3527.057049862975,-0.2652238721659047,0.0457008376739161
3527.1363782657054,-0.2608500588689849,0.0490613836342024
3527.147336298155,-0.2640402164014099,0.0468789056532485
3527.315253908559,-0.266035425725538,0.0449709922605287
3527.455961733621,-0.2566362768928154,0.0532027323415617
3527.5521144529885,-0.2788837227725581,0.0350307504590365
3527.688064072106,-0.2796633288244324,0.034730505454538
3527.832218723536,-0.2984246417770869,0.0239549437950446
3527.846592105165,-0.2789123010172639,0.0351812863714604
3527.8809144971933,-0.2742332405542272,0.0385330949663538
3528.099868558222,-0.2714728773428882,0.0404283994929061
3528.100592225181,-0.2577446832166927,0.0522979442354352
3528.110191607488,-0.2528818919105083,0.0575606976295139
3528.1621614376395,-0.2668622023394254,0.0441741041190032
3528.316963131143,-0.2640413525968204,0.0468188116519207
3528.38032335878,-0.2689490669560885,0.0422419357734664
3528.558624467401,-0.2740912014606144,0.0384844725699624
3528.5743583400704,-0.2447262572508264,0.0660719434019175
3528.8143101488595,-0.251656991539368,0.0583478082372545
3528.849708765821,-0.2803791753338384,0.0341778106510611
3528.954782575272,-0.2608916455364499,0.0490600229269506
3529.2211086687835,-0.254064856072757,0.0554133333143214
3529.2441809653205,-0.2774795126287345,0.03614355661786
3529.25530278667,-0.2860138886948564,0.0303087272300091
3529.510127630274,-0.2685219752402423,0.0428193100462899
3529.5110813103647,-0.2648617780863247,0.0461222222149896
3529.9992970990834,-0.2749074193010514,0.0385512614420017
3530.133338428282,-0.2553470433488049,0.0550206640833619
3530.1645230783847,-0.251361855919559,0.0584452767372387
3530.180680818726,-0.2628963471702878,0.0476977928065239
3530.192348419128,-0.2604767773677791,0.0494594168688527
3530.34027458138,-0.278039271285612,0.0355890410057955
3530.375373251511,-0.2626674449496512,0.0477407206092619
3530.4812528135203,-0.2569542908884675,0.0533671407483024
3530.4921239020728,-0.2888123070764613,0.0287778121270435
3530.528439417348,-0.2621652275785421,0.0480150535917344
3530.5945596310758,-0.2622919368540168,0.0480879670513736
3530.711199391742,-0.263094059131413,0.0477194886932505
3530.831244078718,-0.2596282085901415,0.0509740498411235
3530.943721202745,-0.2432574996069816,0.0678147076829375
3531.0221852564146,-0.2746192351404879,0.0379557694728948
3531.048458778216,-0.2588004411806069,0.0510538719740086
3531.212041898264,-0.2613670951564766,0.048697290473005
3531.2218516706894,-0.2758772453363925,0.0372266665319798
3531.2597806580666,-0.2438293888543065,0.066463403570903
3531.355889123885,-0.2512777775049599,0.0584876672917121
3531.5112560824746,-0.2548418645740136,0.0549489306327092
3531.5574457484868,-0.2519533145693405,0.0580116932994198
3531.5631914994447,-0.2914104067310201,0.0274458206841028
3531.5831058355243,-0.256441370893638,0.0532381817356967
3531.658509197617,-0.2824873937220203,0.0329548306797814
3531.710339252956,-0.2539932276725151,0.0553929730899589
3531.7142833799776,-0.2572592116629381,0.0527568429138682
3531.7296214176845,-0.2614737214954293,0.0488944399226512
3531.8088689026163,-0.2790449886901613,0.0351103897087913
3531.8757052241795,-0.2491552026376889,0.0610289221484801
3532.114152846495,-0.2660239610887145,0.0444122969004621
3532.1670716808053,-0.2538235032869601,0.0559001650742304
3532.381000615057,-0.2659931725230121,0.0448920680074923
3532.470639177847,-0.2642286295613611,0.0463707586624299
3532.4969812513677,-0.2426588354206887,0.0682557426804103
3532.576454153539,-0.2800175932777174,0.0343509936280864
3532.7310575811985,-0.264178325685276,0.0465131037938111
3532.8054926509712,-0.2639811169801174,0.0464995967624402
3532.839805105069,-0.2687049752222388,0.0423024683325779
3532.8697107971398,-0.2575810342021623,0.0525211037611248
3532.9075027330077,-0.2443405537475249,0.0662168247586484
3532.9075281661194,-0.2555961645267525,0.0540261096663721
3532.9086520252467,-0.2786657716807218,0.0355075411855426
3532.9147340296067,-0.2900438472279541,0.028328200930022
3532.936688371671,-0.280848121972789,0.0336680212958845
3533.027085811091,-0.2675424597941929,0.0433015320983734
3533.532948255382,-0.2527226025253749,0.0568275361864499
3533.575667819157,-0.2732934523544901,0.0389565198061395
3533.772522738395,-0.2827466857722627,0.0325745425414557
3533.7794261103013,-0.2637585573128648,0.0466215257192053
3534.050341736847,-0.2676123583628944,0.0435760878542782
3534.124551271942,-0.2879641248557161,0.0294363677944317
3534.227049330957,-0.2804297139528435,0.034622967988598
3534.2576574270934,-0.26587386857718,0.0446162956738944
3534.499915277319,-0.2797522307805222,0.0344020615008618
3534.562211319029,-0.2859205987856099,0.0305767376950309
3534.5957190317927,-0.2759696247484081,0.0375070836786514
3534.649617964289,-0.2709601034986492,0.0411948345558931
3534.6673137101743,-0.2748455143762828,0.0381939549043097
3534.77871469254,-0.2820531964398465,0.0331712965652897
3534.9677908533827,-0.2594234697612171,0.0507532921880774
3535.034155261986,-0.2574652165096873,0.0521090659534208
3535.059813567196,-0.2806440904282482,0.0341726261261605
3535.0751053198464,-0.2560989110458206,0.0538305237722227
3535.249569542674,-0.263374763728377,0.0469671746048679
3535.2823911676905,-0.2782461363761738,0.0353717147546949
3535.308043489822,-0.2789551847434369,0.0349287498364863
3535.338898370588,-0.2593799281752995,0.0504424678944355
3535.450434764363,-0.2685250069278333,0.0429620144073937
3535.452837635853,-0.2607579957145939,0.0495032441762904
3535.461295461942,-0.2743008922278012,0.038487854345975
3535.5325141469416,-0.2515962777017635,0.0580421910093878
3535.5749532708437,-0.2758344397015473,0.0371590506661057
3535.6400529529296,-0.2592202454013646,0.051459435278119
3535.753200736742,-0.266585433157055,0.0444272303830576
3535.772550138088,-0.2688662497626755,0.0426886086099328
3535.815975254968,-0.2829602324212305,0.0327645587055325
3535.900189836491,-0.247899268973588,0.0619953769024356
3536.0519479244763,-0.2975055662741468,0.0242685089398017
3536.2189191294374,-0.2580782144587278,0.0516322869845196
3536.4557067518067,-0.2764802239061339,0.0368266955850876
3536.5102501755014,-0.2451496729569992,0.0653877922556371
3536.619956237449,-0.2511114706059183,0.0586076017344895
3536.691088269985,-0.2878502509374542,0.0295849400470166
3536.6992736704715,-0.2667526126825716,0.0445816693995388
3536.882531989777,-0.2620339868672224,0.0480380713946965
3537.0190474781225,-0.2643227929404035,0.0463311311791024
3537.0320299148725,-0.2812236957158777,0.0335630985719222
3537.037388464905,-0.2615816933683293,0.0487391607522374
3537.2290068983957,-0.2804544948810333,0.0343808967573073
3537.235637719444,-0.2642425042273254,0.0462645453378508
