,log10_kcat_mean,log10_kcat_std,log10_kcat_max,log10_kcat_max_std
CPPPGO,-2.522878745,1,-2.522878745,1
GTHOr,2.017161155,0.52632939,2.690207508,0.300560435
GTHOr_REV,2.017161155,0.52632939,2.700524055,0.306330201
PFK_3,1.703210183,0.630531189,2.216034539,0.106558382
TRPS2,0.861222572,0.765590663,1.709818997,0.260887405
LEUTAi,1.84509804,1,1.84509804,1
SHK3Dr,2.244453933,0.385715385,2.50083138,0.114551625
SHK3Dr_REV,1.676611359,0.94468001,2.562616568,0.062831781
MAN6PI,2.234177296,1.633027497,3.878073418,0.69287696
MAN6PI_REV,2.149219113,1,2.149219113,1
RBFK,0.278043964,0.561083609,0.743641934,0.282578982
ACP1_FMN,0.233293088,1.01178834,1.800651393,0.281143738
RBFSb,-0.573488739,1,-0.573488739,1
DMATT,-0.727153614,0.825243254,-0.003086265,0.217901465
GRTT,-0.504386962,0.194583042,-0.457687032,0.188895942
UPP3S,1.680863918,1.018106086,2.230641205,0.856904276
TMDPP,1.243038049,1,1.243038049,1
TMDPP_REV,1.016837685,1.039834325,3.020294954,0.325444708
HCO3E,5.25678488,0.729416227,6.296850081,0.378044652
HCO3E_REV,5.25678488,0.729416227,6.374501128,0.359419304
IMPD,0.395095173,0.524878211,1.221005663,0.242909824
GLUTRS,0.33243846,1,0.33243846,1
URIK1,-2.387216143,1,-2.387216143,1
URIK2,-2.387216143,1,-2.387216143,1
CYTDK1,-2.387216143,1,-2.387216143,1
CYTDK2,-2.387216143,1,-2.387216143,1
XPPT,1.313368425,0.883118749,2.008541941,0.418303797
HXPRT,0.300018545,0.466188712,0.626517955,0.463348392
NDPK5,1.067594883,1.363619185,2.066974911,0.745464279
NDPK5_REV,1.067594883,1.363619185,2.057085962,0.693066475
DHORTS,0.271841607,1,0.271841607,1
DHORTS_REV,0.394451681,1,0.394451681,1
OMPDC,1.62324929,1,1.62324929,1
CS,1.596828592,0.505297411,2.198761263,0.150580159
ICDHyr,1.680795072,0.244921143,1.924608562,0.204695154
ICDHyr_REV,1.466816361,0.405760396,1.975293415,0.106881323
ACALD,1.181790484,0.050629605,1.223585834,0.023020396
ACALD_REV,1.030406782,0.274602754,1.226729354,0.016723581
ACS,3.973127854,1,3.973127854,1
PPA,2.413571898,1.140502688,3.620070834,0.29054183
PPCK,-0.173925197,1,-0.173925197,1
ME1,2.647056458,0.306310192,2.856454644,0.055731155
ALAR,2.128133756,0.644598348,2.995659459,0.316882432
ALAR_REV,1.82821054,0.766256433,2.665911008,0.5505223
ALATA_L,-0.473405468,0.488824011,0.0555399,0.14029288
ALATA_L_REV,0.054442793,0.582864312,0.482636355,0.010461987
XYLK,3.819543936,1,3.819543936,1
RBK,1.679518744,1,1.679518744,1
GLYK,3.69019608,1,3.69019608,1
PPM,1.677405387,0.430020713,2.197789994,0.121602228
PPM_REV,1.677405387,0.430020713,2.205252889,0.11988665
ASPTA,1.958224676,0.474370812,2.531177829,0.307877043
ASPTA_REV,1.906594845,0.690325507,2.63359838,0.365861989
FBP,1.236294326,0.400050424,1.641517537,0.18129151
GLGC,2.568201724,1,2.568201724,1
PYK,3.505692507,1,3.505692507,1
A5PISO,2.40654018,1,2.40654018,1
A5PISO_REV,2.243837803,0.09461869,2.291147148,0.08194219
ACHBS,1.278868264,0.703055022,2.032366255,0.147913472
ACLS,1.430939129,0.674084823,2.00524864,0.233808809
PSCVT,1.39050447,0.367553436,1.851613881,0.207943244
PSCVT_REV,0.03740822,0.69498554,0.329302147,0.630716129
ANS,1.444033557,0.69584553,1.805873232,0.594367774
ANPRT,0.633229737,0.01445742,0.642532612,0.005231709
CHORM,2.098821633,1.674025686,4.440213371,1.715980325
CHORS,-2.080921908,1,-2.080921908,1
IGPS,0.405975303,0.850418821,0.89415516,0.464932852
ENO,1.455650464,0.266160151,1.58873054,0.230501452
ENO_REV,1.189490314,1,1.189490314,1
FBA,0.661997464,0.763834409,1.399788706,0.116120843
FBA_REV,-2.698970004,1,-2.698970004,1
MGSA,2.428485217,0.086062536,2.478401488,0.07010796
PGI,3.441695136,1,3.441695136,1
PGI_REV,3.441695136,1,3.441695136,1
PGK,2.73239376,1,2.73239376,1
PGK_REV,2.723780559,0.008613201,2.728603951,0.007135973
EDA,1.522191474,0.931126867,2.080867593,0.744901493
RPE,2.939519253,1,2.939519253,1
RPE_REV,2.939519253,1,2.939519253,1
TALA,1.113943352,1,1.113943352,1
TALA_REV,1.354070173,0.00576531,1.356145684,0.005378759
G6PDA,1.77815125,1.477121255,2.546254303,1.261707138
ALCD2x,2.644798378,0.160498538,2.712207764,0.145656292
ALCD2x_REV,2.606866286,0.184910484,2.756338865,0.107013942
ALDD2y,-0.044107026,0.693441884,0.288745079,0.608334714
RMI,2.124067318,0.256886471,2.485476087,0.134096446
RMI_REV,3.234770295,1,3.234770295,1
NADDP,1.814103639,0.755012044,2.754939481,0.604237697
NMNAT,0.648332595,0.092030094,0.696188244,0.078609002
HMPK1,-1.346787486,1,-1.346787486,1
NDPK6,1.067594883,1.363619185,2.057085962,0.693066475
NDPK6_REV,1.067594883,1.363619185,2.041720301,0.747279737
NDPK8,1.067594883,1.363619185,2.065504166,0.692330001
NDPK8_REV,1.067594883,1.363619185,2.024883894,0.74801405
PYNP2r,1.454324207,0.58033291,2.077960978,0.557027595
PYNP2r_REV,1.387523315,0.591784951,2.594646096,0.375069134
DURIPP,1.567837467,0.340141606,1.999596863,0.155428587
DURIPP_REV,1.318468651,1.205934082,4.273360405,0.257411843
CYSDS,1.079181246,1,1.079181246,1
TRPAS2,0.294553812,0.486964426,0.691589381,0.242788017
TRPAS2_REV,0.420556582,0.67270952,1.570351012,0.171520814
NDP3,0.009198071,0.126713549,0.116492266,0.095079209
CDPPH,0.009198071,0.126713549,0.126505857,0.086595637
NDP7,0.009198071,0.126713549,0.132320458,0.083154358
PMDPHT,-0.454838751,0.948810194,0.179485305,0.348714268
ILETA,1.681241237,1,1.681241237,1
ILETA_REV,1.057571181,0.452818754,1.832823886,0.122218071
VALTA,1.278753601,1,1.278753601,1
VALTA_REV,1.057571181,0.452818754,1.851665007,0.080491606
ORPT,-0.552841969,0,-0.552841969,1.11E-16
ORPT_REV,-0.440118034,0.159415717,-0.32626686,0.159012683
RBFSa,-1.276266279,0.777703405,-0.01836442,0.48413792
G1PP,2.114776932,0.04659107,2.135277003,0.041838677
PFL,1.10720997,1,1.10720997,1
PTAr,1.999391135,0.079790111,2.031307179,0.073128845
PTAr_REV,2.951464906,0.333416809,3.131509983,0.280625264
ACKr,2.654958705,0.365411051,3.098920899,0.094046509
ACKr_REV,3.208019544,0.253839329,3.515767877,0.077425
UDCPDPS,-0.005332467,0.465686957,0.386537273,0.039095806
TDSK,0.380211242,1,0.380211242,1
NTPP1,1.80559603,0.172127575,1.908872575,0.13770206
NTPP2,1.80559603,0.172127575,1.905430024,0.140217958
NTPTP1,3.602059991,1,3.602059991,1
IPMD,1.238397799,0.63434025,2.001615938,0.066105799
AIRC3,1.139742215,0.053382384,1.172839292,0.041883915
AIRC3_REV,1.156605376,0.049684186,1.188099925,0.020804023
ADSL2r,-0.304784237,0.517422543,0.14114449,0.199780588
ADSL2r_REV,-0.304784237,0.517422543,0.072833872,0.263905993
PUNP5,2.590732052,1.263854934,4.261327159,0.372059823
PUNP5_REV,1.620099616,1.28270656,4.300451372,0.213574748
PUNP6,1.693262912,0.351590172,2.000243137,0.164541575
PUNP6_REV,1.294299518,1.355893627,4.291285453,0.283632146
PUNP7,1.693262912,0.351590172,1.989959938,0.187055813
PUNP7_REV,1.620099616,1.28270656,4.343269651,0.197936271
RNDR1,1.11058971,1,1.11058971,1
RNDR3,1.11058971,1,1.11058971,1
RNDR4,1.11058971,1,1.11058971,1
TMDS,1.229696244,0.025576261,1.244530475,0.020834844
DHQTi,1.513848989,0.780826475,2.364927856,0.208364254
PUNP1,1.171988046,0.822390024,1.976530929,0.194760583
PUNP1_REV,1.620099616,1.28270656,4.283303844,0.317574135
PUNP2,1.693262912,0.351590172,2.023312364,0.119098026
PUNP2_REV,1.620099616,1.28270656,4.315982316,0.21469216
PUNP3,1.560797799,0.602943076,2.301838775,0.247440349
PUNP3_REV,1.620099616,1.28270656,4.262936606,0.228405277
LYSAM,-1.080921908,1,-1.080921908,1
LYSAM_REV,-1.080921908,1,-1.080921908,1
MDH,2.585253496,0.891458581,3.465391186,0.106703279
MDH_REV,3.055963154,0.242935351,3.333883533,0.105366496
FUM,2.775828477,0.265676948,3.00396442,0.091130924
FUM_REV,2.792391689,1,2.792391689,1
PYDXNK,-1.159379381,0.636500636,-0.879319101,0.571576154
PYAM5PO,1.447158031,1,1.447158031,1
OHPBAT,0.396199347,1,0.396199347,1
OHPBAT_REV,-0.096332699,0.473817288,0.347661323,0.114118139
GLUTRR,-0.854982694,0.031073953,-0.835716843,0.02438068
ADMDC,-0.784318118,0.784318118,-0.392159059,0.679239415
ARGDC,0.021110212,0.946096727,0.903185034,0.248690691
SPMS,0.61939325,1.041755824,1.333926879,0.219882057
G1SAT,-0.022276395,1,-0.022276395,1
G1SAT_REV,-0.022276395,1,-0.022276395,1
KDOCT2,1.15908386,0.181360255,1.246136782,0.159101636
OAADC,2.061988017,1.105159497,3.337874029,0.89485659
MNNH,0.338931172,0.430446154,0.493891788,0.40158573
GUI1,1.504129707,0.788126364,1.819380253,0.722329744
GUI1_REV,1.129490219,0.8335496,1.730493854,0.767570144
PGAMT,-0.481246911,1.378874002,0.29092253,1.142386917
PGAMT_REV,0.897627091,1,0.897627091,1
UAGDP,2.51851394,1,2.51851394,1
UAGCVT,0.085327716,0.583941433,0.664744629,0.041342191
GLUR,1.223358928,1.287123687,3.411781142,0.623965289
GLUR_REV,1.706979754,1.378690776,4.196075674,1.14936243
UAG2E,0.87444272,0.023184371,0.883252781,0.02144523
UAG2E_REV,0.87444272,0.023184371,0.884643843,0.020819514
ICHORS_copy1,1.084649078,0.617781458,1.319406032,0.5714395
HACD5,-0.468578575,2.6229202,2.558704912,2.757225143
HACD5_REV,-0.468578575,2.6229202,2.977256073,2.647782652
HPPK2,-0.769551079,1,-0.769551079,1
PTPATi,0.686010291,1,0.686010291,1
DXPRIi,0.813197461,0.523750228,1.432272014,0.295089691
GHMT2r,1.435783329,0.816749802,2.278449322,0.755375872
GHMT2r_REV,0.698970004,1,0.698970004,1
ABTA,1.675778342,1,1.675778342,1
SSALx,1.354108439,1,1.354108439,1
ASPT,1.199212937,1.290555941,2.133766849,0.197566355
SERD_L,2.653040266,0.139665138,2.754944246,0.044405999
THRD,1.914651886,0.215681882,2.039747378,0.175698014
KARA1,-0.01478901,0.722897728,1.701782083,0.294680444
KARA1_REV,0.091777267,0.054350769,0.11460459,0.049324633
KARA2,0.013871353,0.727316896,1.741219987,0.256974172
KARA2_REV,0.013871353,0.727316896,1.677582459,0.270913847
ACCOAC,1.271512242,0.207054253,1.391603709,0.168669806
NADK,0.925958334,0.533934181,1.96698268,0.224173344
ICHORS_copy2,1.084649078,0.617781458,1.368828549,0.548539842
ICHORS_copy2_REV,0.255272505,1,0.255272505,1
SUCBZS,1.94405031,0.15501046,2.069975383,0.049304608
DHBD,0.81244635,0.653044781,1.749764878,0.28396619
DHBD_REV,0.81244635,0.653044781,1.806826286,0.277919396
ICHORT,0.512652933,0.487347067,0.766073408,0.416275422
RBK_L1,1.757936922,0.145153065,1.827610393,0.12733821
RBP4E,1.562292864,1,1.562292864,1
RBP4E_REV,1.562292864,1,1.562292864,1
NTD2,0.750755012,1.33923132,2.827349544,0.184140451
NTD4,0.750755012,1.33923132,2.854644051,0.109411884
NTD5,0.373908656,1.289831762,2.828819824,0.218711341
NTD6,0.373908656,1.289831762,2.835329624,0.18612893
LGTHL,2.409440295,0.073789083,2.46936074,0.035312283
HACD6,-0.468578575,2.6229202,2.66041163,2.675175773
HACD6_REV,-0.468578575,2.6229202,3.28225197,2.462788201
UGLT,2.892094603,1,2.892094603,1
UGLT_REV,2.671940519,0.220154084,2.812839133,0.169160874
DXPS,0.632948717,0.462337618,1.112390135,0.471252828
MECDPS,0.343318135,0.08804563,0.397906425,0.06908076
DDGLK,1.041392685,1,1.041392685,1
XYLI2,1.277949662,0.513103236,2.065838524,0.275103081
XYLI2_REV,1.311753861,1,1.311753861,1
PMANM,0.625848305,0.267913458,0.749088495,0.237885427
PMANM_REV,0.625848305,0.267913458,0.78123811,0.218246716
ICL,1.228271235,0.19399796,1.421493885,0.082406363
GLYCL,1.452152743,0.970077236,2.549026132,0.249483175
HCYSMT,-0.420216403,1,-0.420216403,1
LACZ,2.128087029,0.708912562,3.413204312,0.138408494
TRE6PH,0.342448744,0.792343978,1.383683939,0.964946247
XYLI1,1.541352113,0.604091274,2.319764905,0.08936
XYLI1_REV,0.886490725,1,0.886490725,1
PPC,2.73239376,1,2.73239376,1
G3PT,0.076759658,1.176191365,1.881854088,0.56048821
GOFUCR,-0.124938737,1,-0.124938737,1
PYDXK,-0.450423722,0.738107709,0.223693547,0.276939311
GTPCII2,-0.649283388,1.710199494,1.7861447,1.513918121
URIC,0.478566496,1,0.478566496,1
ALCD19,1.151192539,0.646552667,1.587343769,0.337565074
ALCD19_REV,1.151192539,0.646552667,1.588949993,0.386788038
RMPA,1.583198774,1,1.583198774,1
RMPA_REV,0.959041392,1,0.959041392,1
PFK_2,1.703210183,0.630531189,2.218056652,0.106035351
TGBPA,1.094189999,0.291416274,1.228241486,0.258754022
TGBPA_REV,1.094189999,0.291416274,1.245726462,0.248917949
PGLYCP,1.973127854,1,1.973127854,1
GLXCL,1.276461804,1,1.276461804,1
GLCRAL,1.436162647,1,1.436162647,1
KAS14,-1.096910013,1,-1.096910013,1
EDTXS1,2.117271296,1,2.117271296,1
NNDPR,-0.853871964,1,-0.853871964,1
HACD4,-0.468578575,2.6229202,2.810263198,2.646162785
HACD4_REV,-0.468578575,2.6229202,2.636088133,2.711121822
HACD7,-0.468578575,2.6229202,2.445025388,2.84915398
HACD7_REV,-0.468578575,2.6229202,3.198188703,2.474826603
AACPS1,-1.795880017,1,-1.795880017,1
SDPDS,1.979997419,0.076907432,2.016912987,0.067468467
DKGLCNR2y,1.683047038,1,1.683047038,1
NTD9,0.750755012,1.33923132,2.837477939,0.203268118
NTD10,0.750755012,1.33923132,2.812649342,0.276304691
ADPT,0.478326689,0.491554955,0.753597464,0.407249646
ADK1,0.821108565,1.690774796,1.294525508,1.623143804
ADK1_REV,0.821108565,1.690774796,1.666495963,1.464253926
OCTDPS,-1,1.301029996,-0.453567402,1.180716082
AACPS2,-1.795880017,1,-1.795880017,1
AACPS3,-1.795880017,1,-1.795880017,1
ACNML,0.476279966,0.863893828,1.10260644,0.144746849
CAT,3.189510759,1.660416492,5.462389495,0.207992843
AB6PGH,0.509016122,0.792145363,2.182739924,0.316054806
AMALT1,1.255270639,1.322348618,2.579547027,0.071906454
MLTP2,1.204959672,0.45606738,1.629814969,0.172101316
MLTP2_REV,1.13065523,0.39826147,1.289959818,0.365012667
PACCOAL,0.840849099,0.514727854,1.336105436,0.003525214
TRE6PS,0.86332286,1,0.86332286,1
TREH,2.298853076,1,2.298853076,1
CYTK1,1.147629338,1.088887512,2.030140786,0.032512903
CYTK1_REV,1.147629338,1.088887512,2.031028745,0.0294172
CYTK2,1.147629338,1.088887512,2.031280366,0.029281335
CYTK2_REV,1.147629338,1.088887512,2.033274962,0.007754174
GK1,2.018074815,0.302071471,2.120779115,0.284075695
GK1_REV,2.018074815,0.302071471,2.114737686,0.286187811
HACD1,4.658011397,1,4.658011397,1
HACD1_REV,-0.468578575,2.6229202,3.001201685,2.608500413
HACD2,-0.468578575,2.6229202,3.144373208,2.500871689
HACD2_REV,-0.468578575,2.6229202,2.899619225,2.571028115
ACACCT,2.462397998,1,2.462397998,1
BUTCT,2.462397998,1,2.462397998,1
G1PTT,-0.143341868,1.603029906,1.279976972,0.260916156
TDPGDH,-0.762046667,1.032498833,0.150145552,0.9121035
UDPGALM,0.539362728,1.295092732,1.73334839,0.110620901
TDPDRE,1.591064607,1,1.591064607,1
TDPDRR,1.430169003,0.032228995,1.44821724,0.026701484
NDPK7,1.067594883,1.363619185,2.024883894,0.74801405
NDPK7_REV,1.067594883,1.363619185,2.057085962,0.693066475
AOBUTDs,0.537269985,0.228072842,0.792202197,0.049140831
GLYAT,-1.698970004,1,-1.698970004,1
GLYAT_REV,-1.698970004,1,-1.698970004,1
ADNUC,-0.745129992,1.067349287,-0.232802334,0.936351895
S7PI,-0.32878866,0.027758664,-0.313798981,0.023363496
TRPS3,0.841050483,0.788676305,1.733782927,0.217079471
FADRx,1.022084104,0.380891098,1.410680936,0.101736928
GTPDPK,1.630468622,0.508910795,1.986654495,0.218350523
NADN,1.738822494,2.184939467,2.787593438,1.916778543
NDPK2,1.067594883,1.363619185,2.129908302,0.56004187
NDPK2_REV,1.067594883,1.363619185,2.129908302,0.56004187
NDPK3,1.067594883,1.363619185,2.131379047,0.624382585
NDPK3_REV,1.067594883,1.363619185,2.08928803,0.631730411
NDPK4,1.067594883,1.363619185,2.048667759,0.693700018
NDPK4_REV,1.067594883,1.363619185,2.030360607,0.637222202
FCLT,-0.522878745,1,-0.522878745,1
PNTK,0.073742569,0.323970656,0.311734948,0.053023533
DPCOAK,-1.425493652,0.107638728,-1.363063189,0.087684281
KDOPS,0.581776958,0.541644469,1.558348411,0.541084197
KDOPP,-0.706066252,0.764673983,0.01162759,0.375655502
GSPMDA,0.322219295,1,0.322219295,1
DGK1,2.018074815,0.302071471,2.150986262,0.271259508
DGK1_REV,2.018074815,0.302071471,2.205359127,0.237005823
DTMPK,0.949390007,0,0.949390007,5.55E-16
DTMPK_REV,0.949390007,0,0.949390007,5.55E-16
NDPK1,1.067594883,1.363619185,2.008047488,0.748368963
NDPK1_REV,1.067594883,1.363619185,2.036243588,0.843815334
TRDR,1.259846258,0.260643676,1.447329045,0.13251571
PGMT,1.533974492,0.580201303,2.225071041,0.088555934
PGMT_REV,1.533974492,0.580201303,2.21503592,0.098392058
RHCCE,-0.7217892,0.535868666,-0.253014821,0.092621902
KG6PDC,1.806179974,1,1.806179974,1
BETALDHx,1.041392685,1,1.041392685,1
BETALDHy,1.041392685,1,1.041392685,1
MLTG3,0.963405339,1.885092461,2.520029872,0.160049078
NADTRHD,1.815425706,0.846888809,2.395044559,0.057889556
FMNRx2,1.531478917,1,1.531478917,1
ACPS1,-1.169125658,1.09321865,0.384049991,0.093654782
GMPS2,0.484299839,1,0.484299839,1
AMPN,1.046710843,0.745680847,1.434464883,0.63693542
ADCS,-0.565532152,0.947077486,0.179300871,0.243939903
UMPK,2.539759852,0.213508516,2.708280156,0.076515423
UMPK_REV,2.539759852,0.213508516,2.666861328,0.146523925
DDPGALA,-0.026872146,1,-0.026872146,1
DDPGALA_REV,-0.026872146,1,-0.026872146,1
UPPRT,0.260241766,0.44732841,0.483905971,0.387397767
CTPS2,0.561919685,0.617101759,1.137654525,0.025639141
NTD1,0.373908656,1.289831762,2.860660622,0.080558968
NTD7,0.750755012,1.33923132,2.854401974,0.109361968
PAPPT3,0.726727209,1,0.726727209,1
UAGPT3,0.131864875,0.516686881,0.805466728,0.457426159
GLYCLTDx,3.630653651,2.508542666,5.513308794,0.711069902
HPYRRy,5.066785843,0.549846037,5.726823269,0.219182105
ACODA,3.579783597,1,3.579783597,1
ADA,1.06069784,1,1.06069784,1
DADA,1.06069784,1,1.06069784,1
ADD,1.62081216,0.607199375,2.147502137,0.234560544
ADSS,0.029917714,0.247308407,0.290375345,0.227329445
AGDC,2.144682976,0.103290291,2.202525538,0.085575242
ASNN,1.656927921,1.346686001,2.925735041,0.630600994
ASNS2,0.46834733,1,0.46834733,1
ASPCT,2.120136055,0.5,2.430136055,0.392300905
MCOATA,0.471677632,2.680418296,2.954175171,0.609278427
MCOATA_REV,0.471677632,2.680418296,3.017648747,0.336072412
DAPE,2.10720997,1,2.10720997,1
DAPE_REV,1.255850421,1.2108798,2.030811965,0.301090287
HSK,1.26245109,1,1.26245109,1
SDPTA,1.380211242,1,1.380211242,1
SDPTA_REV,1.380211242,1,1.380211242,1
THRS,0.456157613,0.405361913,0.788404814,0.143778753
HSST,1.564902673,0,1.564902673,4.44E-16
PPNDH,3.286007122,1,3.286007122,1
DDPA,1.063069053,0.674694204,2.004305132,0.224933147
NMNDA,0.307398833,0.421848054,0.572247792,0.04667075
NNAM,0.626635638,0.318483856,0.898570245,0.270824568
P5CD,0.771569898,0.489152502,1.209593934,0.325175883
SPMDAT1,-0.399992419,0.412885899,-0.071563088,0.101358251
SPMDAT2,-0.399992419,0.412885899,-0.073766443,0.131833853
MALS,1.455231361,0.11825873,1.601696802,0.114958773
TRE6PP,1.167160515,0.002807659,1.168227425,0.002597047
ADPRDP,1.016421969,0.544153701,1.920258094,0.280258582
ARAI,1.286544456,1.268272426,3.118348282,0.623140987
ARAI_REV,2.38327665,1,2.38327665,1
GALS3,1.758675983,0.886082112,3.417713615,0.176336519
FCI,-1.140665717,0.401452386,-0.923881429,0.337888429
FCI_REV,-1.140665717,0.401452386,-0.931910477,0.342907083
FCLPA,1.278753601,1,1.278753601,1
FCLPA_REV,1.285557309,1,1.285557309,1
GALUi,1.003873059,0.835960014,1.904903101,0.110435268
U23GAAT,1.066858976,0.417007542,1.335189639,0.150902578
UAAGDS,0.113943352,1,0.113943352,1
UAMAS,0,1,0,1
OP4ENH,1.741917767,0.682770968,2.34685908,0.366057446
HOPNTAL,0.697862037,1.043396037,2.470837748,0.16009383
AKGDH,1.680816702,1.327967347,2.599046578,0.169107245
HPYRRx,-0.602059991,1,-0.602059991,1
GLYCDx,0.401400541,0.124938737,0.468867459,0.105156564
ASP1DC,-0.187086643,1,-0.187086643,1
UHGADA,0.0836359,0.398224148,0.382674603,0.264211833
UAGAAT,1.021189299,1,1.021189299,1
UAGAAT_REV,1.021189299,1,1.021189299,1
ATPPRT,0.322556546,0.077653777,0.384718993,0.071474247
HISTD,0.161368002,1,0.161368002,1
IGPDH,3,1,3,1
PRPPS,1.228643556,0.815224082,1.724863027,0.199567453
PRPPS_REV,1.228643556,0.815224082,1.701919855,0.275143587
PRMICI,1.330243008,0.17490697,1.424692772,0.147213078
PRMICI_REV,1.330243008,0.17490697,1.417696493,0.15147388
SERAT,0.149166199,1.162687111,1.616655961,1.026780343
SERAT_REV,0.149166199,1.162687111,1.366232883,1.106692267
CYSS,1.608293491,0.549340447,2.126011267,0.427169652
BPNT,1.043907097,0.249212797,1.215625038,0.161444046
PAPSR,-0.474955193,1,-0.474955193,1
ASPK,1.575761534,0.177821525,1.661115866,0.15599722
ASPK_REV,1.011562814,0.772342562,1.646736548,0.191151181
ASAD,2.330082277,0.193539925,2.490218484,0.089973816
ASAD_REV,1.948411834,0.801234092,2.51851394,4.44E-16
DAPDC,1.022886345,0.171627997,1.118998023,0.142192526
METAT,0.072287104,0.103804155,0.13664568,0.081444928
ACBIPGT,-1.134044529,0.102527477,-1.066376394,0.077025367
ADOCBLS,-0.173925197,1,-0.173925197,1
ADOCBIK,-0.659646456,0.059320177,-0.612190314,0.035592106
HPPPNDO,0.773243498,0.498324831,1.198480358,0.425841141
DHCINDO,0.773243498,0.498324831,1.137606399,0.444630838
HKNDDH,-0.571333752,0.872363747,0.039320871,0.622992327
HKNTDH,-0.571333752,0.872363747,-0.257282803,0.813873767
GLYCK2,2.544068044,1,2.544068044,1
SULR,1.812913357,1,1.812913357,1
URDGLYCD,1.774928325,0.018850312,1.793107267,0.006587281
ACM6PH,0.755874856,1,0.755874856,1
NNATr,0.648332595,0.092030094,0.683304031,0.085126594
NNATr_REV,0.648332595,0.092030094,0.696188244,0.078609002
CYTDH,0.726044667,0.47858871,1.003543591,0.241106133
PSERT,0.396199347,1,0.396199347,1
AIRC2,1.39497672,1,1.39497672,1
GAPD,1.348863101,0.536666371,1.8441325,0.005490296
GAPD_REV,1.348863101,0.536666371,1.844454346,0.004505856
HEX1,2.289697422,0.323086435,2.457702368,0.275969532
GND,1.928137817,0.583745544,2.243360411,0.491318203
TAUDO,0.477121255,1,0.477121255,1
ME2,2.764922985,1,2.764922985,1
CBPS,0.973127854,1,0.973127854,1
IPPS,0.854319556,0.223584334,1.026042533,0.145931519
ACOATA,-1.268528524,1.550777505,-0.071150542,1.042106035
ACOATA_REV,-0.8197543,1.026151796,1.415000918,0.051955734
MLTG1,1.692128794,0.654653138,2.446817055,0.306614813
AMALT3,1.929809289,0.587386609,2.188259397,0.527471866
MLTP3,1.438678125,0.723173003,2.201659916,0.507994153
MLTP3_REV,1.101366729,0.488582872,1.44337474,0.348917961
AHCYSNS,-0.706870076,1.488379399,0.696470731,0.256483765
NTPP4,1.0877497,0.905845003,1.88604592,0.139562977
NTPP3,1.0877497,0.905845003,1.855056781,0.144653518
NTPP6,1.80559603,0.172127575,1.888217266,0.151002097
NTPP7,1.80559603,0.172127575,1.898544921,0.144873758
NTPP8,1.80559603,0.172127575,1.908872575,0.13770206
P5CR,2.654850091,1,2.654850091,1
CYANST,2.50851667,0.093543322,2.553417464,0.082062608
GMAND,0.548146196,0.400448563,0.82630531,0.203980046
PPCSCT,1.152288344,1,1.152288344,1
CYTD,0.681241237,1,0.681241237,1
DCYTD,0.612654641,0.068586597,0.644204475,0.060899336
DCTPD,0.093421685,1,0.093421685,1
G1PACT,2.592731352,0.478312028,2.91065597,0.142051425
CSND,2.267171728,1,2.267171728,1
GF6PTA,1.231707576,0.003820871,1.233847264,0.003165563
GLUCYS,2.065138474,1.64046577,3.894183884,0.011255511
GLUN,0.959065756,1.271538185,2.733029135,0.61582798
GMPR,-0.552841969,1,-0.552841969,1
NADS1,-0.460705235,0.797982185,0.453781764,0.100979012
OCBT,3.531478917,1,3.531478917,1
OCBT_REV,1.954242509,1,1.954242509,1
GARFT,0.276892823,1.338579129,1.532640557,0.164066293
GARFT_REV,0.276892823,1.338579129,1.545274118,0.156714407
GPDDA1,-0.298231191,1.391558698,1.798759475,0.725935616
GPDDA2,-0.298231191,1.391558698,1.714517697,0.755782081
PHETA1,1.270102662,1.43839022,2.829713445,0.358241831
PHETA1_REV,1.986101419,0.839973384,2.305291305,0.776964029
PPND,1.751913923,0.437453804,2.166327581,0.121211127
TRPS1,1.244118385,0.325903839,1.496711938,0.27700639
MCITL2,1.626575499,0.304898675,1.851645803,0.239305745
MCITL2_REV,1.626575499,0.304898675,1.861674889,0.255108429
SOTA,0.477121255,1,0.477121255,1
PTA2,2.101338031,0.81284297,3.086667681,0.285600346
ACOTA,0.190331698,1,0.190331698,1
ACOTA_REV,0.052072775,0.138258923,0.123967415,0.118096107
PPBNGS,1.206825876,1,1.206825876,1
PPNCL2,0.108652921,0.250350465,0.316619569,0.233802516
PRFGS,-1.301029996,1,-1.301029996,1
ETHAAL,2.313426707,0.573064018,2.588497436,0.502731004
AP4AH,2.397940009,1,2.397940009,1
AP5AH,-0.129072048,0.664711786,0.360565184,0.414222724
ADNCYC,0.121897144,2.480401148,2.25806519,1.791908538
MI1PP,0.994101888,0.741459379,2.314694809,0.292726455
MCITS,0.916453949,1,0.916453949,1
PPAKr,1.970689117,0.111311925,2.074350676,0.010988357
PPAKr_REV,1.970689117,0.111311925,2.075655816,0.009878357
NTP3,-0.296763215,0.35594546,0.305294951,0.080055348
PPM2,1.008600172,1,1.008600172,1
PPM2_REV,1.008600172,1,1.008600172,1
G6PDH2r,3.297610283,0.246457761,3.425768319,0.210515904
G6PDH2r_REV,2.984680326,0.506256188,3.764693755,0.191776181
MOHMT,-0.107071818,0.00083358,-0.106855087,0.000804912
GMPS,0.408141859,0.054280145,0.460501311,0.044891412
FTHFLi,0.783903579,1,0.783903579,1
UDPGD,-0.931814138,1,-0.931814138,1
GLCRD,1.387258483,0.156809561,1.468799455,0.133941437
CHRPL,-0.218556309,0.449005231,0.086767248,0.329216073
TDPAGTA,-0.420216403,1,-0.420216403,1
FBA3,-2.522878745,1,-2.522878745,1
FBA3_REV,-2.698970004,1,-2.698970004,1
PMPK,-1.123928274,0.043803407,-1.087069588,0.041253182
LCADi,0.638459544,1.129831433,2.171890555,0.928507563
GLUDC,0.61456384,1.158197807,1.193662744,1.003028723
ADSK,0.326606257,1.372363747,0.957893581,1.21854773
HSDy,1.380211242,1,1.380211242,1
HSDy_REV,1.380211242,1,1.380211242,1
CYSTL,1.656098202,1,1.656098202,1
SHSL1,1.359932725,1.095600614,2.060274837,0.076336931
SSALy,1.013103149,0.341005291,1.156325371,0.309470521
NTP3pp,-0.296763215,0.35594546,0.30580075,0.086624187
THD2pp,2.33551466,0.080410784,2.38967375,0.049290325
ACACT7r,3.401734788,2.334710817,5.302165887,2.185958056
ACACT7r_REV,3.401734788,2.334710817,5.398083487,2.139429675
PSP_L,-0.823908741,1,-0.823908741,1
ACACT2r,3.401734788,2.334710817,5.392084575,2.149617411
ACACT2r_REV,3.401734788,2.334710817,5.541959888,2.059315104
ACACT3r,3.401734788,2.334710817,4.912496573,2.331815544
ACACT3r_REV,3.401734788,2.334710817,5.299166431,2.190820408
ACACT4r,3.401734788,2.334710817,4.717661917,2.377594931
ACACT4r_REV,3.401734788,2.334710817,5.149291118,2.259865678
AHGDx,1.522444234,1,1.522444234,1
AHGDx_REV,1.522444234,1,1.522444234,1
GTPCI,-2.728030116,0.207305928,-2.555088684,0.164217612
FDMO,-0.065501549,1,-0.065501549,1
CBL1abcpp,0.1430148,1,0.1430148,1
CHOLD,1.749244152,0.915639519,3.448541136,0.294285479
DRPA,1.883541265,0.734647837,2.574168908,0.335752835
NTD8pp,0.373908656,1.289831762,2.828977688,0.184138392
TREHpp,2.298853076,1,2.298853076,1
ATPS4rpp,1.252574989,0.048455007,1.275833392,0.04250805
ATPS4rpp_REV,1.760298298,0.611189234,2.538003478,0.082606323
ACGAMK,1.812913357,1,1.812913357,1
METS,0.920645001,1,0.920645001,1
TRSARr,2.385606274,1,2.385606274,1
TRSARr_REV,2.385606274,1,2.385606274,1
CBIuabcpp,0.1430148,1,0.1430148,1
URIH,1.035429738,1,1.035429738,1
XTSNH,1.792391689,1,1.792391689,1
INSH,0.380165427,1.334030049,1.652555542,0.160203997
MTHFR2,1.041392685,0.698970004,1.293021887,0.652105675
ASPO6,0.341623784,0.77668586,0.931732053,0.209512643
ACACT5r,3.401734788,2.334710817,4.660704748,2.396461559
ACACT5r_REV,3.401734788,2.334710817,5.251207631,2.21204269
DHPS2,-0.962573502,1,-0.962573502,1
ALKP,1.092264763,1.429891131,3.970638139,0.654763336
ACACT6r,3.401734788,2.334710817,4.813579517,2.358777819
ACACT6r_REV,3.401734788,2.334710817,5.191251006,2.250470123
GLYOX3,0.416640507,1,0.416640507,1
FDMO4,-0.065501549,1,-0.065501549,1
ALAGLUE,0.424210897,0.811810735,1.159305018,0.162084485
ALAGLUE_REV,0.424210897,0.811810735,1.183641316,0.113854509
CYANSTpp,2.50851667,0.093543322,2.559030063,0.078732141
MCPST,1.096910013,1,1.096910013,1
NODOy,2.372576448,0.453498355,2.626535526,0.375720035
NODOx,2.372576448,0.453498355,2.572115724,0.407240513
42A12BOOXpp,0.855861446,0.577107845,1.06362027,0.538414093
TYROXDApp,0.901711486,0.30511439,1.060370969,0.260618418
METSOXR1,0.981792983,0.464851296,1.637386374,0.416443427
METSOXR2,0.981792983,0.464851296,1.687023259,0.397058213
DAPAL,1.633364723,0.552939397,2.35960697,0.347485578
AMPTASECG,1.241572271,1.069378153,2.975684647,0.006030444
LACZpp,2.128087029,0.708912562,3.427401024,0.121064954
GPDDA1pp,-0.298231191,1.391558698,1.665637522,0.766671292
FLVR,1.271222315,0.778101654,1.838296541,0.021563736
FDMO2,-0.065501549,1,-0.065501549,1
UDPGALPpp,1.984135206,0.739138252,2.946390309,0.365931175
UACGAMPpp,1.984135206,0.739138252,2.876539952,0.402217675
UACGALPpp,1.984135206,0.739138252,2.886229016,0.4112188
FEROpp,0.581634818,0.851447167,1.251177007,0.214613904
ACGAL1PPpp,1.659512942,0.47843008,2.122438459,0.051546321
CBLAT,-1.41195437,0.190105621,-1.290286773,0.146072389
CBLAT_REV,-1.79866742,0.401450735,-1.297723542,0.111562401
TDP,-0.361049688,0.330359995,0.162250524,0.093413848
ARABDI,-1.140665717,0.401452386,-0.907823333,0.327029727
ARABDI_REV,-1.140665717,0.401452386,-0.939939524,0.347667965
PSP_Lpp,-0.823908741,1,-0.823908741,1
PAPSR2,-0.474955193,1,-0.474955193,1
FACOAE160,-0.926425944,1.544462916,1.613632775,0.677761203
FACOAE140,-0.926425944,1.544462916,1.63028512,0.576779071
PPGPPDP,0.477121255,1,0.477121255,1
GUACYC,0.121897144,2.480401148,2.508377153,1.646118501
23PDE2pp,0.407505908,1.049145085,1.600227253,0.356686701
23PDE4pp,0.407505908,1.049145085,1.535545461,0.384066075
23PDE9pp,0.407505908,1.049145085,1.702453753,0.301960766
SARCOX,0.910412741,0.64893069,1.640634792,0.585612545
GDPDPK,1.630468622,0.508910795,1.967873624,0.263804544
GGPTRCS,0.773786445,1,0.773786445,1
ASNNpp,1.656927921,1.346686001,3.032343001,0.597951674
GLUNpp,0.959065756,1.271538185,2.699292759,0.650403183
DNTPPA,0.349496656,0.744761659,0.894107116,0.364591849
NTPP9,1.80559603,0.172127575,1.853791751,0.165242472
NTD10pp,0.750755012,1.33923132,2.827941712,0.184082131
NTD1pp,0.373908656,1.289831762,2.834212639,0.167396996
NTD2pp,0.750755012,1.33923132,2.85028369,0.134304441
NTD3pp,0.373908656,1.289831762,2.858424839,0.108656468
NTD4pp,0.750755012,1.33923132,2.811480857,0.237479843
NTD5pp,0.373908656,1.289831762,2.804801036,0.269917886
NTD6pp,0.373908656,1.289831762,2.841724037,0.153168979
NTD7pp,0.750755012,1.33923132,2.854603705,0.109403604
NTD9pp,0.750755012,1.33923132,2.859637242,0.111428894
PEAMNOpp,0.630786822,0.765545597,1.3157781,0.014581257
ARGDCpp,0.021110212,0.946096727,0.914739653,0.26853425
ALLPI,2.949177994,1.256079006,4.620578766,0.199088115
ALLPI_REV,2.949177994,1.256079006,4.584026029,0.197745725
GPDDA3pp,0.447158031,0,0.447158031,1.67E-16
GPDDA4pp,0.51851394,0,0.51851394,2.22E-16
GPDDA2pp,-0.298231191,1.391558698,1.684903189,0.759027422
HCYSMT2,-0.420216403,1,-0.420216403,1
ACGK,1.630278953,0.023897588,1.643183651,0.020113764
GLBRAN2,-0.823908741,1,-0.823908741,1
ASR,-0.807502733,0.215967783,-0.5929151,0.142418836
FALDH2,-0.193950362,1.04133523,1.518074181,1.032754016
FALDH2_REV,-0.193950362,1.04133523,1.175159704,1.127509449
CBIAT,-1.79866742,0.401450735,-1.30253427,0.120003006
CBIAT_REV,-1.79866742,0.401450735,-1.313714087,0.122168294
PPA2,1.726964796,2.170662295,2.595229714,1.989444855
3NTD7pp,0.521727566,0.761018435,1.007898765,0.066393961
3NTD4pp,0.521727566,0.761018435,1.019460871,0.040687189
3NTD2pp,0.521727566,0.761018435,1.015667769,0.048588526
3NTD9pp,0.521727566,0.761018435,1.017119697,0.04861243
23PDE7pp,0.407505908,1.049145085,1.564037415,0.353448612
HSTPT,0.305900442,1.886202933,3.14263376,0.56255468
MEPCT,0.842422681,0.842422681,1.381573197,0.64729645
GLUDy,0.522444234,1,0.522444234,1
GLUDy_REV,2.26245109,1,2.26245109,1
GLYCLTDy,5.380813592,0.5,5.710813592,0.375632799
LYSDC,1.477121255,1,1.477121255,1
NTPP5,1.80559603,0.172127575,1.888217266,0.151002097
ATPM,-0.083851366,1.09829463,2.569840368,0.202834784
NADPPPS,1.092264763,1.429891131,4.004376223,0.576631222
NTD3,0.373908656,1.289831762,2.824360524,0.213738467
GLYOX,2.596487134,1,2.596487134,1
GTPDPDP,0.320400363,0.832561083,1.019146484,0.042049874
RNDR2,1.11058971,1,1.11058971,1
XAND,1.503515003,0.781982732,1.965952249,0.396659592
HACD3,-0.468578575,2.6229202,2.420448264,2.755920146
HACD3_REV,-0.468578575,2.6229202,2.876051499,2.609245055
NNDMBRT,1.181787185,1.011878308,1.899861845,0.547956067
OMCDC,1.238397799,0.63434025,2.010767735,0.055855468
ABUTD,0.852461997,0.867499855,2.240349715,0.332956818
E4PD,2.301029996,1,2.301029996,1
E4PD_REV,2.26445835,0.036571646,2.28201274,0.032083152
DADK,0.821108565,1.690774796,1.734126955,1.423065997
DADK_REV,0.821108565,1.690774796,1.734126955,1.423065997
DUTPDP,1.310625112,0.678801231,1.87729251,0.163861121
NTP5,-0.310561357,0.335542736,0.193258097,0.046838317
MTAN,0.062766809,1.04864875,1.267357827,0.102885897
DPR,1.397940009,1,1.397940009,1
DHFR,1.264604724,0.630232335,2.076222658,0.164939164
DHFR_REV,1.268179124,0.94148526,2.275206677,0.087704714
PRAIi,1.630698201,0.425189317,1.979157152,0.238757992
TYRTA,1.674345054,1.362070744,3.170761642,0.439079
TYRTA_REV,1.986101419,0.839973384,2.540483852,0.631043107
SHKK,1.554282512,0.223868739,1.657262132,0.198777287
GLUSy,1.50475881,0.078084768,1.579075011,0.057638317
GUAPRT,0.52481939,1.370426863,1.961726373,0.336906875
PDH,0.66137168,1.56162995,2.340113008,0.778469145
NTD8,0.373908656,1.289831762,2.789095158,0.32385644
GALCTD,0.452603835,0.841597954,1.133995147,0.287018922
MLTG4,1.692128794,0.654653138,2.499983628,0.233550612
UDPGDC,-0.520002581,0.025152559,-0.507426301,0.021782755
PUNP4,1.693262912,0.351590172,1.986450577,0.188490228
PUNP4_REV,1.294299518,1.355893627,4.284589733,0.247405424
AMAOTr,-0.688129435,0.712690409,-0.040840871,0.096344169
AMAOTr_REV,-0.959655046,0.837404756,-0.147280712,0.325710056
NTD11pp,0.750755012,1.33923132,2.83037245,0.201540034
ACGS,-0.657577319,1,-0.657577319,1
PDE1,-2.73099577,0.352180248,-2.340582767,0.202877968
ALAALAr,0.920341601,0.673315436,1.549593921,0.331890389
ALAALAr_REV,0.800791754,0.594807091,1.546037863,0.270017717
ACACT1r,3.401734788,2.334710817,5.194250462,2.245881056
ACACT1r_REV,3.401734788,2.334710817,5.395084031,2.14453169
SUCOAS,1.316141065,0.497481926,1.769158883,0.114238476
SUCOAS_REV,2.303196057,1,2.303196057,1
NTP1,-0.083851366,1.09829463,2.581910009,0.158227019
GALKr,1.290496682,0.873856174,1.727424769,0.756781646
GALKr_REV,0.198680476,1.179134641,2.080727724,0.345055072
PANTS,0.235183501,0.148752487,0.399985484,0.171582692
DHQS,1.424333757,2.135997409,3.010315446,1.939312195
PGCD,2.706069058,0.732348641,3.474625874,0.221949067
ADSL1r,-0.304784237,0.517422543,0.064382892,0.283841581
ADSL1r_REV,-0.304784237,0.517422543,0.074620559,0.333873288
SERD_D,1.195899652,1,1.195899652,1
PFK,1.77815125,1,1.77815125,1
PGM,3.505149978,0,3.505149978,1.33E-15
PGM_REV,3.505149978,0,3.505149978,1.33E-15
TPI,2.86332286,1,2.86332286,1
TPI_REV,3.954651726,0.708903733,4.639033151,0.316074389
RPI,2.949177994,1.256079006,4.624493867,0.173925928
RPI_REV,4.596926814,1,4.596926814,1
PERD,0.146128036,1,0.146128036,1
PERD_REV,0.075366018,0.057727155,0.130668577,0.029435565
PYDAMK,-0.15490196,1,-0.15490196,1
FADRx2,1.271222315,0.778101654,1.834760744,0.03441614
PDE4,-2.659312521,0.359647352,-2.333834921,0.191124894
ATHRDHr,0.760422483,1,0.760422483,1
ATHRDHr_REV,0.537269985,0.228072842,0.789155901,0.051902358
LSERDHr,0.62324929,1,0.62324929,1
LSERDHr_REV,0.691835887,0.068586597,0.730244381,0.056823488
OBTFL,0.871848933,0.235361037,0.984822231,0.206474821
MMCD,-1.420216403,1,-1.420216403,1
GLNS,0.477121255,1,0.477121255,1
GTHS,0.644977213,0.019664762,0.65520289,0.016796976
AMALT2,1.929418926,0.698970004,2.362780328,0.54841313
MLTP1,1.219603923,0.406358604,1.584166995,0.240873345
MLTP1_REV,0.77815125,1,0.77815125,1
HXAND,-0.124938737,1,-0.124938737,1
UDPGPpp,1.939500412,0.650482733,2.866736245,0.41070088
PPPGO,-1.882728704,1,-1.882728704,1
CYSSADS,1.179172291,1.158526461,2.099573889,0.878739197
CPPPGO2,2.954242509,1,2.954242509,1
SUCBZL,0.418301291,0,0.418301291,5.55E-17
CYSDDS,1.857332496,1,1.857332496,1
LALDO3,-0.070581074,1,-0.070581074,1
NTP10,0.009198071,0.126713549,0.121176472,0.09494968
GPDDA4,0.51851394,0,0.51851394,2.22E-16
LPLIPAL2E180,3.08892253,0.147150479,3.206835736,0.135817881
AACPS6,-1.795880017,1,-1.795880017,1
IPDDI,0.545851061,0.70700197,0.998332322,0.543242574
IPDDI_REV,0.545851061,0.70700197,0.913492085,0.603897229
PLIPA1E160pp,-1.244125144,1,-1.244125144,1
AACPS8,-1.795880017,1,-1.795880017,1
HXCT,2.462397998,1,2.462397998,1
DURADx,-0.187086643,1,-0.187086643,1
DURADx_REV,-0.193820026,1,-0.193820026,1
G1PPpp,2.114776932,0.04659107,2.141799753,0.037953853
HISTP,1.84648199,1.400502641,2.9452677,0.759579314
LDH_D,1.993723037,0.874653057,3.895844782,0.624472926
LDH_D_REV,2.452715221,0.850173095,3.755270322,0.903406255
AMALT4,1.912648132,0.570225451,2.163547331,0.512061185
NTD11,0.750755012,1.33923132,2.844887354,0.155179812
ORNDC,-0.249696479,0.694296818,0.744716029,0.198787231
KAS15,-1.255724642,1.899177318,-0.192185344,1.573454368
3OAS161,-1.096910013,1,-1.096910013,1
EAR141y,1.130783926,0.846561996,2.038149045,0.233826639
EAR161x,0.706171054,1.057906526,1.845046177,0.179414093
FACOAE180,-0.926425944,1.544462916,1.54483109,0.785114051
FACOAE100,-0.926425944,1.544462916,1.627071074,0.649252603
3OAS141,-1.096910013,1,-1.096910013,1
3OAR121,0.879769383,0.851490296,1.882863199,0.3252752
CFAS160G,1.17121134,0.82878866,1.535878351,0.74425037
ALAALAD,0.838535425,1.608408752,2.781025425,0.219145926
PGPP160pp,1.380211242,1,1.380211242,1
PGPP180pp,1.380211242,1,1.380211242,1
PLIPA1E180pp,-1.244125144,1,-1.244125144,1
ACGAM1PPpp,1.659512942,0.47843008,2.120420554,0.050792411
AACTOOR,0.630786822,0.765545597,1.314233641,0.019327296
FMNRx,1.190331698,1,1.190331698,1
DHBS,0.740362689,1,0.740362689,1
MDDCP1pp,0.17608009,1.042280726,2.280018751,0.416184449
GUI2,0.380211242,1,0.380211242,1
GUI2_REV,1.129490219,0.8335496,1.856594072,0.718452172
GLYCK,2.544068044,1,2.544068044,1
MLTG5,1.692128794,0.654653138,2.453687415,0.297971223
GPDDA3,0.447158031,0,0.447158031,1.67E-16
SFGTHi,1.45484486,1,1.45484486,1
DHORDfum,1.313631708,0.882267944,1.719474963,0.783382396
THIORDXi,0.505149978,1,0.505149978,1
PPPGO3,-1.882728704,1,-1.882728704,1
PDX5POi,-1.059593204,0.940406796,-0.608197942,0.824989248
LPLIPAL2A141,3.08892253,0.147150479,3.201062268,0.138040701
EAR141x,0.706171054,1.057906526,1.871738758,0.168952921
EAR181x,0.706171054,1.057906526,1.881567006,0.155592951
EAR181y,1.130783926,0.846561996,2.019339716,0.238699392
FACOAE120,-0.926425944,1.544462916,1.612269816,0.655622861
3OAR120,0.879769383,0.851490296,1.900244402,0.308780555
3OAR120_REV,0.879769383,0.851490296,1.940895648,0.246780104
EAR180x,0.706171054,1.057906526,1.884875714,0.146489959
EAR180y,1.130783926,0.846561996,2.06620521,0.180639483
PGPP120,1.380211242,1,1.380211242,1
LALDO2x,5.066785843,0.549846037,5.763734747,0.194698757
ACONTb,0.716003344,1,0.716003344,1
ACONTb_REV,0.041392685,1,0.041392685,1
GLCP2,1.308552615,0.394738763,1.513816772,0.337172533
ASNS1,0.626125455,0.157778124,0.69554783,0.141684404
3OAR181,0.879769383,0.851490296,1.917625605,0.29031482
EAR121y,1.130783926,0.846561996,2.064071992,0.171386061
GTHRDHpp,1.095169351,1,1.095169351,1
MDDCP2pp,0.17608009,1.042280726,2.282331354,0.473474072
MDDCP3pp,0.17608009,1.042280726,2.236970014,0.496404114
3OAS181,-1.562915593,0.145005088,-1.357867244,0.057133917
EAR161y,1.130783926,0.846561996,2.057754618,0.180791721
MLDCP1App,2.204119983,1,2.204119983,1
EAR160y,1.130783926,0.846561996,2.068113355,0.170786783
3OAR141,0.879769383,0.851490296,1.90795353,0.302959112
3OAR161,0.879769383,0.851490296,1.911879423,0.290162246
EAR121x,0.706171054,1.057906526,1.851884618,0.202004729
LPLIPAL1A141pp,3.08892253,0.147150479,3.210574209,0.133171376
LPLIPAL1A180pp,3.08892253,0.147150479,3.211000078,0.132449292
ACONTa,0.72427587,1,0.72427587,1
ACONTa_REV,0.716003344,1,0.716003344,1
MLDCP2App,2.204119983,1,2.204119983,1
PGPP120pp,1.380211242,1,1.380211242,1
PGPP181pp,1.380211242,1,1.380211242,1
MDDCP5pp,0.17608009,1.042280726,2.274130852,0.431178093
MLDCP2Bpp,2.204119983,1,2.204119983,1
3OAR140,0.879769383,0.851490296,1.909916477,0.29663619
3OAR140_REV,0.879769383,0.851490296,1.931223573,0.262396813
3OAR160,0.879769383,0.851490296,1.931223573,0.262396813
3OAR160_REV,0.879769383,0.851490296,1.931223573,0.262396813
PGPP160,1.380211242,1,1.380211242,1
PGPP180,1.380211242,1,1.380211242,1
PGPP161,1.380211242,1,1.380211242,1
PGPP181,1.380211242,1,1.380211242,1
MDDCP4pp,0.17608009,1.042280726,2.256676028,0.417146375
CFAS160E,1.17121134,0.82878866,1.734787629,0.607677883
CFAS180E,1.17121134,0.82878866,1.535878351,0.74425037
CFAS180G,1.17121134,0.82878866,1.618757217,0.697562421
3OAR60,0.879769383,0.851490296,1.969911872,0.189533185
3OAR60_REV,0.879769383,0.851490296,1.950567723,0.229699051
3OAR80,0.879769383,0.851490296,1.950567723,0.229699051
3OAR80_REV,0.879769383,0.851490296,1.931223573,0.262396813
MLDCP3App,2.204119983,1,2.204119983,1
MLDCP1Bpp,2.204119983,1,2.204119983,1
LPLIPAL2E160,3.08892253,0.147150479,3.214312681,0.130364035
PGPP161pp,1.380211242,1,1.380211242,1
EAR160x,0.706171054,1.057906526,1.862397642,0.176164394
3OAS121,-1.096910013,1,-1.096910013,1
3OAR40,0.879769383,0.851490296,1.921551498,0.276797141
3OAR40_REV,0.879769383,0.851490296,1.931223573,0.262396813
3OAR100,0.879769383,0.851490296,1.921551498,0.276797141
3OAR100_REV,0.879769383,0.851490296,1.969911872,0.189533185
3OAS180,-1.096910013,1,-1.096910013,1
LPLIPAL1A120pp,3.08892253,0.147150479,3.202765745,0.135344981
LPLIPAL1A140pp,3.08892253,0.147150479,3.222121144,0.127400179
3OAR180,0.879769383,0.851490296,1.902207348,0.302629315
3OAR180_REV,0.879769383,0.851490296,1.871228177,0.340998606
NADHPO,1.872385418,0.048259584,1.89651521,0.041794025
NADH16pp,2.19699124,0.941460855,3.077366501,0.172812387
NADH18pp,2.19699124,0.941460855,3.041026702,0.190834209
OXCDC,1.863835682,0.080646991,1.907385057,0.067877751
LPLIPAL2A140,3.08892253,0.147150479,3.222121144,0.127400179
LPLIPAL2A160,3.08892253,0.147150479,3.213886812,0.131108366
LPLIPAL2A180,3.08892253,0.147150479,3.212609204,0.133308262
PLIPA1A120pp,-1.244125144,1,-1.244125144,1
PLIPA1A140pp,-1.244125144,1,-1.244125144,1
PLIPA1A141pp,-1.244125144,1,-1.244125144,1
PLIPA1A160pp,-1.244125144,1,-1.244125144,1
PLIPA1A180pp,-1.244125144,1,-1.244125144,1
LPLIPAL2A120,3.08892253,0.147150479,3.210148339,0.133888211
NADH17pp,2.19699124,0.941460855,3.039179257,0.198600283
DTARTD,1.29666519,1,1.29666519,1
LPLIPAL1A160pp,3.08892253,0.147150479,3.210574209,0.133171376
THRA,0.271841607,1,0.271841607,1
GLDBRAN2,-0.823908741,1,-0.823908741,1
HACD8,-0.468578575,2.6229202,2.755691931,2.664041111
HACD8_REV,-0.468578575,2.6229202,2.689525743,2.697924213
CTECOAI8,1.799340549,1,1.799340549,1
CTECOAI8_REV,1.799340549,1,1.799340549,1
CTECOAI6,1.799340549,1,1.799340549,1
CTECOAI6_REV,1.799340549,1,1.799340549,1
CDGR,-1.000886311,0.177690899,-0.866208023,0.028836059
MSAR,-0.677780705,0,-0.677780705,2.22E-16
SHCHCS3,2.195016903,0.027699568,2.20609673,0.025387074
SEPHCHCS,-0.761246524,0.313589623,-0.572931541,0.105971763
FORCT,0.66621923,0.032750774,0.685214679,0.02667932
FORCT_REV,0.654779857,0.026756202,0.679814552,0.023139564
HADPCOADH3,-0.468578575,2.6229202,3.055017181,2.58652114
HADPCOADH3_REV,-0.468578575,2.6229202,3.079340677,2.54481745
CTECOAI7,1.799340549,1,1.799340549,1
CTECOAI7_REV,1.799340549,1,1.799340549,1
EPMEACPR,1.130783926,0.846561996,2.025224015,0.282274486
AOXSr2,-1.688375355,0.466526605,-1.44578152,0.398491286
EGMEACPR,1.130783926,0.846561996,2.055478607,0.189249464
PMEACPE,0.789584822,0.38652961,1.180857331,0.157827283
CDGS,0.73239376,1,0.73239376,1
THFAT,1.223488785,0.118439857,1.309523563,0.016781287
FOMETRi,1.223488785,0.118439857,1.310953578,0.015435721
GDPTPDP,0.477121255,1,0.477121255,1
LIPATPT,-0.835920373,0.297210743,-0.611404255,0.041203125
ALDD19xr,1.985875357,1,1.985875357,1
ALDD19xr_REV,0.477972764,1.378110655,1.875354548,0.168142251
3OXCOAT,0.892094603,1,0.892094603,1
APCS,0.251076946,1.104948911,0.759353445,0.981105038
GHBDHx,3.123524981,1,3.123524981,1
GHBDHx_REV,3.123524981,1,3.123524981,1
APPLDHr,-1.698970004,1,-1.698970004,1
APPLDHr_REV,-1.698970004,1,-1.698970004,1
DHNPA2r,-1.662173103,0.516260855,-1.078950541,0.105812315
DHNPA2r_REV,-1.662173103,0.516260855,-1.079409251,0.069471035
PYK2,3.505692507,1,3.505692507,1
PYK3,3.505692507,1,3.505692507,1
PYK4,3.505692507,1,3.505692507,1
DHPTDNR,1.301029996,1,1.301029996,1
DHPTDNRN,1.301029996,1,1.301029996,1
PCNO,1.77815125,0.102012051,1.859361429,0.07149946
PCNO_REV,1.77815125,0.102012051,1.864358979,0.060424383
CYSTA,1.755272505,0.323908741,1.9366614,0.268355997
ACOAD1f,0.301029996,1,0.301029996,1
QUINDH,1.57634135,1,1.57634135,1
SHCHD2,0.985422607,1.0766443,3.710333081,0.363107355
G5SD,0.964934541,1.109275369,4.590522696,0.599952983
APRAUR,1.181547501,1.248296108,5.727148253,0.263397001
DB4PS,-0.348280178,1.345764926,1.585934948,0.160018624
UPPDC1,0.95144274,1.210426259,3.759830438,0.205683871
IMPC,0.358726717,1.359273849,2.739399113,0.116280855
IMPC_REV,0.358726717,1.359273849,2.729726646,0.142448135
ECOAH4,1.367653533,1.738420325,6.519583916,0.273701799
ECOAH4_REV,1.367653533,1.738420325,6.497842108,0.291221137
TMPPP,-0.279806329,1.561710059,2.903465034,0.0724408
IPPMIb,1.367653533,1.738420325,6.339600049,0.377712515
IPPMIb_REV,1.367653533,1.738420325,6.363100971,0.392281081
ECOAH6,1.367653533,1.738420325,6.534144972,0.260205211
ECOAH6_REV,1.367653533,1.738420325,6.585208449,0.197515785
PGL,1.244968471,1.456722069,4.440185618,0.239759972
TKT1,0.09158016,1.228029713,2.028512973,0.113433117
TKT1_REV,1.113943352,1,1.113943352,1
FMNAT,0.409691186,1.167472543,2.747517526,0.182065059
PTRCTA,0.710828841,1.014162965,2.438070445,0.036921175
DHAD2,1.367653533,1.738420325,6.299234034,0.375304918
FRD3,1.454902359,0.738005881,2.318255199,0.419195933
MOAT,0.380197967,0.9585964,1.695509637,0.088184136
USHD,0.702544969,1.380360975,3.731203546,0.285050909
LPADSS,1.029222445,1.003243657,3.194688123,0.236798616
TMDK1,0.505632993,1.069647604,3.965686376,0.02120704
PPCDC,0.95144274,1.210426259,3.762170654,0.191865209
FTHFD,1.088424481,1.223249557,3.926729334,0.211214191
EDD,1.367653533,1.738420325,6.347020915,0.373292586
DHAD1,1.367653533,1.738420325,6.335193958,0.3815584
IPPMIa,1.367653533,1.738420325,6.385851117,0.351364153
IPPMIa_REV,1.367653533,1.738420325,6.375986072,0.367188684
G3PD7,1.168718563,1.286201015,3.358327118,0.386634359
GLCS1,1.029222445,1.003243657,3.210693695,0.228209546
HEMEOS,-0.039383997,0.411746633,0.327691903,0.128180446
AGMT,0.450648218,1.116911026,1.175542931,0.640942205
ARGSS,0.376886893,1.47484136,5.197767617,1.279995926
AGPR,2.51851394,1,2.51851394,1
AGPR_REV,0.964934541,1.109275369,4.602074331,0.600387382
ALTRH,1.367653533,1.738420325,6.349535577,0.381232556
MACPD,-1.096910013,1,-1.096910013,1
DMQMT,-0.949969403,1.806388936,2.060082372,0.420945812
DNMPPA,0.702544969,1.380360975,3.842549423,0.15438166
HEX7,0.505632993,1.069647604,3.966929555,0.017404502
OPHBDC,0.95144274,1.210426259,3.760191765,0.188753867
OHPHM,-0.949969403,1.806388936,1.999526897,0.536430707
INSK,0.505632993,1.069647604,3.941675313,0.06080575
HEX4,-0.677780705,0,-0.677780705,2.22E-16
PYDXPP,0.925689517,1.414702113,6.086828689,1.063743422
PDXPP,0.925689517,1.414702113,6.221502066,1.016008147
ECOAH1,1.367653533,1.738420325,6.621611091,0.124196511
ECOAH1_REV,1.367653533,1.738420325,6.607000145,0.158893525
ECOAH2,1.367653533,1.738420325,6.541325723,0.253120894
ECOAH2_REV,1.367653533,1.738420325,6.54147539,0.252749
ECOAH3,1.367653533,1.738420325,6.526864444,0.267138016
ECOAH3_REV,1.367653533,1.738420325,6.504030438,0.288067118
CDPMEK,0.505632993,1.069647604,3.959947038,0.034675439
CMPN,-0.069193038,1.517500238,3.351932308,0.773235622
UDPG4E,1.73805555,1.474252424,4.571631298,0.314887814
UDPG4E_REV,1.73805555,1.474252424,4.620708757,0.3401018
CINNDO,0.444200516,1.366257467,3.077385069,0.351884716
DHPPD,0.985422607,1.0766443,3.703103404,0.377139884
DHCIND,0.985422607,1.0766443,3.63861845,0.420042703
CITL,0.442116082,1.07079873,2.65428565,0.156700517
SADT2,0.409691186,1.167472543,2.776536732,0.166593012
LCARS,1.181547501,1.248296108,5.755801267,0.201390321
LCARS_REV,1.181547501,1.248296108,5.792314534,0.177152457
SBTPD,1.181547501,1.248296108,5.778510713,0.177319726
SBTPD_REV,1.181547501,1.248296108,5.736117351,0.239039696
GLTPD,1.181547501,1.248296108,5.863951372,0.067055792
GLTPD_REV,1.181547501,1.248296108,5.85886427,0.077592123
MANAO,1.181547501,1.248296108,5.798412969,0.176817568
MANAO_REV,1.181547501,1.248296108,5.788981724,0.169867384
TAGURr,1.181547501,1.248296108,5.768197116,0.16624189
TAGURr_REV,1.181547501,1.248296108,5.759261741,0.196391286
TARTD,1.367653533,1.738420325,6.327058084,0.385285474
EDTXS2,0.269073681,1.492070235,6.217086394,0.825922026
RZ5PP,0.925689517,1.414702113,5.944892761,1.110777043
AMANK,0.505632993,1.069647604,3.949440226,0.051672212
ACMAMUT,1.029222445,1.003243657,3.127814522,0.26988014
DDGALK,0.505632993,1.069647604,3.966929555,0.017404502
AADDGT,1.029222445,1.003243657,3.181269803,0.237762128
ALLTN,1.276686067,1.335282043,3.807342821,0.075362395
UAPGR,0.985422607,1.0766443,3.694281557,0.375386253
CRNBTCT,1.221175532,0.938056209,2.428577394,0.075504664
CRNBTCT_REV,1.221175532,0.938056209,2.436344806,0.084066478
CRNCBCT,1.221175532,0.938056209,2.429611002,0.105484878
CRNCBCT_REV,1.221175532,0.938056209,2.436370151,0.076495374
CRNCDH,1.367653533,1.738420325,6.443745114,0.339536646
CRNCDH_REV,1.367653533,1.738420325,6.364551944,0.36643042
HBZOPT,-0.279806329,1.561710059,2.921286946,0.021903506
HETZK,0.505632993,1.069647604,3.940432135,0.061492845
AST,0.249457273,0.964625847,1.081271419,0.782272626
SGDS,1.088424481,1.223249557,3.906802656,0.214958743
CYNTAH,1.367653533,1.738420325,6.425530271,0.353485091
GSPMDS,-0.598686969,0.86164801,0.751536481,0.075479329
GUAD,1.117258642,0.598744702,1.332806734,0.558600249
FRUK,0.505632993,1.069647604,3.942061094,0.06964423
X5PL3E,1.73805555,1.474252424,4.575407239,0.293278211
DOGULNR,1.181547501,1.248296108,5.79032871,0.166827856
GSNK,0.505632993,1.069647604,3.939427366,0.147926051
ADCL,0.442116082,1.07079873,2.668378338,0.149388341
DHAPT,0.98815659,1.531418888,2.700457708,1.110921816
DURIK1,0.505632993,1.069647604,3.964137357,0.03257104
F6PA,1.409933123,1,1.409933123,1
F6PA_REV,0.742670014,1.647529993,3.652902865,0.332520873
AGMHE,1.73805555,1.474252424,4.630910065,0.26709106
GMHEPAT,0.409691186,1.167472543,2.740074935,0.178371143
IDOND,1.181547501,1.248296108,5.851422883,0.076752768
IDOND_REV,1.181547501,1.248296108,5.862776247,0.05130637
IDOND2,1.181547501,1.248296108,5.800214176,0.151335565
DMPPS,0.842909248,0.991679261,2.725529555,0.496074544
IPDPS,0.842909248,0.991679261,2.656716375,0.515732882
DHDPRy,0.985422607,1.0766443,3.681889565,0.389096408
TDPADGAT,0.561078692,1.304113758,2.836960952,0.248820584
M1PD,1.181547501,1.248296108,5.756870954,0.23428426
M1PD_REV,1.181547501,1.248296108,5.778672161,0.151949259
G3PD2,1.181547501,1.248296108,5.758090276,0.224979708
G3PD2_REV,1.181547501,1.248296108,5.775988602,0.174257665
FCLK,0.505632993,1.069647604,3.939433662,0.080531447
ACCOAL,0.781890829,1.13725516,3.353768297,0.702459128
UAMAGS,0.61956431,1.087220886,3.830406144,0.367701118
UGLYCH,0.935658111,1.304652564,3.896058742,0.205875408
3HPPPNH,0.131151703,1.025400395,3.472641554,0.69026163
UGMDDS,0.61956431,1.087220886,3.896454533,0.008276419
PRATPP,0.702544969,1.380360975,3.738846124,0.281200954
ASCBPL,1.244968471,1.456722069,4.436071573,0.235684128
TMPK,0.981472956,1.214738259,2.900436427,0.109304322
MANPGH,1.3029401,1.390212674,6.154513812,0.90657003
CBMKr,2.380406645,0.916278798,3.534605039,0.057794106
CBMKr_REV,2.380406645,0.916278798,3.541166949,0.045442556
AMANAPEr,1.73805555,1.474252424,4.59215942,0.299197967
AMANAPEr_REV,1.73805555,1.474252424,4.617090834,0.294079492
ARGSL,-0.304784237,0.517422543,0.116875461,0.233622468
ARGSL_REV,-0.304784237,0.517422543,0.079117028,0.317303245
GLU5K,2.380406645,0.916278798,3.534732028,0.061319245
TMK,0.505632993,1.069647604,3.953220062,0.044075166
DHPPDA2,0.372268352,1.317981033,2.617040454,0.134935205
DBTS,-0.166805262,1.59638599,2.901329825,1.031642533
GART,0.329560117,1.443776448,2.470511319,0.554066224
GLUPRT,0.399034301,0.806953536,1.54854561,0.700317721
NTRIR2x,-0.732137139,0.352640223,0.012661784,0.085707886
PRAMPC,0.372268352,1.317981033,2.602577177,0.14477317
DXYLK,0.505632993,1.069647604,3.937945777,0.062770683
SGSAD,0.964934541,1.109275369,4.599777954,0.616116417
GPDDA5,-0.008740119,1.404303743,2.792131121,0.336939935
PRAGSr,0.376886893,1.47484136,4.900322292,1.610196428
PRAGSr_REV,0.376886893,1.47484136,5.154636946,1.344735178
MAN1PT2,0.409691186,1.167472543,2.767073476,0.164328617
MOAT2,0.380197967,0.9585964,1.689786115,0.098620749
PPPNDO,0.444200516,1.366257467,3.065477937,0.397559198
UACMAMO,1.181547501,1.248296108,5.78346649,0.14602535
ADK3,0.981472956,1.214738259,2.951369195,0.062053268
ADK3_REV,0.981472956,1.214738259,2.952337897,0.057789716
3HCINNMH,0.131151703,1.025400395,3.503181674,0.660603136
NMNt7pp,-0.069193038,1.517500238,3.292674302,0.804793061
SULabcpp,0.772471832,1.444885142,2.599974654,0.149766066
TSULabcpp,0.772471832,1.444885142,2.607365274,0.079324067
TAURabcpp,0.772471832,1.444885142,2.590920611,0.194249542
TREptspp,3.505692507,1,3.505692507,1
TKT2,1.359835482,1,1.359835482,1
TKT2_REV,1.231124108,0.117180755,1.301432561,0.093744604
FEENTERabcpp,0.772471832,1.444885142,2.596357129,0.145441878
FECRMabcpp,0.772471832,1.444885142,2.601025893,0.076269062
ARGabcpp,0.772471832,1.444885142,2.600319557,0.091935693
ASPabcpp,0.772471832,1.444885142,2.578956107,0.196151282
CYSabcpp,0.772471832,1.444885142,2.595756456,0.086292579
ARBabcpp,0.772471832,1.444885142,2.612053547,0.140735958
ECOAH8,1.367653533,1.738420325,6.541525279,0.252624894
ECOAH8_REV,1.367653533,1.738420325,6.570597503,0.218566032
ECOAH5,1.367653533,1.738420325,6.556036447,0.236724752
ECOAH5_REV,1.367653533,1.738420325,6.54147539,0.252749
DHFS,2.038323297,1.657890441,3.895157019,0.010149469
CYSabc2pp,0.772471832,1.444885142,2.607896285,0.070530726
PRASCSi,0.61956431,1.087220886,3.87227588,0.214577615
LYXI,2.33218875,0.339072293,2.83182618,0.190569553
ASPO5,0.983949989,0.653641668,1.602137501,0.356237916
MALDDH,1.294466226,1,1.294466226,1
MTHFC,0.372268352,1.317981033,2.573277204,0.168020288
MTHFC_REV,0.372268352,1.317981033,2.611198829,0.136328232
MTHFD,1.42345119,0.904677206,3.510888594,0.304160332
MTHFD_REV,1.42345119,0.904677206,3.498472481,0.306352576
QULNS,-0.279806329,1.561710059,2.892136454,0.108183354
L_LACD3,-0.060480747,0,-0.060480747,0
L_LACD2,-0.060480747,0,-0.060480747,0
GGGABADr,0.964934541,1.109275369,4.497933423,0.718403182
GGGABADr_REV,0.964934541,1.109275369,4.612123433,0.570997736
MALTATr,0.561078692,1.304113758,2.816671821,0.287288162
MALTATr_REV,0.718501689,1,0.718501689,1
ENTERES,1.244968471,1.456722069,4.439588539,0.233181245
GGGABAH,1.088424481,1.223249557,3.923045387,0.207270288
PHEMEabcpp,0.772471832,1.444885142,2.606949177,0.074040375
GALM2pp,1.73805555,1.474252424,4.619973365,0.285221115
CU1abcpp,0.772471832,1.444885142,2.604402121,0.075311162
HEPT4,1.029222445,1.003243657,3.186400712,0.242349568
NHFRBO,-0.732137139,0.352640223,-0.036754685,0.183855527
GPDDA5pp,-0.008740119,1.404303743,2.741604065,0.366082776
LALGP,1.375090687,1.385655786,3.041030037,0.14468388
PTHRpp,0.925689517,1.414702113,5.989815016,1.160575528
ZNabcpp,0.772471832,1.444885142,2.605945686,0.085547611
GRXR,0.016192732,1.027868173,1.61868807,0.424639525
ATPHs,0.372268352,1.317981033,2.658420476,0.05400897
3KGK,0.505632993,1.069647604,3.944742868,0.068818759
IDONt2rpp,0.772471832,1.444885142,2.613582825,0.067492135
IDONt2rpp_REV,0.772471832,1.444885142,2.594405523,0.15139111
TUNGSabcpp,0.772471832,1.444885142,2.583344408,0.200505535
MOBDabcpp,0.772471832,1.444885142,2.597364648,0.146518283
NI2uabcpp,0.772471832,1.444885142,2.617908176,0.069745838
R15BPK,0.981472956,1.214738259,2.909632384,0.098164967
Kabcpp,0.772471832,1.444885142,2.640474985,0.039384768
MALTabcpp,0.772471832,1.444885142,2.594048831,0.149556959
MALTTRabcpp,0.772471832,1.444885142,2.585380166,0.159836226
MALTTTRabcpp,0.772471832,1.444885142,2.619920193,0.061690278
ORNabcpp,0.772471832,1.444885142,2.585588748,0.193357299
PIuabcpp,1.252574989,0.048455007,1.271956992,0.044409747
PTRCabcpp,0.772471832,1.444885142,2.609852925,0.076290053
NTPP10,0.702544969,1.380360975,3.867313695,0.105488993
NTPP11,0.702544969,1.380360975,3.869900247,0.101102678
GAL1PPpp,0.925689517,1.414702113,6.212866693,1.064318074
ALLK,0.505632993,1.069647604,3.950733705,0.046529556
ALLULPE,1.73805555,1.474252424,4.552688393,0.328832119
ALLULPE_REV,1.73805555,1.474252424,4.620038576,0.26071062
RIBabcpp,0.772471832,1.444885142,2.582577661,0.204961744
CU2abcpp,0.772471832,1.444885142,2.63928912,0.032617091
NI2abcpp,0.772471832,1.444885142,2.610621687,0.070972992
MG2uabcpp,0.772471832,1.444885142,2.57979084,0.201139908
GLNabcpp,0.772471832,1.444885142,2.59459312,0.193405799
GLUabcpp,0.772471832,1.444885142,2.59607868,0.197806064
14GLUCANtexi,1.029222445,1.003243657,3.229156725,0.228610739
DHPTPE,0.62767953,1.06884568,2.619428749,0.078871873
DHPTPE_REV,0.62767953,1.06884568,2.628600976,0.063668806
HISabcpp,0.772471832,1.444885142,2.599910697,0.1441555
LYSabcpp,0.772471832,1.444885142,2.597959091,0.150201886
PPDOy,1.181547501,1.248296108,5.741070642,0.239037811
FALGTHLs,0.61946213,1.222273872,2.511615258,0.069680734
FALGTHLs_REV,0.61946213,1.222273872,2.519997331,0.021796642
THDPS,0.249457273,0.964625847,1.207826769,0.722877106
ACONMT,-0.949969403,1.806388936,2.079038606,0.384251481
GNK,0.505632993,1.069647604,3.950683405,0.050631901
HMBS,-0.093893959,1.589028309,2.91692809,0.027668084
RMK,0.505632993,1.069647604,3.953324704,0.055473843
HYPOE,0.925689517,1.414702113,5.972424232,1.069630013
ZN2abcpp,0.772471832,1.444885142,2.628686814,0.051744812
DAAD,0.837466077,1.017815034,2.587868196,0.255678702
GLYC3Pabcpp,0.772471832,1.444885142,2.560832987,0.269258515
SPMDabcpp,0.772471832,1.444885142,2.581390789,0.202118337
MTRPOX,0.910412741,0.64893069,1.534833778,0.629676175
NMNN,-0.069193038,1.517500238,3.314910694,0.811173639
ASO3t8pp,0.772471832,1.444885142,2.575689974,0.239689613
IG3PS,2.139879086,1,2.139879086,1
THRD_L,1.060492152,1.229731749,2.835486285,0.076192104
NAMNPP,0.376886893,1.47484136,5.277776572,1.184985067
CRNCAR,1.040508073,1.191105181,4.569441977,0.688177545
CRNCAR_REV,1.040508073,1.191105181,4.505645866,0.702584293
GALabcpp,0.772471832,1.444885142,2.611867964,0.079951783
SADH,-0.181633187,1.337199996,2.940564032,0.412500829
MCITD,1.367653533,1.738420325,6.352167927,0.375467475
GLCATr,0.561078692,1.304113758,2.850921772,0.218599186
GLCATr_REV,0.718501689,1,0.718501689,1
CD2abcpp,0.772471832,1.444885142,2.638696691,0.032947923
G2PPpp,-0.744727495,1,-0.744727495,1
AICART,0.329560117,1.443776448,2.47543926,0.545438151
AICART_REV,0.329560117,1.443776448,2.344978766,0.590761028
G6PP,1.202459424,0.774748566,2.031245866,0.026940752
UDPKAAT,0.584685794,1.148481098,2.210812004,0.746297974
UDPKAAT_REV,0.710828841,1.014162965,2.39069215,0.164931713
ULA4NFT,0.329560117,1.443776448,2.473811401,0.548626548
ALR2,1.071493634,0.836254557,1.644640215,0.462523694
GLCabcpp,0.772471832,1.444885142,2.621401332,0.05949872
ADNK1,0.505632993,1.069647604,3.965686376,0.02120704
SHCHF,-0.621597958,1.406745849,2.398240864,0.400911194
PRAIS,-0.166805262,1.59638599,2.831192417,1.060276818
AACPS7,0.781890829,1.13725516,3.479320565,0.694614491
AACPS9,0.781890829,1.13725516,3.519844988,0.664031355
2AGPEAT160,0.269073681,1.492070235,6.204512205,0.796788938
ECOAH7,1.367653533,1.738420325,6.577927921,0.208355444
ECOAH7_REV,1.367653533,1.738420325,6.505022859,0.285822583
GALCTND,1.367653533,1.738420325,6.548706029,0.245105651
GCALDD,0.964934541,1.109275369,4.603306898,0.640140101
UPP3MT,-0.949969403,1.806388936,2.046327212,0.457528245
DASYN160,0.409691186,1.167472543,2.743324086,0.17309372
DASYN161,0.409691186,1.167472543,2.74072668,0.186708613
DASYN181,0.409691186,1.167472543,2.762219194,0.171567071
CDAPPA161,0.702544969,1.380360975,3.766949894,0.251053126
PGSA180,-1.067245404,1.142104917,0.720453319,0.059965229
2AGPEAT180,0.269073681,1.492070235,6.094466766,0.929214287
PAPA160pp,0.925689517,1.414702113,6.136768366,1.075878034
HPYRI,1.876796548,1.479697917,4.796085382,0.065591669
HPYRI_REV,1.876796548,1.479697917,4.814421245,0.038752423
TPRDCOAS,0.455624706,1.594055234,4.275599654,0.236156988
FLVRx,1.42345119,0.904677206,3.616882364,0.006944597
2DOXG6PP,0.925689517,1.414702113,6.029925589,1.101616652
OXAMTC,0.828848134,1.752987112,3.099794504,0.602873706
DHNAOT4,-0.279806329,1.561710059,2.914023919,0.046934806
G3PAT141,0.269073681,1.492070235,6.240262708,0.763441125
G3PAT181,0.269073681,1.492070235,6.198097755,0.809816778
DASYN140,0.409691186,1.167472543,2.755074062,0.173693617
DASYN180,0.409691186,1.167472543,2.724591495,0.186965938
DASYN141,0.409691186,1.167472543,2.778803829,0.168815062
CDAPPA160,0.702544969,1.380360975,3.794662116,0.248017076
CDAPPA141,0.702544969,1.380360975,3.791424094,0.214912402
3HAD80,0.613370872,1.653900319,6.696194138,0.012099721
3HAD120,0.684715591,1.67667228,6.696194138,0.012099721
AGPAT120,0.269073681,1.492070235,6.10321351,0.939656663
PSSA180,-1.067245404,1.142104917,0.712643874,0.068598415
PSSA161,-1.067245404,1.142104917,0.7002437,0.090649632
PSD160,0.95144274,1.210426259,3.756030254,0.208704998
PSD161,0.95144274,1.210426259,3.760396394,0.213240575
PSD180,0.95144274,1.210426259,3.758181348,0.196306729
PLIPA2A140pp,1.244968471,1.456722069,4.441418007,0.236796368
PLIPA2A141pp,1.244968471,1.456722069,4.424226003,0.244167192
PLIPA2A180pp,1.244968471,1.456722069,4.405410398,0.240648439
CA2tex,0.772471832,1.444885142,2.586775621,0.196302253
CA2tex_REV,0.772471832,1.444885142,2.561440697,0.237819338
CU1Opp,0.194494393,1.004162694,0.636325978,0.901735863
ACONIs,2.137314402,1.405839807,5.092845453,0.685429851
ACONIs_REV,2.137314402,1.405839807,5.040969711,0.659339071
3HAD161,1.367653533,1.738420325,6.36362406,0.358510002
EAR80y,0.269073681,1.492070235,6.121219824,0.812101642
EAR120y,0.269073681,1.492070235,6.028556403,0.884025352
3HAD121,1.367653533,1.738420325,6.355836361,0.360156494
EAR140x,0.269073681,1.492070235,6.133018981,0.793474814
EAR40y,0.269073681,1.492070235,6.181102446,0.836909981
G3PAT140,0.269073681,1.492070235,6.160847675,0.932178496
G3PAT160,0.269073681,1.492070235,6.223830219,0.810722573
G3PAT161,0.269073681,1.492070235,6.074064999,0.795256186
AGPAT160,0.269073681,1.492070235,6.265502582,0.691820134
CDAPPA140,0.702544969,1.380360975,3.765582109,0.252534638
EAR100y,0.269073681,1.492070235,6.158746934,0.874464749
3HAD141,1.367653533,1.738420325,6.315473309,0.372301939
MICITDr,1.367653533,1.738420325,6.421018176,0.350543166
MICITDr_REV,1.367653533,1.738420325,6.384766192,0.363704532
CDAPPA181,0.702544969,1.380360975,3.785789019,0.212405875
PGSA181,-1.067245404,1.142104917,0.704234739,0.09102584
G3PAT180,0.269073681,1.492070235,6.170954003,0.811746172
AGPAT140,0.269073681,1.492070235,6.126623763,0.853736062
PGSA160,-1.067245404,1.142104917,0.696672349,0.097544847
3OAS140,-1.096910013,1,-1.096910013,1
PGSA161,-1.067245404,1.142104917,0.702412735,0.092854427
3HAD181,1.367653533,1.738420325,6.390711444,0.353487656
CDAPPA180,0.702544969,1.380360975,3.81520532,0.178400779
NTP12,0.702544969,1.380360975,3.764746084,0.25350651
PAPA160,0.925689517,1.414702113,6.081418581,1.043955411
PSSA160,-1.067245404,1.142104917,0.714008361,0.062077864
PSSA181,-1.067245404,1.142104917,0.71816854,0.047664846
DAGK160,0.505632993,1.069647604,3.945058533,0.067498821
AGPAT181,0.269073681,1.492070235,6.060507448,1.000031039
3HAD40,1.367653533,1.738420325,6.37246838,0.363869056
3OAS60,-1.096910013,1,-1.096910013,1
3OAS160,-1.096910013,1,-1.096910013,1
PLIPA2A120pp,1.244968471,1.456722069,4.389238133,0.264359026
PLIPA2A160pp,1.244968471,1.456722069,4.426544084,0.239972734
EAR100x,0.269073681,1.492070235,6.235207206,0.831868074
EAR120x,0.269073681,1.492070235,5.949694751,0.907598124
EAR140y,0.269073681,1.492070235,6.211510977,0.816795094
3OAS80,-1.096910013,1,-1.096910013,1
3OAS100,-1.096910013,1,-1.096910013,1
3OAS120,-1.096910013,1,-1.096910013,1
3HAD60,0.525380876,1.621057623,6.695083791,0.014165081
3HAD100,0.684715591,1.67667228,6.697304485,0.009470547
3HAD140,0.525380876,1.621057623,6.686692916,0.078966253
3HAD160,0.525380876,1.621057623,6.68558257,0.079175855
AGPAT180,0.269073681,1.492070235,6.046939967,0.870697363
AGPAT141,0.269073681,1.492070235,6.179939198,0.697676232
AGPAT161,0.269073681,1.492070235,6.18229899,0.825452124
DASYN120,0.409691186,1.167472543,2.7734682,0.166994513
EAR40x,0.269073681,1.492070235,6.205015048,0.717814877
EAR60y,0.269073681,1.492070235,6.277226834,0.726185289
EAR60x,0.269073681,1.492070235,6.118556763,0.923463649
EAR80x,0.269073681,1.492070235,6.163905341,0.770647957
3HAD180,0.793356687,1.705041937,6.648196133,0.151855402
CDAPPA120,0.702544969,1.380360975,3.790434329,0.214648765
PSSA120,-1.067245404,1.142104917,0.726482075,0.000735402
PSD120,0.95144274,1.210426259,3.748426247,0.206916223
PSD181,0.95144274,1.210426259,3.800698914,0.145408913
G3PAT120,0.269073681,1.492070235,6.143420894,0.861039686
PGSA120,-1.067245404,1.142104917,0.702314682,0.09282999
ACOAD7f,0.107615229,1.329475135,2.475072699,0.210137395
ACOAD7f_REV,0.107615229,1.329475135,2.437607111,0.255948243
ACOAD5f,0.11136837,1.332826683,2.435854824,0.248961505
ACOAD5f_REV,0.11136837,1.332826683,2.508067217,0.178931404
ACOAD3f,0.11136837,1.332826683,2.470576539,0.224543978
ACOAD3f_REV,0.11136837,1.332826683,2.458943245,0.234403328
ACOAD2f,1.454902359,0.738005881,2.293261414,0.422869208
ACOAD2f_REV,1.454902359,0.738005881,2.217518415,0.435725008
ACOAD4f,1.454902359,0.738005881,2.271687569,0.457709495
ACOAD4f_REV,1.454902359,0.738005881,2.327550218,0.370241529
ACOAD6f,0.107615229,1.329475135,2.492090841,0.192944457
ACOAD6f_REV,0.107615229,1.329475135,2.505451332,0.172633813
GDPMNP,0.702544969,1.380360975,3.872566028,0.102463502
AMMQLT8,-0.949969403,1.806388936,2.023582605,0.444893218
FA120ACPHi,0.32928722,1.162974913,2.548358444,0.122027492
FA80ACPHi,0.32928722,1.162974913,2.542840025,0.136760666
FA140ACPHi,0.32928722,1.162974913,2.553404288,0.115411327
FA100ACPHi,0.32928722,1.162974913,2.55360376,0.119860398
2MAHMP,0.702544969,1.380360975,3.813522583,0.188244881
FA161ACPHi,0.32928722,1.162974913,2.525641017,0.145943416
FA141ACPHi,0.32928722,1.162974913,2.563247722,0.11122006
FA160ACPHi,0.32928722,1.162974913,2.551173631,0.114522965
GALCTLO,1.181547501,1.248296108,5.751022412,0.224325539
FE3abcpp,0.772471832,1.444885142,2.601037157,0.145234962
XYLK2,1.84509804,1,1.84509804,1
MPTAT,0.409691186,1.167472543,2.738602174,0.180439687
3AMACHYD,1.088424481,1.223249557,3.905640311,0.20758348
CCGS,0.376886893,1.47484136,5.151804619,1.359228486
CBMD,1.16926794,1.397899556,6.35005534,0.379535737
CPH4S,0.742670014,1.647529993,3.661149386,0.320681212
URACPAH,1.088424481,1.223249557,3.873105622,0.223186059
GTHPi,1.994832281,1.720015706,5.469214605,0.191761089
TYRL,-1.434833116,1.690105621,-0.52217608,1.422502775
OXDHCOAT,0.718501689,1,0.718501689,1
OPMEACPD,1.367653533,1.738420325,6.342419363,0.37345955
OGMEACPD,1.367653533,1.738420325,6.345179459,0.366120563
DHACOAH,1.367653533,1.738420325,6.308677039,0.370924903
DHACOAH_REV,1.367653533,1.738420325,6.398984393,0.349574658
CPMPS,-0.348280178,1.345764926,1.57187542,0.17355138
VPAMTr,0.069387151,0.953410328,1.244302502,0.550845072
VPAMTr_REV,0.601359259,0.790672423,1.51778858,0.108694759
AP4AS,0.409691186,1.167472543,2.767115062,0.163883115
ThDPAT,0.409691186,1.167472543,2.753466559,0.196044993
G2PP,-0.744727495,1,-0.744727495,1
5DGLCNR,1.181547501,1.248296108,5.867695523,0.044485538
MOX,2.412941371,0.787211986,3.653737082,0.099752008
4HTHRK,0.505632993,1.069647604,3.943244148,0.069888737
PPS,0.472366659,1.361920004,3.951194487,0.04942006
NO3R2bpp,1.86779945,0.035290537,1.884033097,0.031335135
SELNPS,0.472366659,1.361920004,3.946687493,0.074899715
HYD3pp,1.005029826,1.57117533,2.942896366,0.075787069
HEPT1,0.848599978,1.218801919,4.248631021,0.260681283
INOSTO,0.748415016,1.680422002,4.529600927,1.051663876
INOSTO_REV,0.748415016,1.680422002,4.5336277,1.045973087
SPODM,1.000366974,1.302494786,5.7943321,0.128670014
BSORy,1.000366974,1.302494786,5.804287268,0.117243197
SPODMpp,1.000366974,1.302494786,5.788458252,0.141285329
