sample_index,PLS1,PLS2,condition
0,-4.793739594902966,0.288243800623708,C-lim
1,-5.208467827435181,1.3388382030011319,C-lim
2,-4.043290915717077,-3.064387253782157,C-lim
3,-3.7515577010934087,-4.673771486440909,C-lim
4,-7.795970251623435,11.94326870089679,C-lim
5,-5.358588030180115,1.0085181086652244,C-lim
6,-4.080637015853356,-1.2212160807384578,C-lim
7,-4.020214255225718,-2.8483654228547697,C-lim
8,-4.182308903470446,-2.51321824671546,C-lim
9,-5.232133710192944,2.3548822272342034,C-lim
10,-3.7170160803861925,-4.733608451954162,C-lim
11,-3.6634335423536624,-4.6058494071426335,C-lim
12,-5.06286928318365,2.1705312724135393,C-lim
13,-6.395915751357648,6.238978380357545,C-lim
14,-3.491920831546891,-6.70848768480987,C-lim
15,-4.020540022496699,-2.7861752689105246,C-lim
16,-4.893710086512322,-0.45712791448786916,C-lim
17,-5.431178002655685,3.294307658477934,C-lim
18,-7.293246087387611,10.59430987318262,C-lim
19,-5.167911589491904,2.1670974384819663,C-lim
20,-5.130394154776913,1.4029922910154438,C-lim
21,-4.4729063369290545,1.9360165119983639,C-lim
22,-5.103522742202271,2.14585476737725,C-lim
23,-3.46502780037632,-6.743626798018723,C-lim
24,-5.575988215374341,3.070382244981801,C-lim
25,-5.7091557137893,4.66803497003699,C-lim
26,-4.863699686385048,0.4376230318971537,C-lim
27,-3.849879871101054,-2.8653660087241883,C-lim
28,-3.8000052320017934,-4.463854816565963,C-lim
29,-4.866373952521055,1.6001793133592654,C-lim
30,-4.0139848116665675,-5.257668100854283,C-lim
31,-5.6770148646355505,3.3533257178404505,C-lim
32,-2.7069904421968536,-8.855073167833504,C-lim
33,-5.451870491661642,1.870806835955064,C-lim
34,-4.768367037210849,1.1464719599363267,C-lim
35,-5.664123804573616,3.0963938670160593,C-lim
36,-7.182730324222165,9.104121884394244,C-lim
37,-3.6463780717695076,-4.377586065361542,C-lim
38,-4.405682945179529,-2.712646615193285,C-lim
39,-4.968277083742663,0.8769787903099151,C-lim
40,-5.459701359120381,4.604247332119028,C-lim
41,-4.432959017617646,-2.0756369210281336,C-lim
42,-5.852434847650442,4.364515030553244,C-lim
43,-6.102471585946249,4.718203223895225,C-lim
44,-3.3808204997524998,-6.500653787923478,C-lim
45,-2.2347545820315897,-10.214842580631288,C-lim
46,-5.668660169614173,3.4055033636556105,C-lim
47,-3.4257603478320684,-6.7232629089974925,C-lim
48,-3.9647355724223328,-1.6972457929335614,C-lim
49,-2.6908537537965174,-11.253503469807018,C-lim
50,-3.051397607788494,-9.05808702155728,C-lim
51,-5.550611357038657,3.4117697546977146,C-lim
52,-1.7966845566906458,-12.241666418794187,C-lim
53,-4.621657905959397,-0.5155367324273037,C-lim
54,-4.522765223831685,-0.36613317541447477,C-lim
55,-5.737044323635066,3.957147690266491,C-lim
56,-6.230197338658131,5.646174754916308,C-lim
57,-4.12939787103603,-3.96588719978732,C-lim
58,-4.759590908277708,1.424604068606436,C-lim
59,-4.6773431349137065,-0.5561886484711149,C-lim
60,-4.208249517217838,-1.5435544026048942,C-lim
61,-6.27290993025842,4.552431493421417,C-lim
62,-4.431909272664423,-1.5114142277518032,C-lim
63,-5.642736135143084,3.7119038414860954,C-lim
64,-4.1273363482151275,-3.4376566900950563,C-lim
65,-3.5228217029227356,-7.411809588095619,C-lim
66,-2.9334956546949345,-8.33639818084181,C-lim
67,-5.802032733103387,3.2068394155555864,C-lim
68,-6.102588049638133,4.834802737046796,C-lim
69,-4.219570246903795,-3.2136856847235107,C-lim
70,-3.289711458271316,-6.361319351560562,C-lim
71,-5.829212847025001,4.874097383080888,C-lim
72,-2.9092077745983618,-8.457092879264563,C-lim
73,-3.8855200482304197,-5.03622145599572,C-lim
74,-3.028223775236482,-7.125239608458719,C-lim
75,-5.481715861546249,4.695045041296617,C-lim
76,-4.904897541045447,1.0047930059001249,C-lim
77,-4.879765593311024,-0.10447526455649385,C-lim
78,-3.3284169446227296,-5.707891838326406,C-lim
79,-2.3682149622144486,-11.46489345027402,C-lim
80,-3.631885701502414,-4.794235024351185,C-lim
81,-2.894268415466117,-7.62297018283025,C-lim
82,-3.7821339644023717,-3.1667797366793455,C-lim
83,-3.3447352968697457,-7.685916666251935,C-lim
84,-3.5443946233479626,-4.943297911358848,C-lim
85,-5.119660097990504,1.9859685850373376,C-lim
86,-4.03679489849121,-5.349699410921237,C-lim
87,-4.748283791148849,0.7724521439924613,C-lim
88,-4.386887154082351,-3.5454107077634927,C-lim
89,-2.933682340576692,-9.29754583671242,C-lim
90,-3.6641776824843753,-5.115916798138565,C-lim
91,-4.6802959254153835,-1.6125053462094119,C-lim
92,-4.864954240468868,0.11885309060743474,C-lim
93,-4.892895085452387,0.5848147791072664,C-lim
94,-7.029720716326384,9.300270519420971,C-lim
95,-6.425126265985401,8.269976873626957,C-lim
96,-5.804066397449747,5.653076748355433,C-lim
97,-4.042800802528161,-3.2943717698568595,C-lim
98,-4.666040938308066,-2.2664081963145604,C-lim
99,-5.103050748354027,2.7715260126609667,C-lim
100,4.396214276291616,0.7800848751833286,N-lim
101,5.539837983125184,-2.487582325027375,N-lim
102,3.774969111852896,4.773313044288527,N-lim
103,4.821654553832776,-0.026447324592745756,N-lim
104,3.773834749405695,3.4650872908947674,N-lim
105,3.7103709734183594,4.923635723298269,N-lim
106,3.9238481146944784,2.549800570110823,N-lim
107,4.669239801273753,-0.9577148155245261,N-lim
108,4.531447698507604,1.6533776620426277,N-lim
109,5.469601306431084,-4.2906476640152125,N-lim
110,3.547869692217477,5.848739441927678,N-lim
111,5.295972491050126,-1.9702677953648353,N-lim
112,4.557801332287078,1.08615030363581,N-lim
113,5.351087867739082,-2.805851354095577,N-lim
114,5.76957587489303,-2.132020712158757,N-lim
115,3.6343103981131786,6.189177244085231,N-lim
116,4.682994182708733,-0.0338692785833274,N-lim
117,4.011915089224507,2.9717392692605666,N-lim
118,3.099037901590718,8.015647026277797,N-lim
119,3.695136548500617,4.089538706863198,N-lim
120,5.748213368603554,-4.599075555702129,N-lim
121,3.3714821384146,6.28879787967389,N-lim
122,3.3853319439524405,6.497713284311163,N-lim
123,4.145736385304459,2.7725152833709865,N-lim
124,3.891710172095761,3.9965238256577456,N-lim
125,4.483357816935232,0.7137300537207291,N-lim
126,5.177479993851622,0.059975338230465844,N-lim
127,4.284508609089876,2.5437906202463836,N-lim
128,4.900979017691676,-0.11770220825510067,N-lim
129,5.291167736222172,-1.9451097383903686,N-lim
130,5.225132274636524,-0.9599706151836737,N-lim
131,5.170370449721552,0.4173139813204949,N-lim
132,4.950181310362623,-1.6395248995311893,N-lim
133,3.923415229709012,3.0202979298891495,N-lim
134,6.137849483568033,-5.763497198954459,N-lim
135,4.219092662715317,1.3757846264051532,N-lim
136,4.630905076055449,-0.1732681279292398,N-lim
137,4.550369735974805,2.3973125772674173,N-lim
138,4.776131452916571,-0.7264740989213503,N-lim
139,5.343757565696037,-2.4029924769524165,N-lim
140,3.64856274369835,4.180872424924394,N-lim
141,5.1407850770722625,-0.3972776411442865,N-lim
142,4.596932729992318,1.466834720699064,N-lim
143,4.130508776733484,4.184690655507663,N-lim
144,5.211977740365387,-0.017071937642465077,N-lim
145,5.379952006275333,-1.9322620836015385,N-lim
146,4.919766790424212,-1.4688740931515318,N-lim
147,4.633337329416654,1.31486350430262,N-lim
148,5.113512840390186,-0.8011920288735143,N-lim
149,2.5833937894560814,11.200100688407923,N-lim
150,5.968983691360079,-4.946453875147981,N-lim
151,4.265795664487084,1.1644658183807024,N-lim
152,5.224851877898735,-3.033443859160909,N-lim
153,4.722422323943231,0.5499478630672274,N-lim
154,5.279811847882267,-2.7108520700680607,N-lim
155,5.109118717766616,-2.079222081936909,N-lim
156,3.5334793927909427,4.609263797942141,N-lim
157,4.987329869282362,-0.9785606299042033,N-lim
158,4.976786633703695,-1.947372459396206,N-lim
159,3.274196599523851,7.658482345262691,N-lim
160,4.224096242351002,2.7535846990129262,N-lim
161,2.9792533382244177,8.5997277064956,N-lim
162,4.152013063280042,2.119412068346781,N-lim
163,6.017681861280683,-6.119108941601051,N-lim
164,5.374570463720697,-3.3149975309763917,N-lim
165,4.056063934495907,4.461791877513612,N-lim
166,4.84851632796209,0.5890354966282403,N-lim
167,4.251614897979548,3.6044958460939545,N-lim
168,2.7964716101055083,7.651880133649396,N-lim
169,6.208905758318626,-6.704916516190683,N-lim
170,4.042652338151557,4.684861424670947,N-lim
171,3.0827692139379472,7.174948396673226,N-lim
172,5.780313301713489,-2.829183067071786,N-lim
173,4.778229505115864,-2.448327504834762,N-lim
174,4.65134483831795,1.3520046792328584,N-lim
175,4.698226942821994,-0.05954702626776723,N-lim
176,2.5814435948385013,9.452859892000063,N-lim
177,3.5554772242735853,5.939633906604564,N-lim
178,3.7648374202383383,3.5728466690331055,N-lim
179,4.713388862807978,1.3952481391639582,N-lim
180,6.332842213565052,-5.94528360698361,N-lim
181,5.839809755980637,-5.566553261335475,N-lim
182,5.441717891853173,-2.1721995079686187,N-lim
183,3.857821340022605,5.847757243114884,N-lim
184,4.013230403892854,2.8465444253173655,N-lim
185,3.8987659862356128,4.52252697082652,N-lim
186,5.4993735637429735,-2.7080386281839286,N-lim
187,4.970825305970906,-1.9156388866921885,N-lim
188,4.821266966979967,0.6194976484476082,N-lim
189,4.792220985494136,-1.344030179994539,N-lim
190,5.802551510225998,-4.197567933064048,N-lim
191,4.0391456257243155,3.323287621124234,N-lim
192,3.8323557978611307,3.4985130549325945,N-lim
193,4.575950745020852,0.31269510581631627,N-lim
194,5.848836296668968,-5.070799503337093,N-lim
195,3.430151699894951,5.4341375654573225,N-lim
196,4.380199158392507,3.387913665538523,N-lim
197,4.512972062689798,1.1884683615893812,N-lim
198,4.3939900271544134,2.337559331936219,N-lim
199,6.573959622065828,-7.203800342626135,N-lim
