protein,Y_lipolytica,K_lactis,K_marxianus,S_cerevisiae
YAL012W,0.4274691393656232,-0.6173223989126412,-1.212391437991647,1.402244697538665
YAL035W,-1.701914829636786,0.37240054004696316,0.8660027998080744,0.463511489781748
YAL054C,-0.01247591461868203,-0.562463582546136,-1.0388411797378947,1.613780676902711
YAL062W,1.3597051775343856,0.2728963542499874,-1.426233356114627,-0.2063681756697445
YAR015W,-1.572087828069638,0.929490511704905,-0.15730430565418763,0.7999016220189185
YBL011W,-1.502813572207988,-0.016324207213199857,0.21763019806090356,1.3015075813602852
YBL015W,-1.1795156704320333,-0.7400771558553538,1.2904096896612287,0.629183136626159
YBL030C,0.07663311309474412,0.3835584511132986,1.1375887836261127,-1.5977803478341561
YBL039C,-1.5745654131361018,1.2051855642533875,0.17965112049241524,0.18972872839029897
YBL076C,0.7253020818633351,1.2210449989934817,-1.1839489195619726,-0.7623981612948431
YBL091C,0.26715971247267306,0.26366539366051966,1.0980790313531075,-1.6289041374862991
YBL099W,0.39067588693748856,-1.6097028283916197,0.10294866063949402,1.116078280814639
YBR006W,0.24788323297631887,0.36355475599406084,1.039541878919154,-1.6509798678895338
YBR011C,-1.157206726066159,-0.15205059091084172,-0.2889485375908668,1.598205854567867
YBR029C,-0.18793051667543578,-0.7713897442953426,-0.7264684492571576,1.6857887102279367
YBR035C,0.06243640120569807,1.5217426109349006,-0.3307926652963046,-1.2533863468442923
YBR039W,-0.23311580298628068,-1.0338921538329902,-0.3848450421424962,1.651852998961767
YBR084W,-0.8810299566806857,-0.41083930490678483,-0.4077574937041318,1.6996267552916033
YBR115C,0.4702908704710379,-1.0339728751202213,-0.8475079006908922,1.4111899053400763
YBR117C,-0.599522076629961,-0.8565958325363298,-0.23284613350237612,1.6889640426686665
YBR126C,-0.5427882010348385,-1.3693865799710745,0.9873537210758602,0.9248210599300497
YBR127C,-1.56475326011579,0.23195868717559073,1.2184714280359579,0.11432314490424135
YBR196C,-1.1959045438110145,0.4751318021669163,-0.6604724392279032,1.3812451808720025
YBR208C,0.19629631442455905,-0.017424343054359415,1.3150508526550753,-1.4939228240252636
YBR218C,-0.22023688042266107,-1.546322614908404,0.8804635576544075,0.8860959376766575
YBR221C,1.4568649299503091,-0.6975345684738435,0.3628638768530856,-1.12219423832955
YBR248C,-0.8582007611958835,1.6536930792065145,-0.7236193239486102,-0.0718729940620209
YBR256C,-0.889352415980897,1.6285864671155899,0.006896525409508743,-0.746130576544199
YBR263W,-1.2801811361425897,0.08544795908295316,-0.30821091305955806,1.5029440901191964
YBR291C,0.09873004888075011,-1.5240305353311772,1.2835454028159474,0.14175508363448133
YCL009C,-0.1665390583669187,-1.0458470690896868,-0.42906743225572963,1.6414535597123203
YCL017C,0.16761882912287931,-1.4854541660425664,-0.01077810616216182,1.3286134430818528
YCR012W,1.0709810547389067,-0.9528277123041358,0.9253365613458899,-1.0434899037806593
YCR034W,-0.9451203876563384,-0.5357716298596812,-0.18777153839957886,1.6686635559155982
YCR053W,-0.09574079735313773,1.6147083709428875,-1.0985408112911874,-0.4204267622985614
YDL015C,-1.1032597537640192,-0.1491147629235037,-0.36788561076057813,1.6202601274481019
YDL040C,0.12071374780635162,1.2009692030560781,-1.5745367892807456,0.25285383841831505
YDL052C,-0.9342257267804042,-0.4363460026664231,-0.31411170996826737,1.6846834394150938
YDL055C,-0.4647241767806034,0.1818791575220553,-1.220735843704686,1.503580862963235
YDL066W,-0.14348624961688497,-0.29204292817884203,1.5960388344520446,-1.1605096566563193
YDL080C,-1.1045419420155485,-0.025072758329128544,-0.4699254098920388,1.5995401102367175
YDL095W,0.023494844756816857,-1.5849337659752307,0.41439501602929285,1.1470439051891204
YDL100C,-0.65249239186109,1.160880261586073,-1.2782499840564532,0.7698621143314697
YDL103C,1.050835130900946,-0.6777296994327425,-1.274400166132286,0.9012947346640818
YDL131W,-0.418612261420771,-0.7477590611952889,-0.5537860027799452,1.7201573253960054
YDL168W,-0.18872769346868917,1.204948612063522,0.4909211273677178,-1.5071420459625529
YDL171C,-0.5013762689548603,-1.3955797033606787,0.9781271686492682,0.9188288036662703
YDL174C,-0.35576874151022886,-0.8414201399614541,-0.5079339460829889,1.705122827554672
YDL178W,-0.9790397336966354,-0.1876143312355911,-0.49503775019020213,1.6616918151224271
YDL185W,-1.564983344991153,-0.13596074084451917,0.6434256528507311,1.057518432984939
YDL198C,0.8170970127586243,-1.6912858658587058,0.6489924164476353,0.2251964366524462
YDL215C,0.5330949452332131,-1.591313656319154,1.0875076033611242,-0.029288892275183137
YDR019C,0.5536313520675383,0.2962791157068497,0.8487278330465683,-1.6986383008209585
YDR023W,-0.13305959502788128,0.2829429508825998,-1.4697545543619952,1.319871198507277
YDR035W,1.0768447437613222,0.0355481739382765,-1.6098645098718358,0.4974715921722361
YDR036C,1.7044050056241875,-0.6942307270305096,-0.7318262381348788,-0.2783480404588011
YDR037W,-1.3212308597661921,1.3983725652148835,-0.4232315881107822,0.3460898826620903
YDR040C,-0.30385002447909815,-1.0644364772219854,-0.2746440491317344,1.642930550832818
YDR044W,-0.5805217485385645,-0.3113347711192818,-0.8127140908683926,1.7045706105262386
YDR047W,0.7745016365872367,-1.7187060708091995,0.4868611175626908,0.45734331665927186
YDR050C,-1.3876673831117945,0.025257243071898423,-0.07565046793901554,1.4380606079789124
YDR062W,-1.6440119006687024,0.03401149349159785,0.8079525937162073,0.8020478134608967
YDR098C,1.2394012757625907,-0.37050741567228135,-1.4216451022777086,0.5527512421873998
YDR127W,1.695968596976961,-0.5605705148465759,-0.8548286402882315,-0.2805694418421519
YDR148C,-0.25734435799512967,0.7370417156235435,1.039895165355581,-1.5195925229839964
YDR158W,-0.8735449339027099,-1.0282464481606024,0.5200690090278187,1.3817223730354944
YDR196C,-1.4177267016693575,0.063830833788842,-0.054304284346831884,1.408200152227347
YDR234W,-0.8854596402215005,1.688977615686129,-0.5440531738444351,-0.2594648016201945
YDR297W,-1.4090055943628381,1.0450941978642991,-0.472362878742797,0.8362742752413351
YDR298C,-0.28386552542431526,-1.084119010042003,-0.2669061208719598,1.6348906563382786
YDR481C,-1.6022154385418925,1.017000053086662,0.6297857294033306,-0.04457034394810025
YDR502C,-1.651382653966402,0.7696207186842109,0.8228935487785383,0.058868386503654196
YDR508C,-0.780586071149176,-0.5815354597531366,-0.34967061616671546,1.7117921470690274
YDR516C,0.3136535308894656,-0.8272299800397908,1.498849341856234,-0.98527289270591
YDR529C,0.2731265562335433,1.498917682369626,-1.1190213403049274,-0.6530228982982439
YDR530C,0.5173841188547766,0.4816561370909417,-1.7245263162550768,0.725486060309358
YDR531W,-1.5525985332098025,0.10727758134540631,1.2391161798731785,0.20620477199121834
YEL024W,0.48928904745448554,1.376354793795392,-0.6818934064613147,-1.1837504347885628
YEL031W,-1.3395794418537164,1.2801378469635571,-0.5017899550956635,0.5612315499858206
YEL042W,0.6235353888311044,-0.22740802346937755,-1.5173496192660276,1.1212222539042989
YEL046C,-1.1258096578149208,1.611627212657411,-0.3356476406237525,-0.15016991421873815
YEL058W,-0.8525638620754292,1.6642820439733672,-0.7006954318052248,-0.11102275009271426
YER003C,0.6240234266629495,-1.7014895283367821,0.2788662120444287,0.7985998896294043
YER023W,1.4034060824618577,0.4656597477372621,-0.7516274364536599,-1.1174383937454586
YER043C,1.6961590924508,-0.8960998842836625,-0.40102010819009154,-0.39903909997704673
YER055C,0.5997337072998897,0.43558128659371814,-1.7248546338733355,0.6895396399797286
YER069W,-0.4512937749180223,1.6902344609112485,-0.3262516667807076,-0.9126890192125205
YER070W,-0.50287099287931,-0.7963999309042932,-0.41545032054111275,1.7147212443247153
YER073W,0.7148596280731961,0.38464043083920885,0.6199886724214181,-1.7194887313338252
YER086W,-0.29108478243018454,-1.2530842850275763,0.012867710414281794,1.531301357043477
YER090W,1.0429481141422015,0.8144315804580528,-0.4168154647592746,-1.440564229840979
YER091C,0.5221593354595172,1.3762869807370606,-1.0739920791202382,-0.8244542370763396
YER141W,1.1272209703839906,-0.12985267491424168,-1.5510955236568744,0.5537272281871255
YER178W,1.1486488175248621,-0.020068825841726926,0.44649107279157557,-1.5750710644747103
YFL018C,0.6234351630624627,-0.374079495341464,1.186867819959844,-1.4362234876808426
YFL022C,-0.25078627791784225,-1.2159465232549749,-0.09817666515767079,1.564909466330488
YFL030W,-0.5439627997888686,-0.6194760849619237,-0.5679672178349027,1.7314061025856942
YFL045C,1.393773760008291,0.17151368433801548,-1.416250607506265,-0.14903683684004312
YFR015C,-0.28185937879814293,1.6815811250306874,-0.46192209203391643,-0.9377996541986263
YFR030W,0.3827738007201704,-1.6257465770020558,1.089429559668953,0.1535432166129326
YFR044C,0.9662008454382577,-1.0088037938099221,-0.9905936108561209,1.0331965592277863
YGL001C,-1.3484062933764482,-0.044165787834298614,-0.08160256018652333,1.4741746413972694
YGL009C,-0.5548840147734764,-0.9389401145308434,-0.17361493843568276,1.6674390677400026
YGL012W,0.4752340548261961,0.8137677131508158,0.4234813076333404,-1.712483075610355
YGL026C,1.5600265145722212,-1.2034245734664437,-0.013219024828121616,-0.34338291627765793
YGL040C,-0.7180784809527104,-0.6372956245267781,-0.36147080323053876,1.716844908710027
YGL055W,-1.647740041862961,0.06303148297325349,0.6798172226890914,0.9048913362006129
YGL065C,-1.5914648912345943,0.4218201914021227,1.1349463651028304,0.034698334729640484
YGL080W,0.11865749698419283,-1.4812691678329204,0.024264448573265346,1.338347222275463
YGL125W,1.1250374011144453,-0.2645380510663842,0.6407500681867432,-1.5012494182348042
YGL148W,1.4963535521000964,-0.8586732980346786,-0.9592650489194217,0.32158479485400393
YGL167C,-1.109786395073164,-0.6656209730741544,0.27562231036651963,1.499785057780797
YGL202W,-0.39416853171544114,1.1691781844117572,-1.4308967854926322,0.6558871327963166
YGL234W,-1.024867053189703,0.27537755168834965,-0.7638832549829808,1.5133727564843342
YGL245W,1.2105937191408143,-0.24700409957105532,-1.4840920073517014,0.5205023877819407
YGL253W,-1.7054767603541854,0.28448994570163766,0.7306518668194248,0.6903349478331233
YGR019W,-0.916413735248771,1.029296007573179,0.9668780689098869,-1.0797603412342935
YGR032W,-1.0034355560932582,-0.996274164016195,1.0236812375756061,0.9760284825338462
YGR061C,-0.5747821976814801,1.416170940884291,0.38866271363018273,-1.2300514568329945
YGR088W,0.7086395760801617,0.6026228692405643,0.41089843666162645,-1.7221608819823513
YGR155W,-0.7462483105961605,-1.2197924287828446,1.0892319396041164,0.876808799774888
YGR157W,-0.20006303702320377,-1.0948982281339152,-0.33300657083553953,1.6279678359926588
YGR185C,0.890953011160305,-1.4614173496171263,-0.3884692785275488,0.9589336169843692
YGR209C,-0.32643053470941535,0.8948207359346617,0.9264256587761793,-1.4948158600014243
YGR240C,-0.32901506701111205,-1.4622233665014042,0.6223205254944942,1.168917908018022
YGR244C,-0.44894021810407325,-1.0834170065355262,-0.08546712933740076,1.6178243539769979
YGR248W,-0.5575591829053701,-0.438340056949404,1.722914538620945,-0.727015298766171
YGR255C,0.14856124659837408,0.9396459054899862,0.5745781761483075,-1.6627853282366685
YGR256W,1.3729210417496156,-1.2964301153823827,0.426206546254664,-0.5026974726218956
YGR264C,-0.4480627765451794,1.7182035001607094,-0.777175519027375,-0.49296520458815496
YGR282C,-1.728013190732286,0.5487333961652536,0.6832124778056463,0.49606731676138566
YHL011C,0.606800198349861,-0.20673755384660106,-1.524612018802171,1.124549374298906
YHL032C,0.9342007027024843,-0.10301986325085931,-1.5927108810444925,0.7615300415928677
YHR007C,1.0417456519327966,-0.36695515562579994,0.7923035620356675,-1.4670940583426648
YHR019C,-0.18216351579551746,1.6170313580852587,-0.31581023032014055,-1.1190576119695979
YHR020W,0.2599126889612213,1.3146331663674407,-0.09279913163695377,-1.4817467236917017
YHR025W,-1.208389559773318,1.5435793743902952,-0.3922961321340656,0.057106317517089264
YHR037W,0.9975452668667751,-0.8929868478573888,-1.10156746794766,0.9970090489382731
YHR042W,-0.3902518948752898,-0.9256283839187337,-0.3728714581732523,1.6887517369672762
YHR104W,0.8513616738567553,0.3458801107993152,0.5056563155726934,-1.7028981002287615
YHR137W,0.7499102376573673,-0.7583016348820332,1.2005606216642857,-1.1921692244396223
YHR190W,-1.3640422407573396,0.1607104412503138,1.4351997052018632,-0.23186790569483742
YHR208W,-1.3561726002435177,-0.2732216642757148,1.4306041730925083,0.19879009142672385
YIL074C,1.3117230144733867,-1.188586079849484,0.5938186365261539,-0.7169555711500584
YIL078W,1.5901238594228289,0.11488439708941438,-0.8036108280392698,-0.901397428472973
YIL094C,-1.2936848488422392,-0.5059137120873143,0.4248501581641839,1.3747484027653696
YIL116W,-0.5403916954825213,-1.1290003117657441,0.11362032293791591,1.5557716843103495
YIL125W,-1.6885443015212056,0.3451899749979902,0.4193266137606844,0.924027712762528
YIL155C,1.546613096167265,-1.0654773499530399,-0.6630605620133194,0.18192481579909434
YIR034C,-1.7022339786219545,0.7544343126044835,0.678919644903168,0.26888002111430287
YIR036C,-0.9023820273672236,-0.21136877477857802,-0.5658020889243397,1.679552891070143
YJL060W,0.030183181571652503,-1.2605936669088675,-0.29392555135543935,1.5243360366926544
YJL068C,0.9962162682746799,-1.6553312943576304,0.4880112033440332,0.17110382273891808
YJL088W,1.1636407576754693,-0.8286149611796351,0.8079911486496082,-1.143016945145442
YJL101C,-0.5654561873534714,-0.7480364265324208,1.719306747905691,-0.4058141340197984
YJL130C,1.7045238126410238,-0.8137485695360369,-0.5789383064129386,-0.31183693669204976
YJL153C,-1.6618347457504274,0.09459084728936899,0.7588113588104564,0.8084325396506008
YJL155C,-1.2114637627486475,1.0648045823466838,-0.7596747001127904,0.9063338805147549
YJL167W,0.7539126506452906,0.2050413177192858,-1.6898028528027698,0.7308488844381936
YJL200C,-0.28681399488990134,1.213875517277004,0.5400932789094707,-1.467154801296577
YJR009C,1.3475404189573574,-1.4366143106823508,0.28568737871031985,-0.1966134869853279
YJR010W,0.03415805802610733,-0.662742618359344,1.6108350241857696,-0.9822504638525331
YJR016C,0.4614037942582827,1.113416752672398,0.021100640497787468,-1.5959211874284691
YJR019C,0.15661265885965917,0.19051423624077435,-1.5662098959037583,1.219083000803325
YJR095W,0.10546524937132051,1.0257860471371307,0.5060028598463666,-1.637254156354817
YJR104C,-0.5776929212076409,0.1664279135256982,1.5386747359390867,-1.1274097282571438
YJR105W,-0.6264912932681842,0.19596979319736868,-1.1031530921631876,1.5336745922340032
YJR121W,-0.41673375270462865,-0.7897356400272367,-0.5091650520222288,1.7156344447540943
YJR143C,-1.5671942216100359,1.0846876053331962,0.5954769332773897,-0.11297031700054994
YKL001C,-0.7793228910765055,-0.04223144527449883,1.6463734964084764,-0.824819160057472
YKL016C,-0.3233935401998177,-0.9467800608394401,-0.4118978331224735,1.682071434161732
YKL035W,-1.5380765143143822,0.33424838438191345,-0.0297494413582358,1.2335775712907044
YKL060C,1.4157787809331044,0.3256939563555937,-1.3026682167946808,-0.43880452049401175
YKL067W,-1.0144304222226488,-0.06062527004186005,-0.5554916240434521,1.6305473163079622
YKL080W,-1.6062420953215022,0.24892253136228418,1.1460277875406228,0.2112917764185981
YKL085W,0.6496350963740818,0.991782108683199,-0.031019654294617404,-1.610397550762664
YKL103C,0.7593168434033418,0.4913499570446692,-1.7207624093717353,0.4700956089237242
YKL104C,0.694244380431659,0.06062264908157503,-1.6481493599663806,0.8932823304531464
YKL106W,-1.0782296771517157,1.2168173721114015,0.7514293006158138,-0.8900169955755001
YKL127W,-1.2113833884354264,-0.7393320586976035,0.7712829635360733,1.1794324835969543
YKL141W,1.731711080454198,-0.5859303941305563,-0.5459124217256758,-0.5998682645979642
YKL148C,1.5787315232752903,-0.07618963818663085,-0.31942267160476634,-1.1831192134838926
YKL150W,0.16776013043209365,-0.9547708039898068,1.5662321486023054,-0.7792214750445928
YKL152C,0.15087002610936756,-1.6348010381846811,0.4228744716347647,1.0610565404405488
YKL182W,-0.26899631459363377,0.738734693956678,1.0441118426556406,-1.513850222018684
YKL211C,1.4577027937965044,0.3798231379625323,-0.7728414563569221,-1.0646844754021128
YKL212W,-0.7316827765411146,-0.25456799401797625,-0.7138315650133279,1.7000823355724193
YKR009C,-0.5073047748013925,-0.3446487255798918,-0.8509231554429006,1.702876655824186
YKR043C,-0.5691380767378175,0.8572396372241854,-1.348152270857988,1.0600507103716197
YKR066C,0.28941749237777187,0.6465779166355792,0.7689604212958756,-1.704955830309227
YKR080W,0.12677122666353868,-1.4148167971673793,1.403197268060707,-0.11515169755686545
YKR097W,-1.2838701802297896,1.5198526379041701,-0.20130227014457733,-0.03468018752980161
YLL001W,0.6967608936223317,-1.5581836404300318,-0.1674371973776748,1.0288599441853747
YLL018C,1.6124107965478096,0.005639623628441856,-0.595652254087239,-1.0223981660890138
YLL041C,1.3980087150680849,0.07380664775056839,-0.04416929869986611,-1.4276460641187882
YLL051C,-1.2388689382425924,1.4345886722390417,-0.5383175767748103,0.3425978427783668
YLR017W,-0.581592750833339,1.1823616120530704,0.7202304032564041,-1.320999264476136
YLR027C,1.5974568942514575,0.07183279441179308,-0.6769941413253427,-0.99229554733791
YLR060W,-0.3476955646534339,-1.182458624356116,-0.04430954824837976,1.5744637372579262
YLR089C,0.8668412154944818,-0.23649113739218422,-1.5386920267904307,0.9083419486881342
YLR109W,-0.39165540310999347,0.715826370186548,1.1188624554921542,-1.4430334225687107
YLR172C,1.0235385374747032,-1.3527244689562246,-0.566270798803825,0.8954567302853464
YLR209C,-0.20365212435856608,0.9696460290145963,0.7842517486083727,-1.5502456532644038
YLR345W,-1.593981227356432,-0.10441064343976797,0.7941741625328362,0.9042177082633608
YLR354C,-0.7582276709287187,-0.3068656483353791,-0.6429771350099835,1.7080704542740828
YLR355C,-1.5913935889738235,0.04448133348600416,0.4067006963900477,1.140211559097771
YLR359W,-0.733449365082524,-1.218640813928336,1.1653049135474036,0.7867852654634578
YLR410W,-1.2569812703211793,-0.2923862443126754,0.021610546235447392,1.527756968398406
YLR420W,1.5511249243201348,-0.2715668337318233,-0.047483312414572335,-1.2320747781737391
YLR447C,-0.6288541196408618,0.6315737339637797,1.2646681184047064,-1.267387732727623
YML004C,1.2317741476531714,-1.555913587921135,0.23037845942504895,0.09376098084291469
YML008C,0.39652575526636163,-0.10371356591585551,-1.5228401346022196,1.2300279452517138
YML075C,0.8736321973702612,0.046668992334727294,0.72541080148813,-1.6457119911931186
YMR006C,-0.42883085911236796,-0.7262149227066416,-0.5673899008048248,1.722435682623832
YMR015C,0.20335589178891078,-1.644749732868188,0.3931022052631858,1.0482916358160936
YMR054W,-0.9862887132928976,0.8317496000592064,1.1551113836195044,-1.0005722703858153
YMR058W,0.033377424477423055,0.5712866004912205,-1.6232612831284396,1.0185972581597942
YMR083W,0.9034908419725614,0.6757306050733037,0.07065733308331067,-1.6498787801291745
YMR099C,-0.7998128152473882,1.350733119660815,-1.1073444317522274,0.5564241273388004
YMR108W,-0.7039631712137023,0.0697908404036661,-0.9671408043296925,1.6013131351397243
YMR110C,0.31207734140637994,-0.6466451867708967,-1.1420078541633059,1.476575699527823
YMR120C,-0.8630763814648241,-0.6014106354379593,-0.22196907163788965,1.6864560885406739
YMR145C,-0.9708542778623366,-0.543623476512982,-0.14139732637067898,1.6558750807459977
YMR165C,-1.7155276323623643,0.37352738919411865,0.5789134618792741,0.7630867812889698
YMR170C,0.7062143602613016,0.8959462684234906,0.04007431514165542,-1.642234943826452
YMR217W,0.7949493982242004,-1.7157633675936046,0.47185987938247687,0.4489540899869266
YMR226C,-1.2966762721982685,-0.5220395162326562,0.4665024838016231,1.3522133046293003
YMR241W,1.125474548411895,0.7360315841939111,-0.45171131077342364,-1.409794821832382
YMR243C,0.4661304867223262,-1.4591564105861423,-0.2652398510135304,1.258265774877348
YMR250W,-0.5813750077157556,-0.6723377125302745,-0.4740676400376933,1.7277803602837238
YMR278W,0.4178022803628263,1.4168611781834135,-1.1770918621052255,-0.6575715964410144
YMR300C,-1.029142379797942,1.3843294180084824,0.5157386914849098,-0.8709257296954536
YMR301C,-0.9593198832783694,1.6092552479616045,-0.6983273744093648,0.04839200972612855
YNL037C,0.4489269064548904,-0.6179352170139131,-1.2197846922760833,1.388793002835106
YNL045W,-0.5072888932697801,-0.21080272741709413,-0.9525166931287157,1.6706083138155912
YNL052W,0.37738173987377893,1.0659747888381126,0.19473914531165776,-1.6380956740235493
YNL071W,1.1887296026795642,-0.10603153879043194,0.4560379781273476,-1.538736042016479
YNL106C,-0.500529218236308,-0.3075350562283455,-0.8860083185382153,1.6940725930028688
YNL117W,0.6869052675415761,1.2215055932521157,-0.6262807193122927,-1.2821301414813984
YNL202W,0.4213764244614084,-1.4490413586754314,1.286708084929706,-0.25904315071568174
YNL220W,-0.5964150754953164,-0.13061127714066983,-0.9332030789383383,1.6602294315743247
YNL241C,0.7009753389712847,-0.5337092780115916,-1.350479314198584,1.1832132532388908
YNR008W,-0.11580181380882713,-0.8499217491260841,-0.6999129139579233,1.665636476892834
YNR016C,0.8844818536111819,-1.6233197887809776,-0.024017156049944016,0.7628550912197432
YNR043W,-0.4494365537276941,-0.8916272784227729,-0.3550853321208764,1.6961491642713442
YNR050C,0.4679332073750112,-1.40950083283253,-0.3511258900443869,1.2926935155019057
YOL049W,0.5124853530672778,1.2514976889408522,-1.4366509711268753,-0.32733207088126803
YOL059W,0.9247418135019042,-1.3767142994533035,-0.5314339680080921,0.9834064539594923
YOL061W,0.8288683035114972,0.6819945141423284,-1.6791487874740056,0.16828596982018185
YOL097C,0.7510310658264326,-1.5107676007936521,-0.277753885912171,1.0374904208793896
YOL140W,0.2561750457856447,-0.5399408948720058,1.4840037550587655,-1.2002379059724053
YOL143C,0.537890734325259,1.2217042792294708,-1.4586001096464682,-0.3009949039082623
YOR040W,-0.06817240066821098,0.3849771333836032,1.2194514922251802,-1.5362562249405718
YOR065W,0.6159617558513096,1.236055314026069,-0.4913967757570629,-1.3606202941203145
YOR095C,-0.4629205083600258,-0.28871531859307964,1.683462716083448,-0.9318268891303424
YOR100C,-0.6096489591026379,1.2598302703730921,-1.2815915620002043,0.6314102507297517
YOR136W,1.4179984372165049,0.05585920767000325,-0.06609650275567652,-1.4077611421308296
YOR142W,0.10289239825011845,0.039801938151434166,1.338909567872692,-1.481603904274246
YOR176W,-0.4666514368699902,-0.8635965805556255,-0.372097637944119,1.7023456553697347
YOR184W,1.013153802922562,-1.6308726967051324,0.060882328090679914,0.5568365656918894
YOR303W,1.3934955118585224,-1.3322999463113183,-0.4056142243249633,0.34441865877775857
YOR317W,0.023927367596623884,-0.5033567775430263,-1.1077149139718145,1.5871443239182161
YOR323C,1.0625706814837785,0.7832133980881301,-1.4492288548130732,-0.3965552247588353
YOR332W,-0.8931005274917408,-0.5223134516164356,-0.27409282199791074,1.6895068011060865
YOR347C,1.1411299731763023,-0.1448212620588225,0.5460040764931336,-1.5423127876106133
YPL023C,-1.3555103887799733,0.7691086253715479,1.1296009038898884,-0.5431991404814629
YPL028W,-0.5580915570600742,-0.9567371572190542,1.659033680671504,-0.14420496639237682
YPL078C,1.1439019426741193,-0.5096290359252722,0.7389448718961363,-1.373217778644981
YPL091W,1.4323317363573778,-1.3927011215795881,-0.08315601373395928,0.043525398956171836
YPL117C,0.780802702829454,-1.2441033463666418,-0.6998082816224958,1.1631089251596827
YPL134C,-1.6999345174267548,0.432983512200546,0.8785933210205957,0.38835768420561245
YPL231W,-0.13577172623300093,0.5275777619133554,1.1506614549371939,-1.5424674906175582
YPL262W,-1.4550950870298516,0.6941429875571629,1.1259087266699694,-0.36495662719727795
YPL265W,-0.3623924661819112,-0.5474603130698724,-0.8010678114180334,1.7109205906698162
YPR002W,-0.31853306279300864,-0.183569202258548,-1.1162062853741788,1.6183085504257348
YPR035W,-1.2794516095485549,0.07874374260791979,1.5047745521420572,-0.30406668520142305
YPR069C,0.0056377183077716535,-0.3050096269295273,-1.239940897361304,1.5393128059830588
YPR127W,-1.7144781244588236,0.44917986607890764,0.46189731026573055,0.8034009481141855
YPR145W,-0.6234341477595532,-0.6319450708783056,-0.47321610860291685,1.728595327240776
YPR160W,-1.1941044305419313,1.577837480165379,-0.26575146393615895,-0.11798158568728763
YPR183W,-0.6500848533879212,-0.43678206004829845,-0.6389309692636561,1.7257978826998757
YPR191W,0.1326912533980631,1.2671278487985076,-1.5356826323331718,0.13586353013659797
