protein,region,n_species,Y_lipolytica,K_lactis,K_marxianus,S_cerevisiae
Arthrobotrys_oligospora_Seq_4636,Y_lipolytica,1,1,0,0,0
Arthrobotrys_oligospora_Seq_8174,Y_lipolytica,1,1,0,0,0
Arxula_adeninivorans_Seq_4391,Y_lipolytica,1,1,0,0,0
Arxula_adeninivorans_Seq_5367,K_lactis_and_K_marxianus,2,0,1,1,0
Arxula_adeninivorans_Seq_862,Y_lipolytica,1,1,0,0,0
Ascoidea_asiatica_Seq_6967,Y_lipolytica_and_K_lactis_and_K_marxianus,3,1,1,1,0
Ashbya_aceri_Seq_3604,Y_lipolytica_and_K_lactis_and_K_marxianus,3,1,1,1,0
Aspergillus_nidulans_Seq_1543,Y_lipolytica,1,1,0,0,0
Aspergillus_nidulans_Seq_4495,Y_lipolytica,1,1,0,0,0
Aspergillus_nidulans_Seq_6682,Y_lipolytica,1,1,0,0,0
Aspergillus_nidulans_Seq_8936,Y_lipolytica,1,1,0,0,0
Babjeviella_inositovora_Seq_4035,Y_lipolytica,1,1,0,0,0
Botrytis_cinerea_Seq_4447,Y_lipolytica,1,1,0,0,0
Coccidioides_immitis_Seq_4755,Y_lipolytica,1,1,0,0,0
Cyberlindnera_fabianii_JCM3601_Seq_1970,Y_lipolytica,1,1,0,0,0
Fusarium_graminearum_Seq_316,Y_lipolytica,1,1,0,0,0
Fusarium_graminearum_Seq_4803,Y_lipolytica,1,1,0,0,0
Fusarium_graminearum_Seq_9299,Y_lipolytica,1,1,0,0,0
Geotrichum_candidum_Seq_2298,Y_lipolytica,1,1,0,0,0
Geotrichum_candidum_Seq_4262,Y_lipolytica,1,1,0,0,0
Geotrichum_candidum_Seq_4731,Y_lipolytica,1,1,0,0,0
Geotrichum_candidum_Seq_5627,Y_lipolytica,1,1,0,0,0
Geotrichum_candidum_Seq_6125,Y_lipolytica,1,1,0,0,0
Geotrichum_candidum_Seq_6512,Y_lipolytica,1,1,0,0,0
Geotrichum_candidum_Seq_6513,Y_lipolytica,1,1,0,0,0
Geotrichum_candidum_Seq_6760,Y_lipolytica,1,1,0,0,0
Geotrichum_candidum_Seq_849,Y_lipolytica,1,1,0,0,0
Kluyveromyces_lactis_Seq_1105,K_lactis,1,0,1,0,0
Kluyveromyces_lactis_Seq_1820,K_lactis,1,0,1,0,0
Kluyveromyces_lactis_Seq_2294,Y_lipolytica_and_K_lactis_and_K_marxianus,3,1,1,1,0
Komagataella_pastoris_Seq_4479,Y_lipolytica,1,1,0,0,0
Lachancea_dasiensis_Seq_2651,Y_lipolytica_and_K_lactis_and_K_marxianus,3,1,1,1,0
Lachancea_mirantina_Seq_826,Y_lipolytica_and_K_lactis_and_K_marxianus,3,1,1,1,0
Lachancea_quebecensis_Seq_3384,K_lactis_and_K_marxianus,2,0,1,1,0
Lipomyces_starkeyi_Seq_7051,Y_lipolytica,1,1,0,0,0
Lipomyces_starkeyi_Seq_8757,Y_lipolytica_and_K_lactis_and_K_marxianus,3,1,1,1,0
Lodderomyces_elongisporus_Seq_5442,Y_lipolytica,1,1,0,0,0
Metschnikowia_arizonensis_Seq_1293,Y_lipolytica_and_K_lactis_and_K_marxianus,3,1,1,1,0
Metschnikowia_bicuspidata_Seq_3769,K_lactis_and_K_marxianus,2,0,1,1,0
Metschnikowia_borealis_Seq_144,Y_lipolytica,1,1,0,0,0
Metschnikowia_borealis_Seq_5873,Y_lipolytica,1,1,0,0,0
Metschnikowia_bowlesiae_Seq_2683,Y_lipolytica,1,1,0,0,0
Metschnikowia_continentalis_Seq_2992,Y_lipolytica_and_K_lactis_and_K_marxianus,3,1,1,1,0
Metschnikowia_dekortum_Seq_167,Y_lipolytica_and_K_lactis_and_K_marxianus,3,1,1,1,0
Metschnikowia_dekortum_Seq_4089,Y_lipolytica_and_K_lactis_and_K_marxianus,3,1,1,1,0
Metschnikowia_hamakuensis_Seq_2035,Y_lipolytica,1,1,0,0,0
Metschnikowia_hibisci_Seq_207,Y_lipolytica,1,1,0,0,0
Metschnikowia_hibisci_Seq_5078,Y_lipolytica,1,1,0,0,0
Metschnikowia_kamakouana_Seq_3870,Y_lipolytica,1,1,0,0,0
Metschnikowia_kipukae_Seq_1387,Y_lipolytica,1,1,0,0,0
Metschnikowia_lockheadii_Seq_2967,Y_lipolytica,1,1,0,0,0
Metschnikowia_lockheadii_Seq_4766,Y_lipolytica,1,1,0,0,0
Metschnikowia_matae_Seq_1498,Y_lipolytica,1,1,0,0,0
Metschnikowia_matae_Seq_2628,Y_lipolytica_and_K_lactis_and_K_marxianus,3,1,1,1,0
Metschnikowia_matae_Seq_2907,Y_lipolytica,1,1,0,0,0
Metschnikowia_matae_maris_Seq_1638,Y_lipolytica,1,1,0,0,0
Metschnikowia_matae_maris_Seq_4823,Y_lipolytica,1,1,0,0,0
Metschnikowia_mauinuiana_Seq_2942,Y_lipolytica,1,1,0,0,0
Metschnikowia_mauinuiana_Seq_5548,Y_lipolytica,1,1,0,0,0
Metschnikowia_proteae_Seq_1593,Y_lipolytica,1,1,0,0,0
Metschnikowia_proteae_Seq_4309,Y_lipolytica,1,1,0,0,0
Metschnikowia_proteae_Seq_895,Y_lipolytica_and_K_lactis_and_K_marxianus,3,1,1,1,0
Metschnikowia_santaceciliae_Seq_1206,Y_lipolytica,1,1,0,0,0
Metschnikowia_santaceciliae_Seq_2763,K_lactis_and_K_marxianus,2,0,1,1,0
Metschnikowia_santaceciliae_Seq_532,Y_lipolytica,1,1,0,0,0
Metschnikowia_santaceciliae_Seq_5740,Y_lipolytica_and_K_lactis_and_K_marxianus,3,1,1,1,0
Metschnikowia_shivogae_Seq_453,Y_lipolytica,1,1,0,0,0
Metschnikowia_similis_Seq_1499,Y_lipolytica_and_K_lactis_and_K_marxianus,3,1,1,1,0
Millerozyma_acaciae_Seq_4071,Y_lipolytica,1,1,0,0,0
Millerozyma_acaciae_Seq_4100,Y_lipolytica,1,1,0,0,0
Nadsonia_fulvescens_var_elongata_Seq_1278,Y_lipolytica,1,1,0,0,0
Nadsonia_fulvescens_var_elongata_Seq_2140,Y_lipolytica,1,1,0,0,0
Nadsonia_fulvescens_var_elongata_Seq_2787,Y_lipolytica,1,1,0,0,0
Nadsonia_fulvescens_var_elongata_Seq_5575,Y_lipolytica_and_K_lactis_and_K_marxianus,3,1,1,1,0
Nakazawaea_peltata_Seq_571,Y_lipolytica_and_K_lactis,2,1,1,0,0
Pichia_membranifaciens_Seq_3416,Y_lipolytica,1,1,0,0,0
Q0045,K_marxianus_and_S_cerevisiae,2,0,0,1,1
Q0080,S_cerevisiae,1,0,0,0,1
Q0085,S_cerevisiae,1,0,0,0,1
Q0105,S_cerevisiae,1,0,0,0,1
Q0115,K_marxianus,1,0,0,1,0
Q0130,S_cerevisiae,1,0,0,0,1
Q0250,K_marxianus_and_S_cerevisiae,2,0,0,1,1
Q0275,S_cerevisiae,1,0,0,0,1
Saccharomyces_mikatae_Seq_3460,K_lactis,1,0,1,0,0
Schizosaccharomyces_pombe_Seq_4195,Y_lipolytica,1,1,0,0,0
Spathaspora_arborariae_Seq_5108,Y_lipolytica_and_K_lactis_and_K_marxianus,3,1,1,1,0
Stagonospora_nodorum_Seq_11788,Y_lipolytica,1,1,0,0,0
Stagonospora_nodorum_Seq_3573,Y_lipolytica,1,1,0,0,0
YAL012W,Y_lipolytica_and_K_lactis_and_K_marxianus_and_S_cerevisiae,4,1,1,1,1
YAL022C,Y_lipolytica_and_K_marxianus_and_S_cerevisiae,3,1,0,1,1
YAL023C,S_cerevisiae,1,0,0,0,1
YAL026C,S_cerevisiae,1,0,0,0,1
YAL035W,Y_lipolytica_and_K_lactis_and_K_marxianus_and_S_cerevisiae,4,1,1,1,1
YAL038W,S_cerevisiae,1,0,0,0,1
YAL039C,Y_lipolytica_and_K_lactis_and_K_marxianus_and_S_cerevisiae,4,1,1,1,1
YAL044C,Y_lipolytica_and_K_lactis_and_K_marxianus_and_S_cerevisiae,4,1,1,1,1
YAL054C,Y_lipolytica_and_K_lactis_and_K_marxianus_and_S_cerevisiae,4,1,1,1,1
YAL060W,S_cerevisiae,1,0,0,0,1
YAL061W,K_lactis_and_K_marxianus_and_S_cerevisiae,3,0,1,1,1
YAL062W,Y_lipolytica_and_K_lactis_and_K_marxianus_and_S_cerevisiae,4,1,1,1,1
YAR015W,Y_lipolytica_and_K_lactis_and_K_marxianus_and_S_cerevisiae,4,1,1,1,1
YAR035W,Y_lipolytica_and_K_lactis_and_K_marxianus_and_S_cerevisiae,4,1,1,1,1
YAR071W,S_cerevisiae,1,0,0,0,1
YBL011W,Y_lipolytica_and_K_lactis_and_K_marxianus_and_S_cerevisiae,4,1,1,1,1
YBL013W,Y_lipolytica_and_K_lactis_and_K_marxianus_and_S_cerevisiae,4,1,1,1,1
YBL015W,Y_lipolytica_and_K_lactis_and_K_marxianus_and_S_cerevisiae,4,1,1,1,1
YBL030C,Y_lipolytica_and_K_lactis_and_K_marxianus_and_S_cerevisiae,4,1,1,1,1
YBL033C,Y_lipolytica_and_K_lactis_and_K_marxianus_and_S_cerevisiae,4,1,1,1,1
YBL039C,Y_lipolytica_and_K_lactis_and_K_marxianus_and_S_cerevisiae,4,1,1,1,1
YBL042C,Y_lipolytica_and_K_lactis_and_K_marxianus_and_S_cerevisiae,4,1,1,1,1
YBL045C,K_lactis_and_K_marxianus_and_S_cerevisiae,3,0,1,1,1
YBL064C,K_lactis_and_K_marxianus_and_S_cerevisiae,3,0,1,1,1
YBL068W,Y_lipolytica_and_K_lactis_and_K_marxianus_and_S_cerevisiae,4,1,1,1,1
YBL076C,Y_lipolytica_and_K_lactis_and_K_marxianus_and_S_cerevisiae,4,1,1,1,1
YBL080C,Y_lipolytica_and_K_lactis_and_K_marxianus_and_S_cerevisiae,4,1,1,1,1
YBL089W,Y_lipolytica_and_K_lactis_and_K_marxianus,3,1,1,1,0
YBL091C,Y_lipolytica_and_K_lactis_and_K_marxianus_and_S_cerevisiae,4,1,1,1,1
YBL098W,Y_lipolytica_and_S_cerevisiae,2,1,0,0,1
YBL099W,Y_lipolytica_and_K_lactis_and_K_marxianus_and_S_cerevisiae,4,1,1,1,1
YBR001C,K_lactis_and_K_marxianus_and_S_cerevisiae,3,0,1,1,1
YBR002C,Y_lipolytica_and_K_lactis_and_K_marxianus_and_S_cerevisiae,4,1,1,1,1
YBR003W,Y_lipolytica_and_K_lactis_and_K_marxianus_and_S_cerevisiae,4,1,1,1,1
YBR004C,Y_lipolytica_and_K_lactis_and_S_cerevisiae,3,1,1,0,1
YBR006W,Y_lipolytica_and_K_lactis_and_K_marxianus_and_S_cerevisiae,4,1,1,1,1
YBR011C,Y_lipolytica_and_K_lactis_and_K_marxianus_and_S_cerevisiae,4,1,1,1,1
YBR018C,Y_lipolytica_and_K_lactis_and_K_marxianus_and_S_cerevisiae,4,1,1,1,1
YBR019C,Y_lipolytica_and_K_lactis_and_K_marxianus_and_S_cerevisiae,4,1,1,1,1
YBR020W,Y_lipolytica_and_K_lactis_and_K_marxianus_and_S_cerevisiae,4,1,1,1,1
YBR021W,S_cerevisiae,1,0,0,0,1
YBR022W,Y_lipolytica_and_S_cerevisiae,2,1,0,0,1
YBR023C,Y_lipolytica_and_K_lactis_and_K_marxianus_and_S_cerevisiae,4,1,1,1,1
YBR026C,Y_lipolytica_and_K_lactis_and_K_marxianus_and_S_cerevisiae,4,1,1,1,1
YBR029C,Y_lipolytica_and_K_lactis_and_K_marxianus_and_S_cerevisiae,4,1,1,1,1
YBR034C,Y_lipolytica_and_K_lactis_and_K_marxianus_and_S_cerevisiae,4,1,1,1,1
YBR035C,Y_lipolytica_and_K_lactis_and_K_marxianus_and_S_cerevisiae,4,1,1,1,1
YBR036C,S_cerevisiae,1,0,0,0,1
YBR038W,S_cerevisiae,1,0,0,0,1
YBR039W,Y_lipolytica_and_K_lactis_and_K_marxianus_and_S_cerevisiae,4,1,1,1,1
YBR041W,Y_lipolytica_and_K_lactis_and_K_marxianus_and_S_cerevisiae,4,1,1,1,1
YBR042C,Y_lipolytica_and_K_lactis_and_K_marxianus_and_S_cerevisiae,4,1,1,1,1
YBR046C,K_lactis_and_K_marxianus_and_S_cerevisiae,3,0,1,1,1
YBR058C-A,S_cerevisiae,1,0,0,0,1
YBR068C,S_cerevisiae,1,0,0,0,1
YBR069C,S_cerevisiae,1,0,0,0,1
YBR070C,Y_lipolytica_and_K_lactis_and_K_marxianus_and_S_cerevisiae,4,1,1,1,1
YBR084W,Y_lipolytica_and_K_lactis_and_K_marxianus_and_S_cerevisiae,4,1,1,1,1
YBR085W,S_cerevisiae,1,0,0,0,1
YBR092C,S_cerevisiae,1,0,0,0,1
YBR093C,S_cerevisiae,1,0,0,0,1
YBR097W,Y_lipolytica_and_S_cerevisiae,2,1,0,0,1
YBR110W,Y_lipolytica_and_K_lactis_and_K_marxianus_and_S_cerevisiae,4,1,1,1,1
YBR111C,Y_lipolytica_and_K_lactis_and_K_marxianus_and_S_cerevisiae,4,1,1,1,1
YBR115C,Y_lipolytica_and_K_lactis_and_K_marxianus_and_S_cerevisiae,4,1,1,1,1
YBR117C,Y_lipolytica_and_K_lactis_and_K_marxianus_and_S_cerevisiae,4,1,1,1,1
YBR121C,Y_lipolytica_and_K_lactis_and_K_marxianus_and_S_cerevisiae,4,1,1,1,1
YBR126C,Y_lipolytica_and_K_lactis_and_K_marxianus_and_S_cerevisiae,4,1,1,1,1
YBR127C,Y_lipolytica_and_K_lactis_and_K_marxianus_and_S_cerevisiae,4,1,1,1,1
YBR132C,Y_lipolytica_and_K_lactis_and_K_marxianus_and_S_cerevisiae,4,1,1,1,1
YBR145W,S_cerevisiae,1,0,0,0,1
YBR147W,S_cerevisiae,1,0,0,0,1
YBR148W,Y_lipolytica_and_K_lactis_and_K_marxianus,3,1,1,1,0
YBR149W,S_cerevisiae,1,0,0,0,1
YBR153W,Y_lipolytica_and_K_lactis_and_K_marxianus_and_S_cerevisiae,4,1,1,1,1
YBR159W,Y_lipolytica_and_K_marxianus_and_S_cerevisiae,3,1,0,1,1
YBR161W,S_cerevisiae,1,0,0,0,1
YBR166C,Y_lipolytica_and_K_lactis_and_K_marxianus_and_S_cerevisiae,4,1,1,1,1
YBR176W,Y_lipolytica_and_K_lactis_and_K_marxianus_and_S_cerevisiae,4,1,1,1,1
YBR177C,S_cerevisiae,1,0,0,0,1
YBR180W,K_lactis_and_K_marxianus_and_S_cerevisiae,3,0,1,1,1
YBR183W,S_cerevisiae,1,0,0,0,1
YBR192W,Y_lipolytica_and_K_lactis_and_K_marxianus_and_S_cerevisiae,4,1,1,1,1
YBR196C,Y_lipolytica_and_K_lactis_and_K_marxianus_and_S_cerevisiae,4,1,1,1,1
YBR199W,Y_lipolytica_and_S_cerevisiae,2,1,0,0,1
YBR204C,Y_lipolytica_and_K_lactis_and_K_marxianus_and_S_cerevisiae,4,1,1,1,1
YBR205W,K_lactis_and_K_marxianus_and_S_cerevisiae,3,0,1,1,1
YBR208C,Y_lipolytica_and_K_lactis_and_K_marxianus_and_S_cerevisiae,4,1,1,1,1
YBR213W,Y_lipolytica_and_K_lactis_and_K_marxianus_and_S_cerevisiae,4,1,1,1,1
YBR218C,Y_lipolytica_and_K_lactis_and_K_marxianus_and_S_cerevisiae,4,1,1,1,1
YBR221C,Y_lipolytica_and_K_lactis_and_K_marxianus_and_S_cerevisiae,4,1,1,1,1
YBR222C,Y_lipolytica_and_S_cerevisiae,2,1,0,0,1
YBR229C,Y_lipolytica_and_K_lactis_and_K_marxianus_and_S_cerevisiae,4,1,1,1,1
YBR235W,Y_lipolytica_and_K_lactis_and_K_marxianus_and_S_cerevisiae,4,1,1,1,1
YBR241C,Y_lipolytica_and_K_lactis_and_K_marxianus_and_S_cerevisiae,4,1,1,1,1
YBR243C,Y_lipolytica_and_K_lactis_and_K_marxianus_and_S_cerevisiae,4,1,1,1,1
YBR244W,S_cerevisiae,1,0,0,0,1
YBR248C,Y_lipolytica_and_K_lactis_and_K_marxianus_and_S_cerevisiae,4,1,1,1,1
YBR249C,Y_lipolytica_and_S_cerevisiae,2,1,0,0,1
YBR252W,S_cerevisiae,1,0,0,0,1
YBR256C,Y_lipolytica_and_K_lactis_and_K_marxianus_and_S_cerevisiae,4,1,1,1,1
YBR263W,Y_lipolytica_and_K_lactis_and_K_marxianus_and_S_cerevisiae,4,1,1,1,1
YBR265W,Y_lipolytica_and_K_marxianus_and_S_cerevisiae,3,1,0,1,1
YBR281C,Y_lipolytica_and_K_lactis_and_K_marxianus_and_S_cerevisiae,4,1,1,1,1
YBR291C,Y_lipolytica_and_K_lactis_and_K_marxianus_and_S_cerevisiae,4,1,1,1,1
YBR293W,K_marxianus_and_S_cerevisiae,2,0,0,1,1
YBR294W,S_cerevisiae,1,0,0,0,1
YBR295W,S_cerevisiae,1,0,0,0,1
YBR296C,Y_lipolytica_and_K_lactis_and_K_marxianus_and_S_cerevisiae,4,1,1,1,1
YBR298C,S_cerevisiae,1,0,0,0,1
YBR299W,S_cerevisiae,1,0,0,0,1
YCL004W,Y_lipolytica_and_K_lactis_and_K_marxianus_and_S_cerevisiae,4,1,1,1,1
YCL005W-A,Y_lipolytica_and_K_marxianus_and_S_cerevisiae,3,1,0,1,1
YCL009C,Y_lipolytica_and_K_lactis_and_K_marxianus_and_S_cerevisiae,4,1,1,1,1
YCL017C,Y_lipolytica_and_K_lactis_and_K_marxianus_and_S_cerevisiae,4,1,1,1,1
YCL018W,Y_lipolytica_and_K_lactis_and_K_marxianus_and_S_cerevisiae,4,1,1,1,1
YCL025C,S_cerevisiae,1,0,0,0,1
YCL030C,Y_lipolytica_and_K_lactis_and_K_marxianus_and_S_cerevisiae,4,1,1,1,1
YCL035C,S_cerevisiae,1,0,0,0,1
YCL038C,Y_lipolytica_and_K_lactis_and_K_marxianus_and_S_cerevisiae,4,1,1,1,1
YCL040W,S_cerevisiae,1,0,0,0,1
YCL047C,Y_lipolytica_and_S_cerevisiae,2,1,0,0,1
YCL050C,S_cerevisiae,1,0,0,0,1
YCL052C,Y_lipolytica_and_K_lactis_and_K_marxianus_and_S_cerevisiae,4,1,1,1,1
YCL064C,Y_lipolytica_and_K_lactis_and_K_marxianus_and_S_cerevisiae,4,1,1,1,1
YCL069W,S_cerevisiae,1,0,0,0,1
YCR005C,S_cerevisiae,1,0,0,0,1
YCR010C,Y_lipolytica_and_K_lactis_and_K_marxianus_and_S_cerevisiae,4,1,1,1,1
YCR011C,Y_lipolytica_and_K_lactis_and_K_marxianus_and_S_cerevisiae,4,1,1,1,1
YCR012W,Y_lipolytica_and_K_lactis_and_K_marxianus_and_S_cerevisiae,4,1,1,1,1
YCR024C,Y_lipolytica_and_K_lactis_and_K_marxianus_and_S_cerevisiae,4,1,1,1,1
YCR024C-A,S_cerevisiae,1,0,0,0,1
YCR028C,Y_lipolytica_and_K_lactis_and_K_marxianus_and_S_cerevisiae,4,1,1,1,1
YCR034W,Y_lipolytica_and_K_lactis_and_K_marxianus_and_S_cerevisiae,4,1,1,1,1
YCR036W,Y_lipolytica_and_K_lactis_and_K_marxianus_and_S_cerevisiae,4,1,1,1,1
YCR037C,Y_lipolytica_and_K_lactis_and_K_marxianus_and_S_cerevisiae,4,1,1,1,1
YCR048W,S_cerevisiae,1,0,0,0,1
YCR053W,Y_lipolytica_and_K_lactis_and_K_marxianus_and_S_cerevisiae,4,1,1,1,1
YCR068W,Y_lipolytica_and_K_lactis_and_K_marxianus_and_S_cerevisiae,4,1,1,1,1
YCR075C,Y_lipolytica_and_K_lactis_and_K_marxianus_and_S_cerevisiae,4,1,1,1,1
YCR083W,K_lactis_and_K_marxianus_and_S_cerevisiae,3,0,1,1,1
YCR087C-A,Y_lipolytica_and_K_lactis_and_K_marxianus,3,1,1,1,0
YCR098C,Y_lipolytica_and_S_cerevisiae,2,1,0,0,1
YCR105W,K_lactis_and_K_marxianus_and_S_cerevisiae,3,0,1,1,1
YCR107W,S_cerevisiae,1,0,0,0,1
YDL004W,Y_lipolytica_and_K_lactis_and_K_marxianus_and_S_cerevisiae,4,1,1,1,1
YDL015C,Y_lipolytica_and_K_lactis_and_K_marxianus_and_S_cerevisiae,4,1,1,1,1
YDL022W,S_cerevisiae,1,0,0,0,1
YDL024C,K_lactis_and_K_marxianus_and_S_cerevisiae,3,0,1,1,1
YDL040C,Y_lipolytica_and_K_lactis_and_K_marxianus_and_S_cerevisiae,4,1,1,1,1
YDL042C,Y_lipolytica_and_K_lactis_and_K_marxianus_and_S_cerevisiae,4,1,1,1,1
YDL045C,Y_lipolytica_and_K_lactis_and_K_marxianus_and_S_cerevisiae,4,1,1,1,1
YDL052C,Y_lipolytica_and_K_lactis_and_K_marxianus_and_S_cerevisiae,4,1,1,1,1
YDL055C,Y_lipolytica_and_K_lactis_and_K_marxianus_and_S_cerevisiae,4,1,1,1,1
YDL066W,Y_lipolytica_and_K_lactis_and_K_marxianus_and_S_cerevisiae,4,1,1,1,1
YDL067C,Y_lipolytica_and_K_lactis_and_K_marxianus_and_S_cerevisiae,4,1,1,1,1
YDL078C,K_lactis_and_K_marxianus_and_S_cerevisiae,3,0,1,1,1
YDL080C,Y_lipolytica_and_K_lactis_and_K_marxianus_and_S_cerevisiae,4,1,1,1,1
YDL085W,S_cerevisiae,1,0,0,0,1
YDL090C,Y_lipolytica_and_K_lactis_and_K_marxianus_and_S_cerevisiae,4,1,1,1,1
YDL093W,S_cerevisiae,1,0,0,0,1
YDL095W,Y_lipolytica_and_K_lactis_and_K_marxianus_and_S_cerevisiae,4,1,1,1,1
YDL100C,Y_lipolytica_and_K_lactis_and_K_marxianus_and_S_cerevisiae,4,1,1,1,1
YDL103C,Y_lipolytica_and_K_lactis_and_K_marxianus_and_S_cerevisiae,4,1,1,1,1
YDL120W,K_lactis_and_K_marxianus_and_S_cerevisiae,3,0,1,1,1
YDL131W,Y_lipolytica_and_K_lactis_and_K_marxianus_and_S_cerevisiae,4,1,1,1,1
YDL141W,Y_lipolytica_and_K_lactis_and_K_marxianus_and_S_cerevisiae,4,1,1,1,1
YDL142C,Y_lipolytica_and_K_lactis_and_K_marxianus_and_S_cerevisiae,4,1,1,1,1
YDL166C,Y_lipolytica_and_K_lactis_and_K_marxianus_and_S_cerevisiae,4,1,1,1,1
YDL168W,Y_lipolytica_and_K_lactis_and_K_marxianus_and_S_cerevisiae,4,1,1,1,1
YDL171C,Y_lipolytica_and_K_lactis_and_K_marxianus_and_S_cerevisiae,4,1,1,1,1
YDL174C,Y_lipolytica_and_K_lactis_and_K_marxianus_and_S_cerevisiae,4,1,1,1,1
YDL178W,Y_lipolytica_and_K_lactis_and_K_marxianus_and_S_cerevisiae,4,1,1,1,1
YDL182W,S_cerevisiae,1,0,0,0,1
YDL185W,Y_lipolytica_and_K_lactis_and_K_marxianus_and_S_cerevisiae,4,1,1,1,1
YDL198C,Y_lipolytica_and_K_lactis_and_K_marxianus_and_S_cerevisiae,4,1,1,1,1
YDL205C,Y_lipolytica_and_K_lactis_and_K_marxianus_and_S_cerevisiae,4,1,1,1,1
YDL207W,K_lactis_and_K_marxianus,2,0,1,1,0
YDL210W,Y_lipolytica_and_K_lactis_and_K_marxianus_and_S_cerevisiae,4,1,1,1,1
YDL215C,Y_lipolytica_and_K_lactis_and_K_marxianus_and_S_cerevisiae,4,1,1,1,1
YDL219W,Y_lipolytica_and_K_marxianus_and_S_cerevisiae,3,1,0,1,1
YDL236W,Y_lipolytica_and_K_lactis_and_S_cerevisiae,3,1,1,0,1
YDL238C,S_cerevisiae,1,0,0,0,1
YDL239C,Y_lipolytica_and_K_lactis_and_K_marxianus,3,1,1,1,0
YDL243C,S_cerevisiae,1,0,0,0,1
YDL245C,S_cerevisiae,1,0,0,0,1
YDL246C,S_cerevisiae,1,0,0,0,1
YDL247W,S_cerevisiae,1,0,0,0,1
YDR001C,S_cerevisiae,1,0,0,0,1
YDR007W,Y_lipolytica_and_K_marxianus_and_S_cerevisiae,3,1,0,1,1
YDR009W,S_cerevisiae,1,0,0,0,1
YDR017C,Y_lipolytica_and_K_lactis_and_K_marxianus_and_S_cerevisiae,4,1,1,1,1
YDR019C,Y_lipolytica_and_K_lactis_and_K_marxianus_and_S_cerevisiae,4,1,1,1,1
YDR020C,Y_lipolytica_and_K_lactis_and_K_marxianus_and_S_cerevisiae,4,1,1,1,1
YDR023W,Y_lipolytica_and_K_lactis_and_K_marxianus_and_S_cerevisiae,4,1,1,1,1
YDR035W,Y_lipolytica_and_K_lactis_and_K_marxianus_and_S_cerevisiae,4,1,1,1,1
YDR036C,Y_lipolytica_and_K_lactis_and_K_marxianus_and_S_cerevisiae,4,1,1,1,1
YDR037W,Y_lipolytica_and_K_lactis_and_K_marxianus_and_S_cerevisiae,4,1,1,1,1
YDR038C,S_cerevisiae,1,0,0,0,1
YDR039C,S_cerevisiae,1,0,0,0,1
YDR040C,Y_lipolytica_and_K_lactis_and_K_marxianus_and_S_cerevisiae,4,1,1,1,1
YDR044W,Y_lipolytica_and_K_lactis_and_K_marxianus_and_S_cerevisiae,4,1,1,1,1
YDR046C,S_cerevisiae,1,0,0,0,1
YDR047W,Y_lipolytica_and_K_lactis_and_K_marxianus_and_S_cerevisiae,4,1,1,1,1
YDR050C,Y_lipolytica_and_K_lactis_and_K_marxianus_and_S_cerevisiae,4,1,1,1,1
YDR051C,Y_lipolytica_and_K_lactis_and_K_marxianus_and_S_cerevisiae,4,1,1,1,1
YDR058C,Y_lipolytica_and_K_lactis_and_K_marxianus_and_S_cerevisiae,4,1,1,1,1
YDR062W,Y_lipolytica_and_K_lactis_and_K_marxianus_and_S_cerevisiae,4,1,1,1,1
YDR071C,Y_lipolytica_and_K_lactis_and_K_marxianus_and_S_cerevisiae,4,1,1,1,1
YDR072C,K_lactis_and_K_marxianus_and_S_cerevisiae,3,0,1,1,1
YDR074W,Y_lipolytica_and_K_lactis_and_K_marxianus_and_S_cerevisiae,4,1,1,1,1
YDR093W,Y_lipolytica_and_K_lactis_and_K_marxianus_and_S_cerevisiae,4,1,1,1,1
YDR098C,Y_lipolytica_and_K_lactis_and_K_marxianus_and_S_cerevisiae,4,1,1,1,1
YDR105C,Y_lipolytica_and_K_lactis_and_K_marxianus_and_S_cerevisiae,4,1,1,1,1
YDR109C,Y_lipolytica_and_K_lactis_and_K_marxianus,3,1,1,1,0
YDR111C,S_cerevisiae,1,0,0,0,1
YDR125C,K_lactis,1,0,1,0,0
YDR127W,Y_lipolytica_and_K_lactis_and_K_marxianus_and_S_cerevisiae,4,1,1,1,1
YDR128W,K_lactis_and_K_marxianus,2,0,1,1,0
YDR135C,S_cerevisiae,1,0,0,0,1
YDR147W,S_cerevisiae,1,0,0,0,1
YDR148C,Y_lipolytica_and_K_lactis_and_K_marxianus_and_S_cerevisiae,4,1,1,1,1
YDR158W,Y_lipolytica_and_K_lactis_and_K_marxianus_and_S_cerevisiae,4,1,1,1,1
YDR173C,Y_lipolytica_and_K_lactis_and_K_marxianus_and_S_cerevisiae,4,1,1,1,1
YDR178W,Y_lipolytica_and_K_lactis_and_K_marxianus_and_S_cerevisiae,4,1,1,1,1
YDR191W,Y_lipolytica_and_K_lactis_and_K_marxianus_and_S_cerevisiae,4,1,1,1,1
YDR196C,Y_lipolytica_and_K_lactis_and_K_marxianus_and_S_cerevisiae,4,1,1,1,1
YDR204W,Y_lipolytica_and_K_lactis_and_K_marxianus_and_S_cerevisiae,4,1,1,1,1
YDR208W,Y_lipolytica_and_K_lactis_and_K_marxianus_and_S_cerevisiae,4,1,1,1,1
YDR226W,Y_lipolytica_and_K_lactis_and_K_marxianus_and_S_cerevisiae,4,1,1,1,1
YDR231C,Y_lipolytica_and_K_lactis_and_K_marxianus_and_S_cerevisiae,4,1,1,1,1
YDR232W,Y_lipolytica_and_K_lactis_and_K_marxianus_and_S_cerevisiae,4,1,1,1,1
YDR234W,Y_lipolytica_and_K_lactis_and_K_marxianus_and_S_cerevisiae,4,1,1,1,1
YDR236C,Y_lipolytica_and_S_cerevisiae,2,1,0,0,1
YDR242W,S_cerevisiae,1,0,0,0,1
YDR248C,Y_lipolytica_and_K_lactis_and_K_marxianus_and_S_cerevisiae,4,1,1,1,1
YDR256C,Y_lipolytica_and_K_lactis_and_K_marxianus_and_S_cerevisiae,4,1,1,1,1
YDR261C,S_cerevisiae,1,0,0,0,1
YDR268W,Y_lipolytica_and_K_lactis_and_K_marxianus_and_S_cerevisiae,4,1,1,1,1
YDR270W,Y_lipolytica_and_K_marxianus_and_S_cerevisiae,3,1,0,1,1
YDR272W,S_cerevisiae,1,0,0,0,1
YDR284C,Y_lipolytica_and_K_lactis_and_K_marxianus_and_S_cerevisiae,4,1,1,1,1
YDR287W,S_cerevisiae,1,0,0,0,1
YDR294C,Y_lipolytica_and_K_lactis_and_K_marxianus_and_S_cerevisiae,4,1,1,1,1
YDR297W,Y_lipolytica_and_K_lactis_and_K_marxianus_and_S_cerevisiae,4,1,1,1,1
YDR298C,Y_lipolytica_and_K_lactis_and_K_marxianus_and_S_cerevisiae,4,1,1,1,1
YDR300C,Y_lipolytica_and_K_lactis_and_K_marxianus_and_S_cerevisiae,4,1,1,1,1
YDR302W,Y_lipolytica_and_K_lactis_and_S_cerevisiae,3,1,1,0,1
YDR305C,Y_lipolytica_and_S_cerevisiae,2,1,0,0,1
YDR315C,Y_lipolytica_and_K_lactis_and_K_marxianus_and_S_cerevisiae,4,1,1,1,1
YDR321W,K_lactis_and_K_marxianus_and_S_cerevisiae,3,0,1,1,1
YDR322C-A,Y_lipolytica_and_K_lactis_and_K_marxianus_and_S_cerevisiae,4,1,1,1,1
YDR341C,S_cerevisiae,1,0,0,0,1
YDR342C,S_cerevisiae,1,0,0,0,1
YDR343C,S_cerevisiae,1,0,0,0,1
YDR345C,S_cerevisiae,1,0,0,0,1
YDR352W,Y_lipolytica_and_K_lactis_and_K_marxianus_and_S_cerevisiae,4,1,1,1,1
YDR353W,S_cerevisiae,1,0,0,0,1
YDR354W,Y_lipolytica_and_K_lactis_and_K_marxianus_and_S_cerevisiae,4,1,1,1,1
YDR367W,K_lactis_and_K_marxianus_and_S_cerevisiae,3,0,1,1,1
YDR368W,S_cerevisiae,1,0,0,0,1
YDR371W,Y_lipolytica_and_K_lactis_and_K_marxianus_and_S_cerevisiae,4,1,1,1,1
YDR373W,Y_lipolytica_and_K_lactis_and_K_marxianus_and_S_cerevisiae,4,1,1,1,1
YDR376W,Y_lipolytica_and_K_lactis_and_K_marxianus_and_S_cerevisiae,4,1,1,1,1
YDR377W,Y_lipolytica_and_K_lactis_and_K_marxianus_and_S_cerevisiae,4,1,1,1,1
YDR380W,Y_lipolytica_and_K_lactis_and_K_marxianus_and_S_cerevisiae,4,1,1,1,1
YDR384C,K_lactis_and_K_marxianus_and_S_cerevisiae,3,0,1,1,1
YDR387C,K_lactis_and_K_marxianus_and_S_cerevisiae,3,0,1,1,1
YDR399W,K_lactis_and_K_marxianus_and_S_cerevisiae,3,0,1,1,1
YDR400W,Y_lipolytica_and_K_lactis_and_K_marxianus_and_S_cerevisiae,4,1,1,1,1
YDR402C,K_lactis_and_K_marxianus_and_S_cerevisiae,3,0,1,1,1
YDR403W,K_lactis_and_K_marxianus_and_S_cerevisiae,3,0,1,1,1
YDR408C,Y_lipolytica_and_K_lactis_and_K_marxianus_and_S_cerevisiae,4,1,1,1,1
YDR410C,Y_lipolytica_and_K_lactis_and_K_marxianus_and_S_cerevisiae,4,1,1,1,1
YDR428C,Y_lipolytica_and_S_cerevisiae,2,1,0,0,1
YDR437W,Y_lipolytica_and_K_lactis_and_K_marxianus_and_S_cerevisiae,4,1,1,1,1
YDR440W,Y_lipolytica_and_K_lactis_and_K_marxianus_and_S_cerevisiae,4,1,1,1,1
YDR441C,S_cerevisiae,1,0,0,0,1
YDR452W,Y_lipolytica_and_K_lactis_and_K_marxianus_and_S_cerevisiae,4,1,1,1,1
YDR453C,S_cerevisiae,1,0,0,0,1
YDR454C,Y_lipolytica_and_K_lactis_and_K_marxianus_and_S_cerevisiae,4,1,1,1,1
YDR456W,Y_lipolytica_and_K_lactis_and_K_marxianus_and_S_cerevisiae,4,1,1,1,1
YDR481C,Y_lipolytica_and_K_lactis_and_K_marxianus_and_S_cerevisiae,4,1,1,1,1
YDR483W,K_lactis_and_K_marxianus_and_S_cerevisiae,3,0,1,1,1
YDR487C,Y_lipolytica_and_K_lactis_and_K_marxianus_and_S_cerevisiae,4,1,1,1,1
YDR497C,S_cerevisiae,1,0,0,0,1
YDR502C,Y_lipolytica_and_K_lactis_and_K_marxianus_and_S_cerevisiae,4,1,1,1,1
YDR503C,K_lactis_and_S_cerevisiae,2,0,1,0,1
YDR508C,Y_lipolytica_and_K_lactis_and_K_marxianus_and_S_cerevisiae,4,1,1,1,1
YDR513W,Y_lipolytica_and_K_lactis_and_K_marxianus_and_S_cerevisiae,4,1,1,1,1
YDR516C,Y_lipolytica_and_K_lactis_and_K_marxianus_and_S_cerevisiae,4,1,1,1,1
YDR529C,Y_lipolytica_and_K_lactis_and_K_marxianus_and_S_cerevisiae,4,1,1,1,1
YDR530C,Y_lipolytica_and_K_lactis_and_K_marxianus_and_S_cerevisiae,4,1,1,1,1
YDR531W,Y_lipolytica_and_K_lactis_and_K_marxianus_and_S_cerevisiae,4,1,1,1,1
YDR533C,S_cerevisiae,1,0,0,0,1
YDR536W,K_lactis_and_K_marxianus_and_S_cerevisiae,3,0,1,1,1
YDR538W,S_cerevisiae,1,0,0,0,1
YDR539W,S_cerevisiae,1,0,0,0,1
YEL004W,Y_lipolytica_and_K_lactis_and_K_marxianus_and_S_cerevisiae,4,1,1,1,1
YEL006W,S_cerevisiae,1,0,0,0,1
YEL017C-A,S_cerevisiae,1,0,0,0,1
YEL021W,Y_lipolytica_and_K_lactis_and_K_marxianus_and_S_cerevisiae,4,1,1,1,1
YEL024W,Y_lipolytica_and_K_lactis_and_K_marxianus_and_S_cerevisiae,4,1,1,1,1
YEL027W,Y_lipolytica_and_K_lactis_and_K_marxianus_and_S_cerevisiae,4,1,1,1,1
YEL029C,Y_lipolytica_and_K_lactis_and_K_marxianus_and_S_cerevisiae,4,1,1,1,1
YEL031W,Y_lipolytica_and_K_lactis_and_K_marxianus_and_S_cerevisiae,4,1,1,1,1
YEL038W,Y_lipolytica_and_K_lactis_and_S_cerevisiae,3,1,1,0,1
YEL039C,Y_lipolytica_and_K_lactis_and_K_marxianus_and_S_cerevisiae,4,1,1,1,1
YEL041W,S_cerevisiae,1,0,0,0,1
YEL042W,Y_lipolytica_and_K_lactis_and_K_marxianus_and_S_cerevisiae,4,1,1,1,1
YEL046C,Y_lipolytica_and_K_lactis_and_K_marxianus_and_S_cerevisiae,4,1,1,1,1
YEL047C,S_cerevisiae,1,0,0,0,1
YEL051W,Y_lipolytica_and_K_lactis_and_K_marxianus_and_S_cerevisiae,4,1,1,1,1
YEL058W,Y_lipolytica_and_K_lactis_and_K_marxianus_and_S_cerevisiae,4,1,1,1,1
YEL063C,S_cerevisiae,1,0,0,0,1
YEL066W,Y_lipolytica_and_S_cerevisiae,2,1,0,0,1
YEL069C,S_cerevisiae,1,0,0,0,1
YEL070W,S_cerevisiae,1,0,0,0,1
YEL071W,S_cerevisiae,1,0,0,0,1
YER003C,Y_lipolytica_and_K_lactis_and_K_marxianus_and_S_cerevisiae,4,1,1,1,1
YER005W,Y_lipolytica_and_K_lactis_and_K_marxianus_and_S_cerevisiae,4,1,1,1,1
YER010C,Y_lipolytica_and_K_lactis_and_K_marxianus_and_S_cerevisiae,4,1,1,1,1
YER013W,Y_lipolytica_and_K_lactis_and_K_marxianus,3,1,1,1,0
YER014W,Y_lipolytica_and_K_lactis_and_K_marxianus_and_S_cerevisiae,4,1,1,1,1
YER015W,K_lactis_and_K_marxianus_and_S_cerevisiae,3,0,1,1,1
YER019W,Y_lipolytica_and_K_lactis_and_K_marxianus_and_S_cerevisiae,4,1,1,1,1
YER023W,Y_lipolytica_and_K_lactis_and_K_marxianus_and_S_cerevisiae,4,1,1,1,1
YER024W,K_lactis_and_K_marxianus_and_S_cerevisiae,3,0,1,1,1
YER026C,Y_lipolytica_and_K_lactis_and_K_marxianus_and_S_cerevisiae,4,1,1,1,1
YER037W,S_cerevisiae,1,0,0,0,1
YER042W,Y_lipolytica_and_K_lactis_and_K_marxianus_and_S_cerevisiae,4,1,1,1,1
YER043C,Y_lipolytica_and_K_lactis_and_K_marxianus_and_S_cerevisiae,4,1,1,1,1
YER052C,Y_lipolytica_and_K_lactis_and_K_marxianus_and_S_cerevisiae,4,1,1,1,1
YER053C,Y_lipolytica_and_S_cerevisiae,2,1,0,0,1
YER055C,Y_lipolytica_and_K_lactis_and_K_marxianus_and_S_cerevisiae,4,1,1,1,1
YER056C,Y_lipolytica_and_K_lactis_and_K_marxianus_and_S_cerevisiae,4,1,1,1,1
YER060W,S_cerevisiae,1,0,0,0,1
YER060W-A,S_cerevisiae,1,0,0,0,1
YER061C,Y_lipolytica_and_K_lactis_and_K_marxianus_and_S_cerevisiae,4,1,1,1,1
YER062C,S_cerevisiae,1,0,0,0,1
YER065C,Y_lipolytica_and_K_lactis_and_K_marxianus_and_S_cerevisiae,4,1,1,1,1
YER069W,Y_lipolytica_and_K_lactis_and_K_marxianus_and_S_cerevisiae,4,1,1,1,1
YER070W,Y_lipolytica_and_K_lactis_and_K_marxianus_and_S_cerevisiae,4,1,1,1,1
YER073W,Y_lipolytica_and_K_lactis_and_K_marxianus_and_S_cerevisiae,4,1,1,1,1
YER081W,S_cerevisiae,1,0,0,0,1
YER086W,Y_lipolytica_and_K_lactis_and_K_marxianus_and_S_cerevisiae,4,1,1,1,1
YER087W,Y_lipolytica_and_K_lactis_and_K_marxianus_and_S_cerevisiae,4,1,1,1,1
YER090W,Y_lipolytica_and_K_lactis_and_K_marxianus_and_S_cerevisiae,4,1,1,1,1
YER091C,Y_lipolytica_and_K_lactis_and_K_marxianus_and_S_cerevisiae,4,1,1,1,1
YER099C,S_cerevisiae,1,0,0,0,1
YER119C,S_cerevisiae,1,0,0,0,1
YER141W,Y_lipolytica_and_K_lactis_and_K_marxianus_and_S_cerevisiae,4,1,1,1,1
YER152C,Y_lipolytica_and_K_lactis_and_K_marxianus_and_S_cerevisiae,4,1,1,1,1
YER163C,Y_lipolytica_and_K_lactis_and_S_cerevisiae,3,1,1,0,1
YER170W,Y_lipolytica_and_S_cerevisiae,2,1,0,0,1
YER174C,S_cerevisiae,1,0,0,0,1
YER175C,K_lactis_and_K_marxianus_and_S_cerevisiae,3,0,1,1,1
YER178W,Y_lipolytica_and_K_lactis_and_K_marxianus_and_S_cerevisiae,4,1,1,1,1
YER183C,Y_lipolytica_and_K_lactis_and_K_marxianus_and_S_cerevisiae,4,1,1,1,1
YFL001W,Y_lipolytica_and_K_lactis_and_K_marxianus_and_S_cerevisiae,4,1,1,1,1
YFL011W,S_cerevisiae,1,0,0,0,1
YFL017C,Y_lipolytica_and_K_lactis_and_K_marxianus_and_S_cerevisiae,4,1,1,1,1
YFL018C,Y_lipolytica_and_K_lactis_and_K_marxianus_and_S_cerevisiae,4,1,1,1,1
YFL022C,Y_lipolytica_and_K_lactis_and_K_marxianus_and_S_cerevisiae,4,1,1,1,1
YFL030W,Y_lipolytica_and_K_lactis_and_K_marxianus_and_S_cerevisiae,4,1,1,1,1
YFL045C,Y_lipolytica_and_K_lactis_and_K_marxianus_and_S_cerevisiae,4,1,1,1,1
YFL053W,Y_lipolytica_and_K_lactis_and_K_marxianus_and_S_cerevisiae,4,1,1,1,1
YFL054C,S_cerevisiae,1,0,0,0,1
YFL055W,Y_lipolytica_and_K_lactis_and_S_cerevisiae,3,1,1,0,1
YFL058W,S_cerevisiae,1,0,0,0,1
YFL059W,S_cerevisiae,1,0,0,0,1
YFL060C,S_cerevisiae,1,0,0,0,1
YFL061W,S_cerevisiae,1,0,0,0,1
YFR015C,Y_lipolytica_and_K_lactis_and_K_marxianus_and_S_cerevisiae,4,1,1,1,1
YFR019W,Y_lipolytica_and_K_lactis_and_K_marxianus_and_S_cerevisiae,4,1,1,1,1
YFR025C,Y_lipolytica_and_K_lactis_and_K_marxianus_and_S_cerevisiae,4,1,1,1,1
YFR030W,Y_lipolytica_and_K_lactis_and_K_marxianus_and_S_cerevisiae,4,1,1,1,1
YFR033C,Y_lipolytica_and_S_cerevisiae,2,1,0,0,1
YFR044C,Y_lipolytica_and_K_lactis_and_K_marxianus_and_S_cerevisiae,4,1,1,1,1
YFR047C,Y_lipolytica_and_S_cerevisiae,2,1,0,0,1
YFR053C,S_cerevisiae,1,0,0,0,1
YFR055W,S_cerevisiae,1,0,0,0,1
YGL001C,Y_lipolytica_and_K_lactis_and_K_marxianus_and_S_cerevisiae,4,1,1,1,1
YGL006W,Y_lipolytica_and_K_lactis_and_K_marxianus_and_S_cerevisiae,4,1,1,1,1
YGL008C,S_cerevisiae,1,0,0,0,1
YGL009C,Y_lipolytica_and_K_lactis_and_K_marxianus_and_S_cerevisiae,4,1,1,1,1
YGL012W,Y_lipolytica_and_K_lactis_and_K_marxianus_and_S_cerevisiae,4,1,1,1,1
YGL017W,Y_lipolytica_and_K_lactis_and_K_marxianus_and_S_cerevisiae,4,1,1,1,1
YGL022W,Y_lipolytica_and_K_lactis_and_K_marxianus_and_S_cerevisiae,4,1,1,1,1
YGL026C,Y_lipolytica_and_K_lactis_and_K_marxianus_and_S_cerevisiae,4,1,1,1,1
YGL027C,Y_lipolytica_and_K_lactis_and_K_marxianus_and_S_cerevisiae,4,1,1,1,1
YGL037C,Y_lipolytica_and_K_lactis_and_K_marxianus_and_S_cerevisiae,4,1,1,1,1
YGL038C,K_lactis_and_K_marxianus_and_S_cerevisiae,3,0,1,1,1
YGL039W,Y_lipolytica_and_K_lactis_and_K_marxianus,3,1,1,1,0
YGL040C,Y_lipolytica_and_K_lactis_and_K_marxianus_and_S_cerevisiae,4,1,1,1,1
YGL047W,Y_lipolytica_and_K_lactis_and_K_marxianus_and_S_cerevisiae,4,1,1,1,1
YGL055W,Y_lipolytica_and_K_lactis_and_K_marxianus_and_S_cerevisiae,4,1,1,1,1
YGL062W,S_cerevisiae,1,0,0,0,1
YGL063W,S_cerevisiae,1,0,0,0,1
YGL065C,Y_lipolytica_and_K_lactis_and_K_marxianus_and_S_cerevisiae,4,1,1,1,1
YGL067W,K_lactis_and_K_marxianus_and_S_cerevisiae,3,0,1,1,1
YGL077C,Y_lipolytica_and_K_lactis_and_K_marxianus_and_S_cerevisiae,4,1,1,1,1
YGL080W,Y_lipolytica_and_K_lactis_and_K_marxianus_and_S_cerevisiae,4,1,1,1,1
YGL084C,S_cerevisiae,1,0,0,0,1
YGL104C,S_cerevisiae,1,0,0,0,1
YGL119W,Y_lipolytica_and_K_lactis_and_K_marxianus_and_S_cerevisiae,4,1,1,1,1
YGL125W,Y_lipolytica_and_K_lactis_and_K_marxianus_and_S_cerevisiae,4,1,1,1,1
YGL142C,Y_lipolytica_and_K_lactis_and_K_marxianus_and_S_cerevisiae,4,1,1,1,1
YGL148W,Y_lipolytica_and_K_lactis_and_K_marxianus_and_S_cerevisiae,4,1,1,1,1
YGL154C,K_lactis_and_K_marxianus_and_S_cerevisiae,3,0,1,1,1
YGL156W,Y_lipolytica_and_S_cerevisiae,2,1,0,0,1
YGL167C,Y_lipolytica_and_K_lactis_and_K_marxianus_and_S_cerevisiae,4,1,1,1,1
YGL169W,Y_lipolytica_and_K_lactis_and_K_marxianus_and_S_cerevisiae,4,1,1,1,1
YGL184C,Y_lipolytica_and_K_lactis_and_K_marxianus_and_S_cerevisiae,4,1,1,1,1
YGL186C,Y_lipolytica_and_K_lactis_and_K_marxianus_and_S_cerevisiae,4,1,1,1,1
YGL187C,Y_lipolytica_and_K_lactis_and_K_marxianus_and_S_cerevisiae,4,1,1,1,1
YGL191W,Y_lipolytica_and_K_lactis_and_S_cerevisiae,3,1,1,0,1
YGL196W,Y_lipolytica_and_K_lactis_and_K_marxianus_and_S_cerevisiae,4,1,1,1,1
YGL202W,Y_lipolytica_and_K_lactis_and_K_marxianus_and_S_cerevisiae,4,1,1,1,1
YGL205W,Y_lipolytica_and_K_lactis_and_K_marxianus_and_S_cerevisiae,4,1,1,1,1
YGL224C,Y_lipolytica_and_K_lactis_and_K_marxianus_and_S_cerevisiae,4,1,1,1,1
YGL225W,Y_lipolytica_and_K_lactis_and_K_marxianus_and_S_cerevisiae,4,1,1,1,1
YGL234W,Y_lipolytica_and_K_lactis_and_K_marxianus_and_S_cerevisiae,4,1,1,1,1
YGL245W,Y_lipolytica_and_K_lactis_and_K_marxianus_and_S_cerevisiae,4,1,1,1,1
YGL248W,Y_lipolytica_and_K_lactis_and_K_marxianus_and_S_cerevisiae,4,1,1,1,1
YGL253W,Y_lipolytica_and_K_lactis_and_K_marxianus_and_S_cerevisiae,4,1,1,1,1
YGL255W,S_cerevisiae,1,0,0,0,1
YGL256W,Y_lipolytica_and_K_lactis_and_S_cerevisiae,3,1,1,0,1
YGR007W,Y_lipolytica_and_K_lactis_and_K_marxianus_and_S_cerevisiae,4,1,1,1,1
YGR010W,S_cerevisiae,1,0,0,0,1
YGR012W,Y_lipolytica_and_K_lactis_and_K_marxianus_and_S_cerevisiae,4,1,1,1,1
YGR015C,K_lactis_and_K_marxianus_and_S_cerevisiae,3,0,1,1,1
YGR019W,Y_lipolytica_and_K_lactis_and_K_marxianus_and_S_cerevisiae,4,1,1,1,1
YGR020C,Y_lipolytica_and_K_lactis_and_K_marxianus_and_S_cerevisiae,4,1,1,1,1
YGR032W,Y_lipolytica_and_K_lactis_and_K_marxianus_and_S_cerevisiae,4,1,1,1,1
YGR036C,Y_lipolytica_and_K_lactis_and_K_marxianus_and_S_cerevisiae,4,1,1,1,1
YGR043C,S_cerevisiae,1,0,0,0,1
YGR046W,Y_lipolytica_and_K_lactis_and_K_marxianus_and_S_cerevisiae,4,1,1,1,1
YGR055W,Y_lipolytica_and_K_lactis_and_K_marxianus_and_S_cerevisiae,4,1,1,1,1
YGR060W,Y_lipolytica_and_K_lactis_and_K_marxianus_and_S_cerevisiae,4,1,1,1,1
YGR061C,Y_lipolytica_and_K_lactis_and_K_marxianus_and_S_cerevisiae,4,1,1,1,1
YGR062C,K_lactis_and_K_marxianus_and_S_cerevisiae,3,0,1,1,1
YGR065C,Y_lipolytica_and_K_lactis_and_K_marxianus_and_S_cerevisiae,4,1,1,1,1
YGR087C,S_cerevisiae,1,0,0,0,1
YGR088W,Y_lipolytica_and_K_lactis_and_K_marxianus_and_S_cerevisiae,4,1,1,1,1
YGR094W,Y_lipolytica_and_K_lactis_and_K_marxianus_and_S_cerevisiae,4,1,1,1,1
YGR096W,Y_lipolytica_and_K_lactis_and_K_marxianus_and_S_cerevisiae,4,1,1,1,1
YGR110W,Y_lipolytica_and_K_lactis_and_K_marxianus_and_S_cerevisiae,4,1,1,1,1
YGR111W,Y_lipolytica,1,1,0,0,0
YGR121C,Y_lipolytica_and_K_lactis_and_K_marxianus_and_S_cerevisiae,4,1,1,1,1
YGR124W,S_cerevisiae,1,0,0,0,1
YGR138C,S_cerevisiae,1,0,0,0,1
YGR143W,Y_lipolytica_and_K_lactis_and_K_marxianus_and_S_cerevisiae,4,1,1,1,1
YGR144W,Y_lipolytica_and_K_lactis_and_K_marxianus_and_S_cerevisiae,4,1,1,1,1
YGR147C,Y_lipolytica_and_K_lactis_and_K_marxianus_and_S_cerevisiae,4,1,1,1,1
YGR154C,S_cerevisiae,1,0,0,0,1
YGR155W,Y_lipolytica_and_K_lactis_and_K_marxianus_and_S_cerevisiae,4,1,1,1,1
YGR157W,Y_lipolytica_and_K_lactis_and_K_marxianus_and_S_cerevisiae,4,1,1,1,1
YGR170W,Y_lipolytica_and_K_lactis_and_K_marxianus_and_S_cerevisiae,4,1,1,1,1
YGR171C,Y_lipolytica_and_K_lactis_and_K_marxianus_and_S_cerevisiae,4,1,1,1,1
YGR175C,Y_lipolytica_and_K_lactis_and_K_marxianus_and_S_cerevisiae,4,1,1,1,1
YGR177C,K_lactis_and_K_marxianus_and_S_cerevisiae,3,0,1,1,1
YGR180C,S_cerevisiae,1,0,0,0,1
YGR183C,Y_lipolytica_and_K_marxianus_and_S_cerevisiae,3,1,0,1,1
YGR185C,Y_lipolytica_and_K_lactis_and_K_marxianus_and_S_cerevisiae,4,1,1,1,1
YGR191W,S_cerevisiae,1,0,0,0,1
YGR192C,S_cerevisiae,1,0,0,0,1
YGR193C,Y_lipolytica_and_K_lactis_and_S_cerevisiae,3,1,1,0,1
YGR194C,Y_lipolytica_and_K_lactis_and_K_marxianus_and_S_cerevisiae,4,1,1,1,1
YGR199W,Y_lipolytica_and_K_lactis_and_K_marxianus,3,1,1,1,0
YGR202C,Y_lipolytica_and_K_lactis_and_K_marxianus_and_S_cerevisiae,4,1,1,1,1
YGR204W,S_cerevisiae,1,0,0,0,1
YGR208W,Y_lipolytica_and_K_lactis_and_K_marxianus_and_S_cerevisiae,4,1,1,1,1
YGR209C,Y_lipolytica_and_K_lactis_and_K_marxianus_and_S_cerevisiae,4,1,1,1,1
YGR216C,Y_lipolytica_and_K_lactis_and_K_marxianus_and_S_cerevisiae,4,1,1,1,1
YGR224W,Y_lipolytica_and_K_lactis,2,1,1,0,0
YGR227W,Y_lipolytica_and_K_lactis_and_K_marxianus_and_S_cerevisiae,4,1,1,1,1
YGR234W,Y_lipolytica_and_K_lactis_and_K_marxianus_and_S_cerevisiae,4,1,1,1,1
YGR240C,Y_lipolytica_and_K_lactis_and_K_marxianus_and_S_cerevisiae,4,1,1,1,1
YGR243W,Y_lipolytica_and_K_lactis_and_K_marxianus_and_S_cerevisiae,4,1,1,1,1
YGR244C,Y_lipolytica_and_K_lactis_and_K_marxianus_and_S_cerevisiae,4,1,1,1,1
YGR247W,Y_lipolytica_and_K_lactis_and_K_marxianus_and_S_cerevisiae,4,1,1,1,1
YGR248W,Y_lipolytica_and_K_lactis_and_K_marxianus_and_S_cerevisiae,4,1,1,1,1
YGR254W,S_cerevisiae,1,0,0,0,1
YGR255C,Y_lipolytica_and_K_lactis_and_K_marxianus_and_S_cerevisiae,4,1,1,1,1
YGR256W,Y_lipolytica_and_K_lactis_and_K_marxianus_and_S_cerevisiae,4,1,1,1,1
YGR260W,Y_lipolytica_and_K_lactis_and_K_marxianus_and_S_cerevisiae,4,1,1,1,1
YGR264C,Y_lipolytica_and_K_lactis_and_K_marxianus_and_S_cerevisiae,4,1,1,1,1
YGR267C,Y_lipolytica_and_K_lactis_and_K_marxianus_and_S_cerevisiae,4,1,1,1,1
YGR277C,Y_lipolytica_and_K_lactis_and_K_marxianus_and_S_cerevisiae,4,1,1,1,1
YGR282C,Y_lipolytica_and_K_lactis_and_K_marxianus_and_S_cerevisiae,4,1,1,1,1
YGR286C,Y_lipolytica_and_K_lactis_and_K_marxianus_and_S_cerevisiae,4,1,1,1,1
YGR287C,S_cerevisiae,1,0,0,0,1
YGR289C,Y_lipolytica_and_K_lactis_and_S_cerevisiae,3,1,1,0,1
YGR292W,S_cerevisiae,1,0,0,0,1
YHL003C,S_cerevisiae,1,0,0,0,1
YHL011C,Y_lipolytica_and_K_lactis_and_K_marxianus_and_S_cerevisiae,4,1,1,1,1
YHL012W,S_cerevisiae,1,0,0,0,1
YHL016C,Y_lipolytica_and_K_lactis_and_K_marxianus_and_S_cerevisiae,4,1,1,1,1
YHL018W,K_lactis_and_K_marxianus_and_S_cerevisiae,3,0,1,1,1
YHL032C,Y_lipolytica_and_K_lactis_and_K_marxianus_and_S_cerevisiae,4,1,1,1,1
YHL036W,K_lactis_and_K_marxianus_and_S_cerevisiae,3,0,1,1,1
YHR001W-A,S_cerevisiae,1,0,0,0,1
YHR002W,Y_lipolytica_and_K_lactis_and_K_marxianus_and_S_cerevisiae,4,1,1,1,1
YHR007C,Y_lipolytica_and_K_lactis_and_K_marxianus_and_S_cerevisiae,4,1,1,1,1
YHR008C,Y_lipolytica_and_K_marxianus_and_S_cerevisiae,3,1,0,1,1
YHR011W,Y_lipolytica_and_K_lactis_and_K_marxianus_and_S_cerevisiae,4,1,1,1,1
YHR013C,Y_lipolytica_and_K_lactis_and_K_marxianus_and_S_cerevisiae,4,1,1,1,1
YHR018C,S_cerevisiae,1,0,0,0,1
YHR019C,Y_lipolytica_and_K_lactis_and_K_marxianus_and_S_cerevisiae,4,1,1,1,1
YHR020W,Y_lipolytica_and_K_lactis_and_K_marxianus_and_S_cerevisiae,4,1,1,1,1
YHR025W,Y_lipolytica_and_K_lactis_and_K_marxianus_and_S_cerevisiae,4,1,1,1,1
YHR026W,Y_lipolytica_and_K_lactis_and_K_marxianus_and_S_cerevisiae,4,1,1,1,1
YHR037W,Y_lipolytica_and_K_lactis_and_K_marxianus_and_S_cerevisiae,4,1,1,1,1
YHR039C-A,Y_lipolytica_and_K_lactis_and_K_marxianus_and_S_cerevisiae,4,1,1,1,1
YHR042W,Y_lipolytica_and_K_lactis_and_K_marxianus_and_S_cerevisiae,4,1,1,1,1
YHR043C,S_cerevisiae,1,0,0,0,1
YHR044C,S_cerevisiae,1,0,0,0,1
YHR046C,Y_lipolytica_and_S_cerevisiae,2,1,0,0,1
YHR051W,Y_lipolytica_and_K_lactis_and_K_marxianus_and_S_cerevisiae,4,1,1,1,1
YHR063C,Y_lipolytica_and_K_lactis_and_K_marxianus_and_S_cerevisiae,4,1,1,1,1
YHR067W,Y_lipolytica_and_K_lactis_and_K_marxianus_and_S_cerevisiae,4,1,1,1,1
YHR068W,Y_lipolytica_and_K_lactis_and_K_marxianus_and_S_cerevisiae,4,1,1,1,1
YHR072W,Y_lipolytica_and_K_lactis_and_K_marxianus_and_S_cerevisiae,4,1,1,1,1
YHR074W,Y_lipolytica_and_K_lactis_and_K_marxianus_and_S_cerevisiae,4,1,1,1,1
YHR091C,Y_lipolytica_and_K_lactis_and_K_marxianus_and_S_cerevisiae,4,1,1,1,1
YHR092C,S_cerevisiae,1,0,0,0,1
YHR094C,S_cerevisiae,1,0,0,0,1
YHR096C,Y_lipolytica_and_K_lactis_and_K_marxianus_and_S_cerevisiae,4,1,1,1,1
YHR100C,Y_lipolytica_and_K_lactis_and_K_marxianus_and_S_cerevisiae,4,1,1,1,1
YHR104W,Y_lipolytica_and_K_lactis_and_K_marxianus_and_S_cerevisiae,4,1,1,1,1
YHR106W,Y_lipolytica_and_K_lactis_and_K_marxianus_and_S_cerevisiae,4,1,1,1,1
YHR109W,S_cerevisiae,1,0,0,0,1
YHR116W,Y_lipolytica_and_K_lactis_and_K_marxianus_and_S_cerevisiae,4,1,1,1,1
YHR119W,Y_lipolytica_and_K_lactis_and_K_marxianus_and_S_cerevisiae,4,1,1,1,1
YHR123W,S_cerevisiae,1,0,0,0,1
YHR128W,Y_lipolytica_and_K_lactis_and_K_marxianus_and_S_cerevisiae,4,1,1,1,1
YHR137W,Y_lipolytica_and_K_lactis_and_K_marxianus_and_S_cerevisiae,4,1,1,1,1
YHR144C,Y_lipolytica_and_K_lactis_and_K_marxianus_and_S_cerevisiae,4,1,1,1,1
YHR162W,S_cerevisiae,1,0,0,0,1
YHR163W,S_cerevisiae,1,0,0,0,1
YHR174W,S_cerevisiae,1,0,0,0,1
YHR183W,S_cerevisiae,1,0,0,0,1
YHR190W,Y_lipolytica_and_K_lactis_and_K_marxianus_and_S_cerevisiae,4,1,1,1,1
YHR201C,Y_lipolytica_and_K_lactis_and_K_marxianus_and_S_cerevisiae,4,1,1,1,1
YHR208W,Y_lipolytica_and_K_lactis_and_K_marxianus_and_S_cerevisiae,4,1,1,1,1
YHR215W,S_cerevisiae,1,0,0,0,1
YHR216W,S_cerevisiae,1,0,0,0,1
YIL002C,S_cerevisiae,1,0,0,0,1
YIL006W,Y_lipolytica_and_K_lactis_and_K_marxianus_and_S_cerevisiae,4,1,1,1,1
YIL009W,S_cerevisiae,1,0,0,0,1
YIL010W,Y_lipolytica_and_K_lactis_and_K_marxianus_and_S_cerevisiae,4,1,1,1,1
YIL013C,S_cerevisiae,1,0,0,0,1
YIL020C,Y_lipolytica_and_K_lactis_and_K_marxianus_and_S_cerevisiae,4,1,1,1,1
YIL023C,Y_lipolytica_and_K_lactis_and_K_marxianus_and_S_cerevisiae,4,1,1,1,1
YIL043C,Y_lipolytica_and_K_lactis_and_K_marxianus_and_S_cerevisiae,4,1,1,1,1
YIL048W,Y_lipolytica_and_K_lactis_and_K_marxianus_and_S_cerevisiae,4,1,1,1,1
YIL053W,K_lactis_and_K_marxianus_and_S_cerevisiae,3,0,1,1,1
YIL066C,S_cerevisiae,1,0,0,0,1
YIL074C,Y_lipolytica_and_K_lactis_and_K_marxianus_and_S_cerevisiae,4,1,1,1,1
YIL078W,Y_lipolytica_and_K_lactis_and_K_marxianus_and_S_cerevisiae,4,1,1,1,1
YIL083C,Y_lipolytica_and_K_lactis_and_K_marxianus_and_S_cerevisiae,4,1,1,1,1
YIL094C,Y_lipolytica_and_K_lactis_and_K_marxianus_and_S_cerevisiae,4,1,1,1,1
YIL099W,Y_lipolytica_and_K_lactis_and_K_marxianus_and_S_cerevisiae,4,1,1,1,1
YIL107C,Y_lipolytica_and_K_lactis_and_K_marxianus_and_S_cerevisiae,4,1,1,1,1
YIL111W,S_cerevisiae,1,0,0,0,1
YIL116W,Y_lipolytica_and_K_lactis_and_K_marxianus_and_S_cerevisiae,4,1,1,1,1
YIL124W,K_lactis_and_K_marxianus_and_S_cerevisiae,3,0,1,1,1
YIL125W,Y_lipolytica_and_K_lactis_and_K_marxianus_and_S_cerevisiae,4,1,1,1,1
YIL134W,Y_lipolytica_and_K_lactis_and_K_marxianus_and_S_cerevisiae,4,1,1,1,1
YIL145C,S_cerevisiae,1,0,0,0,1
YIL155C,Y_lipolytica_and_K_lactis_and_K_marxianus_and_S_cerevisiae,4,1,1,1,1
YIL160C,Y_lipolytica_and_K_lactis_and_K_marxianus_and_S_cerevisiae,4,1,1,1,1
YIL162W,Y_lipolytica_and_K_lactis_and_K_marxianus_and_S_cerevisiae,4,1,1,1,1
YIL172C,S_cerevisiae,1,0,0,0,1
YIR027C,Y_lipolytica_and_K_lactis_and_K_marxianus_and_S_cerevisiae,4,1,1,1,1
YIR028W,S_cerevisiae,1,0,0,0,1
YIR029W,Y_lipolytica_and_K_lactis_and_K_marxianus_and_S_cerevisiae,4,1,1,1,1
YIR031C,S_cerevisiae,1,0,0,0,1
YIR032C,Y_lipolytica_and_K_lactis_and_K_marxianus_and_S_cerevisiae,4,1,1,1,1
YIR034C,Y_lipolytica_and_K_lactis_and_K_marxianus_and_S_cerevisiae,4,1,1,1,1
YIR036C,Y_lipolytica_and_K_lactis_and_K_marxianus_and_S_cerevisiae,4,1,1,1,1
YIR037W,Y_lipolytica_and_K_lactis_and_K_marxianus_and_S_cerevisiae,4,1,1,1,1
YIR038C,K_lactis_and_K_marxianus_and_S_cerevisiae,3,0,1,1,1
YJL003W,S_cerevisiae,1,0,0,0,1
YJL005W,Y_lipolytica_and_K_lactis_and_K_marxianus_and_S_cerevisiae,4,1,1,1,1
YJL026W,Y_lipolytica_and_K_lactis_and_K_marxianus_and_S_cerevisiae,4,1,1,1,1
YJL045W,S_cerevisiae,1,0,0,0,1
YJL046W,Y_lipolytica_and_K_lactis_and_K_marxianus_and_S_cerevisiae,4,1,1,1,1
YJL052W,S_cerevisiae,1,0,0,0,1
YJL060W,Y_lipolytica_and_K_lactis_and_K_marxianus_and_S_cerevisiae,4,1,1,1,1
YJL068C,Y_lipolytica_and_K_lactis_and_K_marxianus_and_S_cerevisiae,4,1,1,1,1
YJL071W,Y_lipolytica_and_K_lactis_and_K_marxianus_and_S_cerevisiae,4,1,1,1,1
YJL088W,Y_lipolytica_and_K_lactis_and_K_marxianus_and_S_cerevisiae,4,1,1,1,1
YJL091C,Y_lipolytica_and_K_lactis_and_K_marxianus_and_S_cerevisiae,4,1,1,1,1
YJL097W,Y_lipolytica_and_K_lactis_and_K_marxianus_and_S_cerevisiae,4,1,1,1,1
YJL100W,Y_lipolytica_and_K_lactis_and_K_marxianus_and_S_cerevisiae,4,1,1,1,1
YJL101C,Y_lipolytica_and_K_lactis_and_K_marxianus_and_S_cerevisiae,4,1,1,1,1
YJL121C,Y_lipolytica_and_K_lactis_and_K_marxianus_and_S_cerevisiae,4,1,1,1,1
YJL126W,Y_lipolytica_and_K_lactis_and_K_marxianus_and_S_cerevisiae,4,1,1,1,1
YJL129C,Y_lipolytica_and_K_lactis_and_K_marxianus_and_S_cerevisiae,4,1,1,1,1
YJL130C,Y_lipolytica_and_K_lactis_and_K_marxianus_and_S_cerevisiae,4,1,1,1,1
YJL133W,Y_lipolytica_and_K_lactis_and_K_marxianus_and_S_cerevisiae,4,1,1,1,1
YJL134W,Y_lipolytica_and_K_lactis_and_K_marxianus_and_S_cerevisiae,4,1,1,1,1
YJL137C,S_cerevisiae,1,0,0,0,1
YJL139C,Y_lipolytica_and_K_lactis_and_K_marxianus_and_S_cerevisiae,4,1,1,1,1
YJL153C,Y_lipolytica_and_K_lactis_and_K_marxianus_and_S_cerevisiae,4,1,1,1,1
YJL155C,Y_lipolytica_and_K_lactis_and_K_marxianus_and_S_cerevisiae,4,1,1,1,1
YJL166W,Y_lipolytica_and_S_cerevisiae,2,1,0,0,1
YJL167W,Y_lipolytica_and_K_lactis_and_K_marxianus_and_S_cerevisiae,4,1,1,1,1
YJL168C,Y_lipolytica_and_K_lactis_and_K_marxianus_and_S_cerevisiae,4,1,1,1,1
YJL180C,Y_lipolytica_and_K_lactis_and_K_marxianus_and_S_cerevisiae,4,1,1,1,1
YJL196C,S_cerevisiae,1,0,0,0,1
YJL198W,S_cerevisiae,1,0,0,0,1
YJL200C,Y_lipolytica_and_K_lactis_and_K_marxianus_and_S_cerevisiae,4,1,1,1,1
YJL212C,Y_lipolytica_and_K_lactis_and_K_marxianus_and_S_cerevisiae,4,1,1,1,1
YJL214W,S_cerevisiae,1,0,0,0,1
YJL216C,S_cerevisiae,1,0,0,0,1
YJL219W,S_cerevisiae,1,0,0,0,1
YJL221C,S_cerevisiae,1,0,0,0,1
YJR001W,Y_lipolytica_and_K_lactis_and_K_marxianus_and_S_cerevisiae,4,1,1,1,1
YJR009C,Y_lipolytica_and_K_lactis_and_K_marxianus_and_S_cerevisiae,4,1,1,1,1
YJR010W,Y_lipolytica_and_K_lactis_and_K_marxianus_and_S_cerevisiae,4,1,1,1,1
YJR013W,Y_lipolytica_and_K_lactis_and_K_marxianus_and_S_cerevisiae,4,1,1,1,1
YJR016C,Y_lipolytica_and_K_lactis_and_K_marxianus_and_S_cerevisiae,4,1,1,1,1
YJR019C,Y_lipolytica_and_K_lactis_and_K_marxianus_and_S_cerevisiae,4,1,1,1,1
YJR024C,Y_lipolytica_and_K_lactis_and_K_marxianus_and_S_cerevisiae,4,1,1,1,1
YJR025C,Y_lipolytica_and_S_cerevisiae,2,1,0,0,1
YJR040W,Y_lipolytica_and_K_lactis_and_K_marxianus_and_S_cerevisiae,4,1,1,1,1
YJR048W,S_cerevisiae,1,0,0,0,1
YJR049C,Y_lipolytica_and_K_lactis_and_K_marxianus_and_S_cerevisiae,4,1,1,1,1
YJR051W,K_lactis_and_K_marxianus_and_S_cerevisiae,3,0,1,1,1
YJR057W,Y_lipolytica_and_K_lactis_and_K_marxianus_and_S_cerevisiae,4,1,1,1,1
YJR069C,Y_lipolytica_and_K_marxianus_and_S_cerevisiae,3,1,0,1,1
YJR073C,Y_lipolytica_and_K_lactis_and_K_marxianus_and_S_cerevisiae,4,1,1,1,1
YJR077C,K_lactis_and_K_marxianus_and_S_cerevisiae,3,0,1,1,1
YJR078W,Y_lipolytica_and_S_cerevisiae,2,1,0,0,1
YJR095W,Y_lipolytica_and_K_lactis_and_K_marxianus_and_S_cerevisiae,4,1,1,1,1
YJR103W,S_cerevisiae,1,0,0,0,1
YJR104C,Y_lipolytica_and_K_lactis_and_K_marxianus_and_S_cerevisiae,4,1,1,1,1
YJR105W,Y_lipolytica_and_K_lactis_and_K_marxianus_and_S_cerevisiae,4,1,1,1,1
YJR109C,S_cerevisiae,1,0,0,0,1
YJR110W,Y_lipolytica_and_K_lactis_and_K_marxianus_and_S_cerevisiae,4,1,1,1,1
YJR121W,Y_lipolytica_and_K_lactis_and_K_marxianus_and_S_cerevisiae,4,1,1,1,1
YJR130C,S_cerevisiae,1,0,0,0,1
YJR131W,Y_lipolytica_and_K_lactis_and_K_marxianus_and_S_cerevisiae,4,1,1,1,1
YJR133W,Y_lipolytica_and_K_lactis_and_K_marxianus_and_S_cerevisiae,4,1,1,1,1
YJR137C,Y_lipolytica_and_K_lactis_and_K_marxianus_and_S_cerevisiae,4,1,1,1,1
YJR139C,Y_lipolytica_and_K_lactis_and_K_marxianus_and_S_cerevisiae,4,1,1,1,1
YJR143C,Y_lipolytica_and_K_lactis_and_K_marxianus_and_S_cerevisiae,4,1,1,1,1
YJR148W,S_cerevisiae,1,0,0,0,1
YJR149W,Y_lipolytica_and_K_lactis_and_K_marxianus_and_S_cerevisiae,4,1,1,1,1
YJR152W,Y_lipolytica_and_K_lactis_and_K_marxianus_and_S_cerevisiae,4,1,1,1,1
YJR153W,K_marxianus_and_S_cerevisiae,2,0,0,1,1
YJR155W,S_cerevisiae,1,0,0,0,1
YJR158W,S_cerevisiae,1,0,0,0,1
YJR159W,Y_lipolytica_and_K_lactis_and_K_marxianus_and_S_cerevisiae,4,1,1,1,1
YJR160C,S_cerevisiae,1,0,0,0,1
YKL001C,Y_lipolytica_and_K_lactis_and_K_marxianus_and_S_cerevisiae,4,1,1,1,1
YKL004W,K_lactis_and_K_marxianus_and_S_cerevisiae,3,0,1,1,1
YKL008C,K_lactis_and_K_marxianus_and_S_cerevisiae,3,0,1,1,1
YKL016C,Y_lipolytica_and_K_lactis_and_K_marxianus_and_S_cerevisiae,4,1,1,1,1
YKL019W,Y_lipolytica_and_K_lactis_and_K_marxianus_and_S_cerevisiae,4,1,1,1,1
YKL024C,Y_lipolytica_and_K_lactis_and_K_marxianus_and_S_cerevisiae,4,1,1,1,1
YKL026C,S_cerevisiae,1,0,0,0,1
YKL029C,Y_lipolytica_and_K_lactis_and_K_marxianus_and_S_cerevisiae,4,1,1,1,1
YKL035W,Y_lipolytica_and_K_lactis_and_K_marxianus_and_S_cerevisiae,4,1,1,1,1
YKL055C,Y_lipolytica_and_K_lactis_and_K_marxianus_and_S_cerevisiae,4,1,1,1,1
YKL060C,Y_lipolytica_and_K_lactis_and_K_marxianus_and_S_cerevisiae,4,1,1,1,1
YKL067W,Y_lipolytica_and_K_lactis_and_K_marxianus_and_S_cerevisiae,4,1,1,1,1
YKL069W,Y_lipolytica_and_K_lactis_and_K_marxianus_and_S_cerevisiae,4,1,1,1,1
YKL080W,Y_lipolytica_and_K_lactis_and_K_marxianus_and_S_cerevisiae,4,1,1,1,1
YKL085W,Y_lipolytica_and_K_lactis_and_K_marxianus_and_S_cerevisiae,4,1,1,1,1
YKL087C,Y_lipolytica_and_K_lactis_and_K_marxianus_and_S_cerevisiae,4,1,1,1,1
YKL088W,Y_lipolytica_and_K_lactis_and_K_marxianus_and_S_cerevisiae,4,1,1,1,1
YKL094W,Y_lipolytica_and_K_lactis_and_K_marxianus_and_S_cerevisiae,4,1,1,1,1
YKL103C,Y_lipolytica_and_K_lactis_and_K_marxianus_and_S_cerevisiae,4,1,1,1,1
YKL104C,Y_lipolytica_and_K_lactis_and_K_marxianus_and_S_cerevisiae,4,1,1,1,1
YKL106W,Y_lipolytica_and_K_lactis_and_K_marxianus_and_S_cerevisiae,4,1,1,1,1
YKL120W,Y_lipolytica_and_K_lactis_and_K_marxianus_and_S_cerevisiae,4,1,1,1,1
YKL127W,Y_lipolytica_and_K_lactis_and_K_marxianus_and_S_cerevisiae,4,1,1,1,1
YKL132C,S_cerevisiae,1,0,0,0,1
YKL140W,Y_lipolytica_and_S_cerevisiae,2,1,0,0,1
YKL141W,Y_lipolytica_and_K_lactis_and_K_marxianus_and_S_cerevisiae,4,1,1,1,1
YKL146W,S_cerevisiae,1,0,0,0,1
YKL148C,Y_lipolytica_and_K_lactis_and_K_marxianus_and_S_cerevisiae,4,1,1,1,1
YKL150W,Y_lipolytica_and_K_lactis_and_K_marxianus_and_S_cerevisiae,4,1,1,1,1
YKL152C,Y_lipolytica_and_K_lactis_and_K_marxianus_and_S_cerevisiae,4,1,1,1,1
YKL165C,Y_lipolytica_and_K_lactis_and_K_marxianus_and_S_cerevisiae,4,1,1,1,1
YKL174C,K_lactis_and_K_marxianus_and_S_cerevisiae,3,0,1,1,1
YKL181W,Y_lipolytica_and_K_lactis_and_K_marxianus_and_S_cerevisiae,4,1,1,1,1
YKL182W,Y_lipolytica_and_K_lactis_and_K_marxianus_and_S_cerevisiae,4,1,1,1,1
YKL184W,Y_lipolytica_and_K_lactis_and_K_marxianus_and_S_cerevisiae,4,1,1,1,1
YKL188C,Y_lipolytica_and_K_lactis_and_K_marxianus_and_S_cerevisiae,4,1,1,1,1
YKL192C,Y_lipolytica_and_K_lactis_and_K_marxianus_and_S_cerevisiae,4,1,1,1,1
YKL194C,Y_lipolytica_and_K_lactis_and_K_marxianus_and_S_cerevisiae,4,1,1,1,1
YKL209C,Y_lipolytica_and_K_lactis_and_K_marxianus,3,1,1,1,0
YKL211C,Y_lipolytica_and_K_lactis_and_K_marxianus_and_S_cerevisiae,4,1,1,1,1
YKL212W,Y_lipolytica_and_K_lactis_and_K_marxianus_and_S_cerevisiae,4,1,1,1,1
YKL215C,Y_lipolytica_and_K_lactis_and_K_marxianus_and_S_cerevisiae,4,1,1,1,1
YKL216W,K_lactis_and_K_marxianus_and_S_cerevisiae,3,0,1,1,1
YKL217W,Y_lipolytica_and_K_lactis_and_K_marxianus_and_S_cerevisiae,4,1,1,1,1
YKL218C,Y_lipolytica_and_S_cerevisiae,2,1,0,0,1
YKL220C,S_cerevisiae,1,0,0,0,1
YKR009C,Y_lipolytica_and_K_lactis_and_K_marxianus_and_S_cerevisiae,4,1,1,1,1
YKR031C,Y_lipolytica_and_K_lactis_and_K_marxianus_and_S_cerevisiae,4,1,1,1,1
YKR039W,S_cerevisiae,1,0,0,0,1
YKR043C,Y_lipolytica_and_K_lactis_and_K_marxianus_and_S_cerevisiae,4,1,1,1,1
YKR052C,S_cerevisiae,1,0,0,0,1
YKR053C,S_cerevisiae,1,0,0,0,1
YKR058W,Y_lipolytica_and_K_lactis_and_K_marxianus_and_S_cerevisiae,4,1,1,1,1
YKR061W,S_cerevisiae,1,0,0,0,1
YKR066C,Y_lipolytica_and_K_lactis_and_K_marxianus_and_S_cerevisiae,4,1,1,1,1
YKR067W,S_cerevisiae,1,0,0,0,1
YKR069W,Y_lipolytica_and_K_lactis_and_K_marxianus_and_S_cerevisiae,4,1,1,1,1
YKR072C,S_cerevisiae,1,0,0,0,1
YKR076W,S_cerevisiae,1,0,0,0,1
YKR078W,Y_lipolytica_and_K_lactis_and_K_marxianus,3,1,1,1,0
YKR080W,Y_lipolytica_and_K_lactis_and_K_marxianus_and_S_cerevisiae,4,1,1,1,1
YKR089C,Y_lipolytica_and_K_lactis_and_K_marxianus_and_S_cerevisiae,4,1,1,1,1
YKR093W,Y_lipolytica_and_K_lactis_and_K_marxianus_and_S_cerevisiae,4,1,1,1,1
YKR097W,Y_lipolytica_and_K_lactis_and_K_marxianus_and_S_cerevisiae,4,1,1,1,1
YLL001W,Y_lipolytica_and_K_lactis_and_K_marxianus_and_S_cerevisiae,4,1,1,1,1
YLL012W,Y_lipolytica_and_K_lactis_and_K_marxianus_and_S_cerevisiae,4,1,1,1,1
YLL015W,S_cerevisiae,1,0,0,0,1
YLL018C,Y_lipolytica_and_K_lactis_and_K_marxianus_and_S_cerevisiae,4,1,1,1,1
YLL018C-A,Y_lipolytica_and_K_lactis_and_K_marxianus_and_S_cerevisiae,4,1,1,1,1
YLL028W,Y_lipolytica_and_K_lactis_and_K_marxianus_and_S_cerevisiae,4,1,1,1,1
YLL031C,Y_lipolytica_and_K_lactis_and_K_marxianus_and_S_cerevisiae,4,1,1,1,1
YLL041C,Y_lipolytica_and_K_lactis_and_K_marxianus_and_S_cerevisiae,4,1,1,1,1
YLL043W,Y_lipolytica_and_K_lactis_and_K_marxianus_and_S_cerevisiae,4,1,1,1,1
YLL048C,Y_lipolytica_and_K_lactis_and_K_marxianus_and_S_cerevisiae,4,1,1,1,1
YLL051C,Y_lipolytica_and_K_lactis_and_K_marxianus_and_S_cerevisiae,4,1,1,1,1
YLL052C,S_cerevisiae,1,0,0,0,1
YLL053C,S_cerevisiae,1,0,0,0,1
YLL057C,Y_lipolytica_and_K_lactis_and_K_marxianus_and_S_cerevisiae,4,1,1,1,1
YLL058W,S_cerevisiae,1,0,0,0,1
YLL060C,S_cerevisiae,1,0,0,0,1
YLL061W,S_cerevisiae,1,0,0,0,1
YLL062C,S_cerevisiae,1,0,0,0,1
YLR011W,S_cerevisiae,1,0,0,0,1
YLR017W,Y_lipolytica_and_K_lactis_and_K_marxianus_and_S_cerevisiae,4,1,1,1,1
YLR020C,S_cerevisiae,1,0,0,0,1
YLR027C,Y_lipolytica_and_K_lactis_and_K_marxianus_and_S_cerevisiae,4,1,1,1,1
YLR028C,S_cerevisiae,1,0,0,0,1
YLR038C,S_cerevisiae,1,0,0,0,1
YLR039C,Y_lipolytica_and_K_lactis_and_K_marxianus,3,1,1,1,0
YLR043C,S_cerevisiae,1,0,0,0,1
YLR044C,S_cerevisiae,1,0,0,0,1
YLR047C,Y_lipolytica_and_K_lactis_and_K_marxianus_and_S_cerevisiae,4,1,1,1,1
YLR056W,Y_lipolytica_and_K_lactis_and_K_marxianus_and_S_cerevisiae,4,1,1,1,1
YLR057W,Y_lipolytica_and_K_marxianus_and_S_cerevisiae,3,1,0,1,1
YLR058C,S_cerevisiae,1,0,0,0,1
YLR060W,Y_lipolytica_and_K_lactis_and_K_marxianus_and_S_cerevisiae,4,1,1,1,1
YLR070C,S_cerevisiae,1,0,0,0,1
YLR081W,S_cerevisiae,1,0,0,0,1
YLR089C,Y_lipolytica_and_K_lactis_and_K_marxianus_and_S_cerevisiae,4,1,1,1,1
YLR092W,Y_lipolytica_and_K_lactis_and_K_marxianus_and_S_cerevisiae,4,1,1,1,1
YLR099C,S_cerevisiae,1,0,0,0,1
YLR100W,Y_lipolytica_and_S_cerevisiae,2,1,0,0,1
YLR109W,Y_lipolytica_and_K_lactis_and_K_marxianus_and_S_cerevisiae,4,1,1,1,1
YLR130C,Y_lipolytica_and_K_lactis_and_K_marxianus_and_S_cerevisiae,4,1,1,1,1
YLR133W,Y_lipolytica_and_K_lactis_and_K_marxianus_and_S_cerevisiae,4,1,1,1,1
YLR134W,S_cerevisiae,1,0,0,0,1
YLR138W,Y_lipolytica_and_K_lactis_and_K_marxianus_and_S_cerevisiae,4,1,1,1,1
YLR142W,Y_lipolytica_and_K_lactis_and_K_marxianus_and_S_cerevisiae,4,1,1,1,1
YLR143W,Y_lipolytica_and_K_lactis_and_K_marxianus_and_S_cerevisiae,4,1,1,1,1
YLR146C,Y_lipolytica_and_K_lactis_and_K_marxianus_and_S_cerevisiae,4,1,1,1,1
YLR151C,Y_lipolytica_and_K_lactis_and_K_marxianus_and_S_cerevisiae,4,1,1,1,1
YLR153C,S_cerevisiae,1,0,0,0,1
YLR155C,S_cerevisiae,1,0,0,0,1
YLR157C,S_cerevisiae,1,0,0,0,1
YLR158C,S_cerevisiae,1,0,0,0,1
YLR160C,S_cerevisiae,1,0,0,0,1
YLR164W,S_cerevisiae,1,0,0,0,1
YLR172C,Y_lipolytica_and_K_lactis_and_K_marxianus_and_S_cerevisiae,4,1,1,1,1
YLR174W,S_cerevisiae,1,0,0,0,1
YLR180W,S_cerevisiae,1,0,0,0,1
YLR189C,Y_lipolytica_and_K_lactis_and_K_marxianus_and_S_cerevisiae,4,1,1,1,1
YLR201C,Y_lipolytica_and_K_lactis_and_K_marxianus_and_S_cerevisiae,4,1,1,1,1
YLR209C,Y_lipolytica_and_K_lactis_and_K_marxianus_and_S_cerevisiae,4,1,1,1,1
YLR214W,K_lactis_and_K_marxianus_and_S_cerevisiae,3,0,1,1,1
YLR231C,Y_lipolytica_and_S_cerevisiae,2,1,0,0,1
YLR237W,S_cerevisiae,1,0,0,0,1
YLR239C,Y_lipolytica_and_K_lactis_and_K_marxianus_and_S_cerevisiae,4,1,1,1,1
YLR240W,Y_lipolytica_and_S_cerevisiae,2,1,0,0,1
YLR244C,Y_lipolytica_and_K_lactis_and_K_marxianus_and_S_cerevisiae,4,1,1,1,1
YLR245C,Y_lipolytica_and_K_lactis_and_K_marxianus_and_S_cerevisiae,4,1,1,1,1
YLR258W,S_cerevisiae,1,0,0,0,1
YLR260W,Y_lipolytica_and_K_lactis_and_K_marxianus_and_S_cerevisiae,4,1,1,1,1
YLR284C,K_lactis_and_K_marxianus_and_S_cerevisiae,3,0,1,1,1
YLR285W,Y_lipolytica_and_K_lactis_and_K_marxianus_and_S_cerevisiae,4,1,1,1,1
YLR286C,Y_lipolytica_and_K_lactis_and_K_marxianus_and_S_cerevisiae,4,1,1,1,1
YLR295C,Y_lipolytica_and_K_lactis_and_K_marxianus_and_S_cerevisiae,4,1,1,1,1
YLR299W,Y_lipolytica_and_K_lactis_and_K_marxianus_and_S_cerevisiae,4,1,1,1,1
YLR300W,Y_lipolytica_and_K_lactis_and_K_marxianus_and_S_cerevisiae,4,1,1,1,1
YLR303W,Y_lipolytica_and_K_lactis_and_K_marxianus_and_S_cerevisiae,4,1,1,1,1
YLR304C,S_cerevisiae,1,0,0,0,1
YLR305C,Y_lipolytica_and_K_lactis_and_K_marxianus_and_S_cerevisiae,4,1,1,1,1
YLR307W,S_cerevisiae,1,0,0,0,1
YLR308W,Y_lipolytica_and_K_lactis_and_K_marxianus_and_S_cerevisiae,4,1,1,1,1
YLR328W,Y_lipolytica_and_K_lactis_and_K_marxianus_and_S_cerevisiae,4,1,1,1,1
YLR342W,S_cerevisiae,1,0,0,0,1
YLR345W,Y_lipolytica_and_K_lactis_and_K_marxianus_and_S_cerevisiae,4,1,1,1,1
YLR348C,Y_lipolytica_and_S_cerevisiae,2,1,0,0,1
YLR351C,S_cerevisiae,1,0,0,0,1
YLR354C,Y_lipolytica_and_K_lactis_and_K_marxianus_and_S_cerevisiae,4,1,1,1,1
YLR355C,Y_lipolytica_and_K_lactis_and_K_marxianus_and_S_cerevisiae,4,1,1,1,1
YLR359W,Y_lipolytica_and_K_lactis_and_K_marxianus_and_S_cerevisiae,4,1,1,1,1
YLR372W,K_lactis_and_K_marxianus_and_S_cerevisiae,3,0,1,1,1
YLR377C,Y_lipolytica_and_K_lactis_and_K_marxianus_and_S_cerevisiae,4,1,1,1,1
YLR382C,Y_lipolytica_and_K_lactis_and_K_marxianus_and_S_cerevisiae,4,1,1,1,1
YLR386W,Y_lipolytica_and_K_lactis_and_K_marxianus_and_S_cerevisiae,4,1,1,1,1
YLR393W,Y_lipolytica_and_K_lactis_and_K_marxianus_and_S_cerevisiae,4,1,1,1,1
YLR395C,Y_lipolytica_and_K_lactis_and_K_marxianus_and_S_cerevisiae,4,1,1,1,1
YLR410W,Y_lipolytica_and_K_lactis_and_K_marxianus_and_S_cerevisiae,4,1,1,1,1
YLR420W,Y_lipolytica_and_K_lactis_and_K_marxianus_and_S_cerevisiae,4,1,1,1,1
YLR432W,S_cerevisiae,1,0,0,0,1
YLR438W,Y_lipolytica_and_K_lactis_and_K_marxianus_and_S_cerevisiae,4,1,1,1,1
YLR446W,Y_lipolytica_and_S_cerevisiae,2,1,0,0,1
YLR447C,Y_lipolytica_and_K_lactis_and_K_marxianus_and_S_cerevisiae,4,1,1,1,1
YLR450W,S_cerevisiae,1,0,0,0,1
YML004C,Y_lipolytica_and_K_lactis_and_K_marxianus_and_S_cerevisiae,4,1,1,1,1
YML008C,Y_lipolytica_and_K_lactis_and_K_marxianus_and_S_cerevisiae,4,1,1,1,1
YML022W,Y_lipolytica_and_K_lactis_and_K_marxianus_and_S_cerevisiae,4,1,1,1,1
YML028W,Y_lipolytica_and_K_lactis_and_K_marxianus,3,1,1,1,0
YML035C,Y_lipolytica_and_K_lactis_and_K_marxianus_and_S_cerevisiae,4,1,1,1,1
YML042W,Y_lipolytica_and_K_lactis_and_K_marxianus_and_S_cerevisiae,4,1,1,1,1
YML054C,Y_lipolytica_and_K_lactis_and_K_marxianus_and_S_cerevisiae,4,1,1,1,1
YML056C,Y_lipolytica_and_K_lactis_and_K_marxianus_and_S_cerevisiae,4,1,1,1,1
YML059C,Y_lipolytica_and_K_lactis_and_S_cerevisiae,3,1,1,0,1
YML070W,S_cerevisiae,1,0,0,0,1
YML075C,Y_lipolytica_and_K_lactis_and_K_marxianus_and_S_cerevisiae,4,1,1,1,1
YML081C-A,Y_lipolytica_and_K_lactis_and_K_marxianus_and_S_cerevisiae,4,1,1,1,1
YML082W,Y_lipolytica_and_K_lactis_and_K_marxianus_and_S_cerevisiae,4,1,1,1,1
YML086C,Y_lipolytica_and_K_lactis_and_K_marxianus_and_S_cerevisiae,4,1,1,1,1
YML100W,Y_lipolytica_and_K_lactis_and_K_marxianus_and_S_cerevisiae,4,1,1,1,1
YML106W,S_cerevisiae,1,0,0,0,1
YML110C,Y_lipolytica_and_K_lactis_and_K_marxianus_and_S_cerevisiae,4,1,1,1,1
YML120C,K_lactis_and_K_marxianus_and_S_cerevisiae,3,0,1,1,1
YML123C,Y_lipolytica_and_K_lactis_and_K_marxianus_and_S_cerevisiae,4,1,1,1,1
YML125C,K_lactis_and_K_marxianus_and_S_cerevisiae,3,0,1,1,1
YML126C,Y_lipolytica_and_K_lactis_and_K_marxianus_and_S_cerevisiae,4,1,1,1,1
YMR006C,Y_lipolytica_and_K_lactis_and_K_marxianus_and_S_cerevisiae,4,1,1,1,1
YMR008C,S_cerevisiae,1,0,0,0,1
YMR009W,Y_lipolytica_and_K_lactis_and_S_cerevisiae,3,1,1,0,1
YMR011W,S_cerevisiae,1,0,0,0,1
YMR013C,Y_lipolytica_and_K_lactis_and_K_marxianus_and_S_cerevisiae,4,1,1,1,1
YMR015C,Y_lipolytica_and_K_lactis_and_K_marxianus_and_S_cerevisiae,4,1,1,1,1
YMR020W,Y_lipolytica_and_K_lactis_and_K_marxianus_and_S_cerevisiae,4,1,1,1,1
YMR041C,Y_lipolytica_and_K_lactis_and_K_marxianus_and_S_cerevisiae,4,1,1,1,1
YMR054W,Y_lipolytica_and_K_lactis_and_K_marxianus_and_S_cerevisiae,4,1,1,1,1
YMR056C,S_cerevisiae,1,0,0,0,1
YMR058W,Y_lipolytica_and_K_lactis_and_K_marxianus_and_S_cerevisiae,4,1,1,1,1
YMR062C,Y_lipolytica_and_K_lactis_and_K_marxianus_and_S_cerevisiae,4,1,1,1,1
YMR083W,Y_lipolytica_and_K_lactis_and_K_marxianus_and_S_cerevisiae,4,1,1,1,1
YMR084W,S_cerevisiae,1,0,0,0,1
YMR087W,K_lactis_and_K_marxianus_and_S_cerevisiae,3,0,1,1,1
YMR088C,Y_lipolytica_and_K_lactis_and_K_marxianus_and_S_cerevisiae,4,1,1,1,1
YMR095C,Y_lipolytica_and_K_lactis_and_K_marxianus,3,1,1,1,0
YMR099C,Y_lipolytica_and_K_lactis_and_K_marxianus_and_S_cerevisiae,4,1,1,1,1
YMR101C,Y_lipolytica_and_K_lactis_and_K_marxianus_and_S_cerevisiae,4,1,1,1,1
YMR105C,S_cerevisiae,1,0,0,0,1
YMR108W,Y_lipolytica_and_K_lactis_and_K_marxianus_and_S_cerevisiae,4,1,1,1,1
YMR110C,Y_lipolytica_and_K_lactis_and_K_marxianus_and_S_cerevisiae,4,1,1,1,1
YMR113W,Y_lipolytica_and_K_lactis_and_K_marxianus_and_S_cerevisiae,4,1,1,1,1
YMR120C,Y_lipolytica_and_K_lactis_and_K_marxianus_and_S_cerevisiae,4,1,1,1,1
YMR145C,Y_lipolytica_and_K_lactis_and_K_marxianus_and_S_cerevisiae,4,1,1,1,1
YMR162C,Y_lipolytica_and_K_lactis_and_K_marxianus_and_S_cerevisiae,4,1,1,1,1
YMR165C,Y_lipolytica_and_K_lactis_and_K_marxianus_and_S_cerevisiae,4,1,1,1,1
YMR169C,S_cerevisiae,1,0,0,0,1
YMR170C,Y_lipolytica_and_K_lactis_and_K_marxianus_and_S_cerevisiae,4,1,1,1,1
YMR189W,Y_lipolytica_and_K_lactis_and_K_marxianus_and_S_cerevisiae,4,1,1,1,1
YMR202W,Y_lipolytica_and_K_lactis_and_K_marxianus_and_S_cerevisiae,4,1,1,1,1
YMR205C,S_cerevisiae,1,0,0,0,1
YMR207C,S_cerevisiae,1,0,0,0,1
YMR208W,Y_lipolytica_and_K_lactis_and_K_marxianus_and_S_cerevisiae,4,1,1,1,1
YMR210W,Y_lipolytica_and_K_lactis_and_K_marxianus_and_S_cerevisiae,4,1,1,1,1
YMR217W,Y_lipolytica_and_K_lactis_and_K_marxianus_and_S_cerevisiae,4,1,1,1,1
YMR220W,Y_lipolytica_and_K_lactis_and_K_marxianus_and_S_cerevisiae,4,1,1,1,1
YMR226C,Y_lipolytica_and_K_lactis_and_K_marxianus_and_S_cerevisiae,4,1,1,1,1
YMR241W,Y_lipolytica_and_K_lactis_and_K_marxianus_and_S_cerevisiae,4,1,1,1,1
YMR243C,Y_lipolytica_and_K_lactis_and_K_marxianus_and_S_cerevisiae,4,1,1,1,1
YMR246W,S_cerevisiae,1,0,0,0,1
YMR250W,Y_lipolytica_and_K_lactis_and_K_marxianus_and_S_cerevisiae,4,1,1,1,1
YMR251W,S_cerevisiae,1,0,0,0,1
YMR256C,Y_lipolytica_and_K_lactis_and_K_marxianus_and_S_cerevisiae,4,1,1,1,1
YMR261C,S_cerevisiae,1,0,0,0,1
YMR267W,K_lactis_and_S_cerevisiae,2,0,1,0,1
YMR271C,Y_lipolytica_and_K_lactis_and_K_marxianus_and_S_cerevisiae,4,1,1,1,1
YMR272C,Y_lipolytica_and_K_lactis_and_K_marxianus_and_S_cerevisiae,4,1,1,1,1
YMR278W,Y_lipolytica_and_K_lactis_and_K_marxianus_and_S_cerevisiae,4,1,1,1,1
YMR281W,Y_lipolytica_and_K_lactis_and_K_marxianus_and_S_cerevisiae,4,1,1,1,1
YMR289W,Y_lipolytica_and_K_lactis_and_K_marxianus_and_S_cerevisiae,4,1,1,1,1
YMR293C,Y_lipolytica_and_K_lactis_and_K_marxianus_and_S_cerevisiae,4,1,1,1,1
YMR296C,Y_lipolytica_and_K_lactis_and_K_marxianus_and_S_cerevisiae,4,1,1,1,1
YMR298W,K_lactis_and_K_marxianus_and_S_cerevisiae,3,0,1,1,1
YMR300C,Y_lipolytica_and_K_lactis_and_K_marxianus_and_S_cerevisiae,4,1,1,1,1
YMR301C,Y_lipolytica_and_K_lactis_and_K_marxianus_and_S_cerevisiae,4,1,1,1,1
YMR303C,S_cerevisiae,1,0,0,0,1
YMR306W,S_cerevisiae,1,0,0,0,1
YMR313C,Y_lipolytica_and_K_lactis_and_K_marxianus_and_S_cerevisiae,4,1,1,1,1
YMR318C,S_cerevisiae,1,0,0,0,1
YMR319C,K_lactis_and_K_marxianus_and_S_cerevisiae,3,0,1,1,1
YMR322C,S_cerevisiae,1,0,0,0,1
YMR323W,S_cerevisiae,1,0,0,0,1
YNL003C,Y_lipolytica_and_K_lactis_and_K_marxianus_and_S_cerevisiae,4,1,1,1,1
YNL009W,S_cerevisiae,1,0,0,0,1
YNL029C,Y_lipolytica_and_K_lactis_and_K_marxianus_and_S_cerevisiae,4,1,1,1,1
YNL036W,Y_lipolytica_and_K_lactis_and_K_marxianus_and_S_cerevisiae,4,1,1,1,1
YNL037C,Y_lipolytica_and_K_lactis_and_K_marxianus_and_S_cerevisiae,4,1,1,1,1
YNL038W,K_lactis_and_K_marxianus_and_S_cerevisiae,3,0,1,1,1
YNL045W,Y_lipolytica_and_K_lactis_and_K_marxianus_and_S_cerevisiae,4,1,1,1,1
YNL048W,Y_lipolytica_and_K_lactis_and_K_marxianus_and_S_cerevisiae,4,1,1,1,1
YNL052W,Y_lipolytica_and_K_lactis_and_K_marxianus_and_S_cerevisiae,4,1,1,1,1
YNL065W,Y_lipolytica_and_K_lactis_and_K_marxianus_and_S_cerevisiae,4,1,1,1,1
YNL071W,Y_lipolytica_and_K_lactis_and_K_marxianus_and_S_cerevisiae,4,1,1,1,1
YNL073W,Y_lipolytica_and_K_lactis_and_K_marxianus_and_S_cerevisiae,4,1,1,1,1
YNL092W,Y_lipolytica_and_K_lactis_and_K_marxianus_and_S_cerevisiae,4,1,1,1,1
YNL101W,Y_lipolytica_and_K_lactis_and_K_marxianus_and_S_cerevisiae,4,1,1,1,1
YNL104C,Y_lipolytica_and_K_lactis_and_K_marxianus_and_S_cerevisiae,4,1,1,1,1
YNL106C,Y_lipolytica_and_K_lactis_and_K_marxianus_and_S_cerevisiae,4,1,1,1,1
YNL117W,Y_lipolytica_and_K_lactis_and_K_marxianus_and_S_cerevisiae,4,1,1,1,1
YNL129W,Y_lipolytica_and_K_lactis_and_K_marxianus_and_S_cerevisiae,4,1,1,1,1
YNL130C,Y_lipolytica_and_K_lactis_and_K_marxianus_and_S_cerevisiae,4,1,1,1,1
YNL141W,K_lactis_and_K_marxianus_and_S_cerevisiae,3,0,1,1,1
YNL142W,Y_lipolytica_and_K_lactis_and_K_marxianus_and_S_cerevisiae,4,1,1,1,1
YNL169C,Y_lipolytica_and_K_lactis_and_K_marxianus_and_S_cerevisiae,4,1,1,1,1
YNL191W,Y_lipolytica_and_K_lactis_and_K_marxianus_and_S_cerevisiae,4,1,1,1,1
YNL192W,Y_lipolytica_and_K_lactis_and_K_marxianus_and_S_cerevisiae,4,1,1,1,1
YNL202W,Y_lipolytica_and_K_lactis_and_K_marxianus_and_S_cerevisiae,4,1,1,1,1
YNL219C,Y_lipolytica_and_K_lactis_and_K_marxianus_and_S_cerevisiae,4,1,1,1,1
YNL220W,Y_lipolytica_and_K_lactis_and_K_marxianus_and_S_cerevisiae,4,1,1,1,1
YNL229C,Y_lipolytica_and_K_lactis_and_K_marxianus_and_S_cerevisiae,4,1,1,1,1
YNL241C,Y_lipolytica_and_K_lactis_and_K_marxianus_and_S_cerevisiae,4,1,1,1,1
YNL247W,Y_lipolytica_and_K_lactis_and_K_marxianus_and_S_cerevisiae,4,1,1,1,1
YNL256W,Y_lipolytica_and_K_lactis_and_K_marxianus_and_S_cerevisiae,4,1,1,1,1
YNL267W,Y_lipolytica_and_K_lactis_and_K_marxianus_and_S_cerevisiae,4,1,1,1,1
YNL268W,Y_lipolytica_and_K_lactis_and_K_marxianus_and_S_cerevisiae,4,1,1,1,1
YNL270C,S_cerevisiae,1,0,0,0,1
YNL274C,Y_lipolytica_and_K_lactis_and_K_marxianus_and_S_cerevisiae,4,1,1,1,1
YNL275W,Y_lipolytica_and_K_lactis_and_K_marxianus_and_S_cerevisiae,4,1,1,1,1
YNL277W,Y_lipolytica_and_K_lactis_and_K_marxianus_and_S_cerevisiae,4,1,1,1,1
YNL280C,Y_lipolytica_and_K_lactis_and_K_marxianus_and_S_cerevisiae,4,1,1,1,1
YNL292W,Y_lipolytica_and_K_lactis_and_K_marxianus_and_S_cerevisiae,4,1,1,1,1
YNL315C,Y_lipolytica_and_K_lactis_and_K_marxianus_and_S_cerevisiae,4,1,1,1,1
YNL316C,Y_lipolytica_and_K_marxianus_and_S_cerevisiae,3,1,0,1,1
YNL318C,K_lactis_and_K_marxianus_and_S_cerevisiae,3,0,1,1,1
YNL325C,Y_lipolytica_and_K_lactis_and_K_marxianus_and_S_cerevisiae,4,1,1,1,1
YNL331C,S_cerevisiae,1,0,0,0,1
YNL332W,K_lactis_and_K_marxianus,2,0,1,1,0
YNL333W,Y_lipolytica_and_K_lactis_and_K_marxianus_and_S_cerevisiae,4,1,1,1,1
YNL334C,S_cerevisiae,1,0,0,0,1
YNL335W,S_cerevisiae,1,0,0,0,1
YNR001C,Y_lipolytica_and_K_lactis_and_K_marxianus_and_S_cerevisiae,4,1,1,1,1
YNR008W,Y_lipolytica_and_K_lactis_and_K_marxianus_and_S_cerevisiae,4,1,1,1,1
YNR012W,Y_lipolytica_and_K_lactis_and_K_marxianus_and_S_cerevisiae,4,1,1,1,1
YNR013C,S_cerevisiae,1,0,0,0,1
YNR016C,Y_lipolytica_and_K_lactis_and_K_marxianus_and_S_cerevisiae,4,1,1,1,1
YNR019W,Y_lipolytica_and_K_lactis_and_K_marxianus_and_S_cerevisiae,4,1,1,1,1
YNR027W,S_cerevisiae,1,0,0,0,1
YNR030W,Y_lipolytica_and_K_lactis_and_K_marxianus_and_S_cerevisiae,4,1,1,1,1
YNR033W,Y_lipolytica_and_K_lactis_and_K_marxianus_and_S_cerevisiae,4,1,1,1,1
YNR041C,Y_lipolytica_and_K_lactis_and_K_marxianus_and_S_cerevisiae,4,1,1,1,1
YNR043W,Y_lipolytica_and_K_lactis_and_K_marxianus_and_S_cerevisiae,4,1,1,1,1
YNR050C,Y_lipolytica_and_K_lactis_and_K_marxianus_and_S_cerevisiae,4,1,1,1,1
YNR056C,K_lactis_and_K_marxianus_and_S_cerevisiae,3,0,1,1,1
YNR057C,K_lactis_and_K_marxianus_and_S_cerevisiae,3,0,1,1,1
YNR058W,K_lactis_and_K_marxianus_and_S_cerevisiae,3,0,1,1,1
YNR060W,Y_lipolytica_and_K_lactis_and_K_marxianus_and_S_cerevisiae,4,1,1,1,1
YNR067C,Y_lipolytica_and_K_lactis_and_K_marxianus_and_S_cerevisiae,4,1,1,1,1
YNR072W,S_cerevisiae,1,0,0,0,1
YNR073C,S_cerevisiae,1,0,0,0,1
YOL011W,S_cerevisiae,1,0,0,0,1
YOL020W,S_cerevisiae,1,0,0,0,1
YOL033W,Y_lipolytica_and_K_lactis_and_K_marxianus_and_S_cerevisiae,4,1,1,1,1
YOL049W,Y_lipolytica_and_K_lactis_and_K_marxianus_and_S_cerevisiae,4,1,1,1,1
YOL052C,Y_lipolytica_and_K_lactis_and_K_marxianus_and_S_cerevisiae,4,1,1,1,1
YOL055C,S_cerevisiae,1,0,0,0,1
YOL058W,K_lactis_and_K_marxianus_and_S_cerevisiae,3,0,1,1,1
YOL059W,Y_lipolytica_and_K_lactis_and_K_marxianus_and_S_cerevisiae,4,1,1,1,1
YOL061W,Y_lipolytica_and_K_lactis_and_K_marxianus_and_S_cerevisiae,4,1,1,1,1
YOL064C,Y_lipolytica_and_K_marxianus_and_S_cerevisiae,3,1,0,1,1
YOL065C,Y_lipolytica_and_K_marxianus_and_S_cerevisiae,3,1,0,1,1
YOL066C,Y_lipolytica_and_K_lactis_and_K_marxianus_and_S_cerevisiae,4,1,1,1,1
YOL068C,S_cerevisiae,1,0,0,0,1
YOL075C,Y_lipolytica_and_K_lactis_and_K_marxianus_and_S_cerevisiae,4,1,1,1,1
YOL077W-A,Y_lipolytica_and_K_lactis_and_K_marxianus_and_S_cerevisiae,4,1,1,1,1
YOL086C,S_cerevisiae,1,0,0,0,1
YOL092W,Y_lipolytica_and_K_lactis_and_K_marxianus_and_S_cerevisiae,4,1,1,1,1
YOL096C,Y_lipolytica_and_K_lactis_and_K_marxianus_and_S_cerevisiae,4,1,1,1,1
YOL097C,Y_lipolytica_and_K_lactis_and_K_marxianus_and_S_cerevisiae,4,1,1,1,1
YOL103W,Y_lipolytica_and_K_lactis_and_K_marxianus_and_S_cerevisiae,4,1,1,1,1
YOL122C,Y_lipolytica_and_K_lactis_and_K_marxianus_and_S_cerevisiae,4,1,1,1,1
YOL126C,K_lactis_and_K_marxianus_and_S_cerevisiae,3,0,1,1,1
YOL130W,Y_lipolytica_and_K_lactis_and_K_marxianus_and_S_cerevisiae,4,1,1,1,1
YOL136C,K_lactis_and_K_marxianus_and_S_cerevisiae,3,0,1,1,1
YOL140W,Y_lipolytica_and_K_lactis_and_K_marxianus_and_S_cerevisiae,4,1,1,1,1
YOL143C,Y_lipolytica_and_K_lactis_and_K_marxianus_and_S_cerevisiae,4,1,1,1,1
YOL151W,S_cerevisiae,1,0,0,0,1
YOL152W,S_cerevisiae,1,0,0,0,1
YOL156W,S_cerevisiae,1,0,0,0,1
YOL157C,K_lactis_and_S_cerevisiae,2,0,1,0,1
YOL165C,S_cerevisiae,1,0,0,0,1
YOR002W,Y_lipolytica_and_K_lactis_and_K_marxianus_and_S_cerevisiae,4,1,1,1,1
YOR011W,S_cerevisiae,1,0,0,0,1
YOR025W,Y_lipolytica_and_K_lactis_and_K_marxianus_and_S_cerevisiae,4,1,1,1,1
YOR040W,Y_lipolytica_and_K_lactis_and_K_marxianus_and_S_cerevisiae,4,1,1,1,1
YOR054C,Y_lipolytica_and_K_lactis_and_K_marxianus_and_S_cerevisiae,4,1,1,1,1
YOR065W,Y_lipolytica_and_K_lactis_and_K_marxianus_and_S_cerevisiae,4,1,1,1,1
YOR067C,Y_lipolytica_and_K_lactis_and_K_marxianus_and_S_cerevisiae,4,1,1,1,1
YOR071C,S_cerevisiae,1,0,0,0,1
YOR074C,Y_lipolytica_and_K_lactis_and_K_marxianus_and_S_cerevisiae,4,1,1,1,1
YOR081C,S_cerevisiae,1,0,0,0,1
YOR095C,Y_lipolytica_and_K_lactis_and_K_marxianus_and_S_cerevisiae,4,1,1,1,1
YOR099W,Y_lipolytica_and_K_lactis_and_K_marxianus_and_S_cerevisiae,4,1,1,1,1
YOR100C,Y_lipolytica_and_K_lactis_and_K_marxianus_and_S_cerevisiae,4,1,1,1,1
YOR108W,S_cerevisiae,1,0,0,0,1
YOR109W,S_cerevisiae,1,0,0,0,1
YOR120W,Y_lipolytica_and_K_lactis_and_K_marxianus_and_S_cerevisiae,4,1,1,1,1
YOR125C,Y_lipolytica_and_K_lactis_and_K_marxianus_and_S_cerevisiae,4,1,1,1,1
YOR126C,Y_lipolytica_and_K_marxianus_and_S_cerevisiae,3,1,0,1,1
YOR128C,Y_lipolytica_and_K_lactis_and_K_marxianus_and_S_cerevisiae,4,1,1,1,1
YOR130C,Y_lipolytica_and_K_lactis_and_K_marxianus_and_S_cerevisiae,4,1,1,1,1
YOR136W,Y_lipolytica_and_K_lactis_and_K_marxianus_and_S_cerevisiae,4,1,1,1,1
YOR142W,Y_lipolytica_and_K_lactis_and_K_marxianus_and_S_cerevisiae,4,1,1,1,1
YOR143C,Y_lipolytica_and_K_lactis_and_K_marxianus_and_S_cerevisiae,4,1,1,1,1
YOR149C,Y_lipolytica_and_K_lactis_and_K_marxianus_and_S_cerevisiae,4,1,1,1,1
YOR155C,Y_lipolytica_and_K_lactis_and_K_marxianus_and_S_cerevisiae,4,1,1,1,1
YOR161C,Y_lipolytica_and_K_lactis_and_K_marxianus_and_S_cerevisiae,4,1,1,1,1
YOR163W,Y_lipolytica_and_K_lactis_and_K_marxianus_and_S_cerevisiae,4,1,1,1,1
YOR168W,Y_lipolytica_and_K_lactis_and_K_marxianus_and_S_cerevisiae,4,1,1,1,1
YOR171C,S_cerevisiae,1,0,0,0,1
YOR175C,Y_lipolytica_and_K_lactis_and_K_marxianus_and_S_cerevisiae,4,1,1,1,1
YOR176W,Y_lipolytica_and_K_lactis_and_K_marxianus_and_S_cerevisiae,4,1,1,1,1
YOR180C,S_cerevisiae,1,0,0,0,1
YOR184W,Y_lipolytica_and_K_lactis_and_K_marxianus_and_S_cerevisiae,4,1,1,1,1
YOR190W,S_cerevisiae,1,0,0,0,1
YOR192C,K_lactis_and_K_marxianus_and_S_cerevisiae,3,0,1,1,1
YOR196C,Y_lipolytica_and_K_lactis_and_K_marxianus_and_S_cerevisiae,4,1,1,1,1
YOR202W,Y_lipolytica_and_K_lactis_and_K_marxianus_and_S_cerevisiae,4,1,1,1,1
YOR209C,Y_lipolytica_and_K_lactis_and_K_marxianus_and_S_cerevisiae,4,1,1,1,1
YOR221C,K_lactis_and_K_marxianus_and_S_cerevisiae,3,0,1,1,1
YOR222W,S_cerevisiae,1,0,0,0,1
YOR226C,S_cerevisiae,1,0,0,0,1
YOR236W,Y_lipolytica_and_K_lactis_and_K_marxianus_and_S_cerevisiae,4,1,1,1,1
YOR241W,Y_lipolytica_and_K_lactis_and_K_marxianus_and_S_cerevisiae,4,1,1,1,1
YOR245C,Y_lipolytica_and_K_lactis_and_K_marxianus_and_S_cerevisiae,4,1,1,1,1
YOR251C,Y_lipolytica_and_S_cerevisiae,2,1,0,0,1
YOR270C,S_cerevisiae,1,0,0,0,1
YOR273C,K_marxianus_and_S_cerevisiae,2,0,0,1,1
YOR278W,Y_lipolytica_and_K_lactis_and_K_marxianus_and_S_cerevisiae,4,1,1,1,1
YOR283W,Y_lipolytica_and_K_lactis_and_K_marxianus_and_S_cerevisiae,4,1,1,1,1
YOR285W,S_cerevisiae,1,0,0,0,1
YOR286W,Y_lipolytica_and_K_lactis_and_S_cerevisiae,3,1,1,0,1
YOR303W,Y_lipolytica_and_K_lactis_and_K_marxianus_and_S_cerevisiae,4,1,1,1,1
YOR306C,Y_lipolytica_and_K_lactis_and_K_marxianus_and_S_cerevisiae,4,1,1,1,1
YOR311C,Y_lipolytica_and_K_lactis_and_K_marxianus_and_S_cerevisiae,4,1,1,1,1
YOR316C,S_cerevisiae,1,0,0,0,1
YOR317W,Y_lipolytica_and_K_lactis_and_K_marxianus_and_S_cerevisiae,4,1,1,1,1
YOR321W,S_cerevisiae,1,0,0,0,1
YOR323C,Y_lipolytica_and_K_lactis_and_K_marxianus_and_S_cerevisiae,4,1,1,1,1
YOR328W,Y_lipolytica_and_K_lactis_and_K_marxianus,3,1,1,1,0
YOR332W,Y_lipolytica_and_K_lactis_and_K_marxianus_and_S_cerevisiae,4,1,1,1,1
YOR334W,Y_lipolytica_and_K_lactis_and_K_marxianus_and_S_cerevisiae,4,1,1,1,1
YOR335C,Y_lipolytica_and_K_lactis_and_K_marxianus_and_S_cerevisiae,4,1,1,1,1
YOR347C,Y_lipolytica_and_K_lactis_and_K_marxianus_and_S_cerevisiae,4,1,1,1,1
YOR348C,Y_lipolytica_and_K_lactis_and_K_marxianus_and_S_cerevisiae,4,1,1,1,1
YOR360C,Y_lipolytica_and_K_lactis_and_K_marxianus_and_S_cerevisiae,4,1,1,1,1
YOR374W,S_cerevisiae,1,0,0,0,1
YOR375C,S_cerevisiae,1,0,0,0,1
YOR377W,S_cerevisiae,1,0,0,0,1
YOR381W,S_cerevisiae,1,0,0,0,1
YOR384W,K_lactis_and_S_cerevisiae,2,0,1,0,1
YOR388C,Y_lipolytica_and_S_cerevisiae,2,1,0,0,1
YOR391C,S_cerevisiae,1,0,0,0,1
YOR393W,S_cerevisiae,1,0,0,0,1
YPL015C,K_marxianus_and_S_cerevisiae,2,0,0,1,1
YPL023C,Y_lipolytica_and_K_lactis_and_K_marxianus_and_S_cerevisiae,4,1,1,1,1
YPL028W,Y_lipolytica_and_K_lactis_and_K_marxianus_and_S_cerevisiae,4,1,1,1,1
YPL036W,S_cerevisiae,1,0,0,0,1
YPL040C,Y_lipolytica_and_K_lactis_and_K_marxianus_and_S_cerevisiae,4,1,1,1,1
YPL053C,S_cerevisiae,1,0,0,0,1
YPL057C,S_cerevisiae,1,0,0,0,1
YPL059W,Y_lipolytica_and_K_lactis_and_K_marxianus_and_S_cerevisiae,4,1,1,1,1
YPL060W,Y_lipolytica_and_K_lactis_and_S_cerevisiae,3,1,1,0,1
YPL061W,S_cerevisiae,1,0,0,0,1
YPL069C,Y_lipolytica_and_K_lactis_and_K_marxianus_and_S_cerevisiae,4,1,1,1,1
YPL076W,Y_lipolytica_and_K_lactis_and_K_marxianus_and_S_cerevisiae,4,1,1,1,1
YPL078C,Y_lipolytica_and_K_lactis_and_K_marxianus_and_S_cerevisiae,4,1,1,1,1
YPL087W,Y_lipolytica_and_K_lactis_and_K_marxianus_and_S_cerevisiae,4,1,1,1,1
YPL088W,Y_lipolytica_and_K_lactis_and_K_marxianus_and_S_cerevisiae,4,1,1,1,1
YPL091W,Y_lipolytica_and_K_lactis_and_K_marxianus_and_S_cerevisiae,4,1,1,1,1
YPL092W,Y_lipolytica_and_K_lactis_and_K_marxianus_and_S_cerevisiae,4,1,1,1,1
YPL095C,K_lactis_and_K_marxianus_and_S_cerevisiae,3,0,1,1,1
YPL096C-A,S_cerevisiae,1,0,0,0,1
YPL097W,Y_lipolytica_and_K_lactis_and_K_marxianus_and_S_cerevisiae,4,1,1,1,1
YPL104W,Y_lipolytica_and_K_lactis_and_K_marxianus_and_S_cerevisiae,4,1,1,1,1
YPL110C,Y_lipolytica_and_K_lactis_and_K_marxianus_and_S_cerevisiae,4,1,1,1,1
YPL111W,Y_lipolytica_and_K_lactis_and_K_marxianus_and_S_cerevisiae,4,1,1,1,1
YPL117C,Y_lipolytica_and_K_lactis_and_K_marxianus_and_S_cerevisiae,4,1,1,1,1
YPL132W,Y_lipolytica_and_K_lactis_and_K_marxianus_and_S_cerevisiae,4,1,1,1,1
YPL134C,Y_lipolytica_and_K_lactis_and_K_marxianus_and_S_cerevisiae,4,1,1,1,1
YPL135W,Y_lipolytica_and_K_lactis_and_K_marxianus_and_S_cerevisiae,4,1,1,1,1
YPL147W,Y_lipolytica_and_K_lactis_and_K_marxianus_and_S_cerevisiae,4,1,1,1,1
YPL148C,K_marxianus_and_S_cerevisiae,2,0,0,1,1
YPL160W,Y_lipolytica_and_K_lactis_and_K_marxianus_and_S_cerevisiae,4,1,1,1,1
YPL172C,Y_lipolytica_and_K_lactis_and_K_marxianus_and_S_cerevisiae,4,1,1,1,1
YPL175W,Y_lipolytica_and_K_lactis_and_K_marxianus_and_S_cerevisiae,4,1,1,1,1
YPL188W,Y_lipolytica_and_K_lactis_and_K_marxianus_and_S_cerevisiae,4,1,1,1,1
YPL189W,Y_lipolytica_and_K_lactis_and_K_marxianus_and_S_cerevisiae,4,1,1,1,1
YPL206C,Y_lipolytica_and_K_lactis_and_K_marxianus_and_S_cerevisiae,4,1,1,1,1
YPL212C,Y_lipolytica_and_K_lactis_and_K_marxianus_and_S_cerevisiae,4,1,1,1,1
YPL214C,Y_lipolytica_and_K_lactis_and_K_marxianus_and_S_cerevisiae,4,1,1,1,1
YPL227C,Y_lipolytica_and_K_lactis_and_K_marxianus_and_S_cerevisiae,4,1,1,1,1
YPL231W,Y_lipolytica_and_K_lactis_and_K_marxianus_and_S_cerevisiae,4,1,1,1,1
YPL234C,Y_lipolytica_and_K_lactis_and_K_marxianus_and_S_cerevisiae,4,1,1,1,1
YPL244C,Y_lipolytica_and_K_lactis_and_K_marxianus_and_S_cerevisiae,4,1,1,1,1
YPL252C,Y_lipolytica_and_K_lactis_and_K_marxianus_and_S_cerevisiae,4,1,1,1,1
YPL258C,S_cerevisiae,1,0,0,0,1
YPL262W,Y_lipolytica_and_K_lactis_and_K_marxianus_and_S_cerevisiae,4,1,1,1,1
YPL265W,Y_lipolytica_and_K_lactis_and_K_marxianus_and_S_cerevisiae,4,1,1,1,1
YPL268W,Y_lipolytica_and_K_lactis_and_K_marxianus_and_S_cerevisiae,4,1,1,1,1
YPL271W,S_cerevisiae,1,0,0,0,1
YPL273W,K_lactis_and_K_marxianus_and_S_cerevisiae,3,0,1,1,1
YPL274W,S_cerevisiae,1,0,0,0,1
YPL280W,Y_lipolytica_and_K_lactis_and_K_marxianus_and_S_cerevisiae,4,1,1,1,1
YPL281C,Y_lipolytica_and_K_lactis_and_K_marxianus_and_S_cerevisiae,4,1,1,1,1
YPR001W,Y_lipolytica_and_K_lactis_and_K_marxianus_and_S_cerevisiae,4,1,1,1,1
YPR002W,Y_lipolytica_and_K_lactis_and_K_marxianus_and_S_cerevisiae,4,1,1,1,1
YPR003C,Y_lipolytica_and_K_lactis_and_K_marxianus_and_S_cerevisiae,4,1,1,1,1
YPR006C,Y_lipolytica_and_K_lactis_and_K_marxianus_and_S_cerevisiae,4,1,1,1,1
YPR011C,Y_lipolytica_and_K_lactis_and_K_marxianus_and_S_cerevisiae,4,1,1,1,1
YPR020W,Y_lipolytica_and_K_marxianus_and_S_cerevisiae,3,1,0,1,1
YPR021C,Y_lipolytica_and_K_lactis_and_K_marxianus_and_S_cerevisiae,4,1,1,1,1
YPR026W,Y_lipolytica_and_K_lactis_and_K_marxianus_and_S_cerevisiae,4,1,1,1,1
YPR033C,Y_lipolytica_and_K_lactis_and_K_marxianus_and_S_cerevisiae,4,1,1,1,1
YPR035W,Y_lipolytica_and_K_lactis_and_K_marxianus_and_S_cerevisiae,4,1,1,1,1
YPR036W,Y_lipolytica_and_K_lactis_and_K_marxianus_and_S_cerevisiae,4,1,1,1,1
YPR047W,S_cerevisiae,1,0,0,0,1
YPR048W,Y_lipolytica_and_K_lactis_and_K_marxianus,3,1,1,1,0
YPR058W,Y_lipolytica_and_K_lactis_and_K_marxianus_and_S_cerevisiae,4,1,1,1,1
YPR060C,Y_lipolytica_and_K_lactis_and_K_marxianus_and_S_cerevisiae,4,1,1,1,1
YPR062W,Y_lipolytica_and_K_lactis_and_K_marxianus_and_S_cerevisiae,4,1,1,1,1
YPR069C,Y_lipolytica_and_K_lactis_and_K_marxianus_and_S_cerevisiae,4,1,1,1,1
YPR074C,S_cerevisiae,1,0,0,0,1
YPR081C,S_cerevisiae,1,0,0,0,1
YPR113W,Y_lipolytica_and_K_lactis_and_K_marxianus_and_S_cerevisiae,4,1,1,1,1
YPR118W,Y_lipolytica_and_K_lactis_and_K_marxianus_and_S_cerevisiae,4,1,1,1,1
YPR121W,Y_lipolytica_and_K_lactis_and_K_marxianus_and_S_cerevisiae,4,1,1,1,1
YPR127W,Y_lipolytica_and_K_lactis_and_K_marxianus_and_S_cerevisiae,4,1,1,1,1
YPR128C,Y_lipolytica_and_K_lactis_and_K_marxianus_and_S_cerevisiae,4,1,1,1,1
YPR138C,S_cerevisiae,1,0,0,0,1
YPR139C,Y_lipolytica_and_K_marxianus_and_S_cerevisiae,3,1,0,1,1
YPR140W,Y_lipolytica_and_K_lactis_and_K_marxianus_and_S_cerevisiae,4,1,1,1,1
YPR145W,Y_lipolytica_and_K_lactis_and_K_marxianus_and_S_cerevisiae,4,1,1,1,1
YPR156C,Y_lipolytica_and_K_lactis_and_K_marxianus_and_S_cerevisiae,4,1,1,1,1
YPR159W,S_cerevisiae,1,0,0,0,1
YPR160W,Y_lipolytica_and_K_lactis_and_K_marxianus_and_S_cerevisiae,4,1,1,1,1
YPR167C,Y_lipolytica_and_K_lactis_and_K_marxianus_and_S_cerevisiae,4,1,1,1,1
YPR183W,Y_lipolytica_and_K_lactis_and_K_marxianus_and_S_cerevisiae,4,1,1,1,1
YPR184W,Y_lipolytica_and_K_lactis_and_K_marxianus_and_S_cerevisiae,4,1,1,1,1
YPR191W,Y_lipolytica_and_K_lactis_and_K_marxianus_and_S_cerevisiae,4,1,1,1,1
YPR192W,Y_lipolytica_and_K_lactis_and_K_marxianus_and_S_cerevisiae,4,1,1,1,1
Yarrowia_keelungensis_Seq_2161,Y_lipolytica,1,1,0,0,0
Yarrowia_keelungensis_Seq_2603,Y_lipolytica,1,1,0,0,0
Yarrowia_lipolytica_Seq_2497,Y_lipolytica,1,1,0,0,0
Yarrowia_lipolytica_Seq_2595,Y_lipolytica,1,1,0,0,0
Yarrowia_lipolytica_Seq_2752,Y_lipolytica,1,1,0,0,0
Yarrowia_lipolytica_Seq_4043,Y_lipolytica,1,1,0,0,0
Yarrowia_lipolytica_Seq_5476,Y_lipolytica,1,1,0,0,0
yHAB160_Kazachstania_kunashirensis_Seq_5081,K_marxianus,1,0,0,1,0
yHMPu5000026124_Ogataea_henricii_Seq_5027,Y_lipolytica_and_K_lactis_and_K_marxianus,3,1,1,1,0
yHMPu5000026137_Ambrosiozyma_ambrosiae_Seq_6120,K_lactis_and_K_marxianus,2,0,1,1,0
yHMPu5000034605_Spencermartinsiella_europaea_Seq_3696,Y_lipolytica,1,1,0,0,0
yHMPu5000034607_Saccharomycopsis_capsularis_Seq_2827,K_lactis_and_K_marxianus,2,0,1,1,0
yHMPu5000034637_Ogataea_populiabae_Seq_358,Y_lipolytica,1,1,0,0,0
yHMPu5000034661_Dipodascus_albidus_Seq_3608,Y_lipolytica,1,1,0,0,0
yHMPu5000034667_Blastobotrys_serpentis_Seq_5332,Y_lipolytica,1,1,0,0,0
yHMPu5000034671_Blastobotrys_peoriensis_Seq_3262,Y_lipolytica,1,1,0,0,0
yHMPu5000034673_Blastobotrys_nivea_Seq_8232,Y_lipolytica,1,1,0,0,0
yHMPu5000034904_Ogataea_nonfermentans_Seq_2519,Y_lipolytica,1,1,0,0,0
yHMPu5000034946_Ambrosiozyma_oregonensis_Seq_4749,Y_lipolytica,1,1,0,0,0
yHMPu5000034952_Citeromyces_siamensis_Seq_974,K_lactis_and_K_marxianus,2,0,1,1,0
yHMPu5000034990_Candida_corydali_Seq_3601,Y_lipolytica_and_K_lactis_and_K_marxianus,3,1,1,1,0
yHMPu5000035633_Candida_hispaniensis_Seq_1152,Y_lipolytica,1,1,0,0,0
yHMPu5000035633_Candida_hispaniensis_Seq_2087,Y_lipolytica,1,1,0,0,0
yHMPu5000035645_Yarrowia_divulgata_Seq_3641,Y_lipolytica,1,1,0,0,0
yHMPu5000035645_Yarrowia_divulgata_Seq_495,Y_lipolytica,1,1,0,0,0
yHMPu5000035654_Tortispora_ganteri_Seq_2036,Y_lipolytica,1,1,0,0,0
yHMPu5000035665_Middelhovenomyces_tepae_Seq_3639,Y_lipolytica,1,1,0,0,0
yHMPu5000035671_Phaffomyces_antillensis_Seq_3997,Y_lipolytica,1,1,0,0,0
yHMPu5000035688_Cyberlindnera_xylosilytica_Seq_598,Y_lipolytica,1,1,0,0,0
yHMPu5000041822_Dipodascus_geniculatus_Seq_921,Y_lipolytica,1,1,0,0,0
yHMPu5000041855_Candida_ascalaphidarum_Seq_2625,K_lactis,1,0,1,0,0
yHMPu5000041863_Candida_gorgasii_Seq_1079,K_lactis_and_K_marxianus,2,0,1,1,0
yHMPu5000041863_Candida_gorgasii_Seq_1495,Y_lipolytica,1,1,0,0,0
yHMPu5000041863_Candida_gorgasii_Seq_3887,Y_lipolytica,1,1,0,0,0
