NAME,ENTRY,Gene_name,Protein_name_x,half_life_x,Protein_name_y,half_life_y,half_life_all_x,half_life_all_y,kdeg
Q0045,P00401,Q0045,P00401,2.282447523,P00401,,2.282447523,2.282447523,0.303685922
Q0085,P00854,Q0085,P00854,2.906805338,,,2.906805338,2.906805338,0.23845669
Q0250,P00410,Q0250,P00410,2.010525528,P00410,10.05115,2.010525528,10.05115,0.068961978
YAL012W,P31373,YAL012W,P31373,1.76399833,P31373,12.29129,1.76399833,12.29129,0.056393363
YAL022C,P31381,YAL022C,,,P31381,7.092287,7.092287,7.092287,0.097732534
YAL023C,P31382,YAL023C,P31382,2.673234664,P31382,8.389096,2.673234664,8.389096,0.082624776
YAL026C,P39524,YAL026C,P39524,1.793612115,P39524,9.106969,1.793612115,9.106969,0.076111732
YAL035W,P39730,YAL035W,P39730,1.535994796,P39730,9.503272,1.535994796,9.503272,0.07293774
YAL038W,P00549,YAL038W,P00549,2.9631147,P00549,11.65833,2.9631147,11.65833,0.0594551
YAL039C,P06182,YAL039C,P06182,3.012378382,P06182,12.12004,3.012378382,12.12004,0.057190173
YAL044C,P39726,YAL044C,P39726,3.597563549,P39726,7.050414,3.597563549,7.050414,0.098312976
YAL060W,P39714,YAL060W,P39714,3.088578899,P39714,6.563758,3.088578899,6.563758,0.105602184
YAL061W,P39713,YAL061W,P39713,1.119317417,,,1.119317417,1.119317417,0.619258818
YAL062W,P39708,YAL062W,P39708,5.400607138,,,5.400607138,5.400607138,0.128346159
YAR015W,P27616,YAR015W,P27616,4.048643683,P27616,8.233017,4.048643683,8.233017,0.084191151
YBL011W,P32784,YBL011W,P32784,2.193185399,P32784,7.58506,2.193185399,7.58506,0.091383217
YBL013W,P32785,YBL013W,,,P32785,28.57783,28.57783,28.57783,0.024254717
YBL015W,P32316,YBL015W,P32316,4.35238024,P32316,9.481928,4.35238024,9.481928,0.073101924
YBL030C,P18239,YBL030C,,,P18239,6.841365,6.841365,6.841365,0.101317088
YBL033C,P38066,YBL033C,P38066,2.213835847,P38066,6.458679,2.213835847,6.458679,0.107320271
YBL039C,P28274,YBL039C,P28274,1.032487305,P28274,9.529443,1.032487305,9.529443,0.072737429
YBL042C,P38196,YBL042C,P38196,0.674038479,P38196,1.695937,0.674038479,1.695937,0.408710454
YBL045C,P07256,YBL045C,P07256,3.082266628,P07256,8.909033,3.082266628,8.909033,0.07780274
YBL064C,P34227,YBL064C,P34227,4.361274851,P34227,10.18354,4.361274851,10.18354,0.068065445
YBL068W,P38063,YBL068W,P38063,1.343153743,P38063,10.06149,1.343153743,10.06149,0.068891107
YBL076C,P09436,YBL076C,P09436,1.75917626,P09436,10.7938,1.75917626,10.7938,0.06421716
YBL080C,P33893,YBL080C,,,P33893,6.938081,6.938081,6.938081,0.09990474
YBL091C,P38174,YBL091C,P38174,2.502797402,P38174,9.789507,2.502797402,9.789507,0.070805116
YBL098W,P38169,YBL098W,P38169,3.779417374,P38169,13.09989,3.779417374,13.09989,0.052912443
YBL099W,P07251,YBL099W,P07251,2.970421571,P07251,8.620783,2.970421571,8.620783,0.080404202
YBR001C,P35172,YBR001C,P35172,1.261568246,,,1.261568246,1.261568246,0.549432964
YBR002C,P35196,YBR002C,,,P35196,9.869112,9.869112,9.869112,0.070233997
YBR003W,P18900,YBR003W,P18900,3.112442036,P18900,7.670753,3.112442036,7.670753,0.090362339
YBR006W,P38067,YBR006W,P38067,2.886939635,P38067,7.297211,2.886939635,7.297211,0.094987959
YBR011C,P00817,YBR011C,P00817,2.682438329,P00817,10.81479,2.682438329,10.81479,0.064092523
YBR022W,P38218,YBR022W,,,P38218,10.81345,10.81345,10.81345,0.064100466
YBR023C,P29465,YBR023C,P29465,1.400654576,P29465,3.71674,1.400654576,3.71674,0.18649332
YBR026C,P38071,YBR026C,P38071,3.826988748,P38071,8.095241,3.826988748,8.095241,0.085624033
YBR029C,P38221,YBR029C,P38221,1.543148891,P38221,7.26392,1.543148891,7.26392,0.095423295
YBR034C,P38074,YBR034C,P38074,1.097528716,P38074,11.92795,1.097528716,11.92795,0.058111174
YBR035C,P38075,YBR035C,P38075,2.972763735,P38075,13.67547,2.972763735,13.67547,0.050685438
YBR038W,P14180,YBR038W,,,P14180,0.7403748,0.7403748,0.7403748,0.936211201
YBR039W,P38077,YBR039W,P38077,2.959387577,P38077,8.0751,2.959387577,8.0751,0.085837597
YBR041W,P38225,YBR041W,P38225,6.105980514,P38225,9.867918,6.105980514,9.867918,0.070242495
YBR042C,P38226,YBR042C,P38226,,P38226,12.01363,12.01363,12.01363,0.057696731
YBR046C,P38230,YBR046C,P38230,3.460007539,P38230,7.638637,3.460007539,7.638637,0.090742259
YBR058C-A,Q3E790,YBR058C-A,Q3E790,,Q3E790,7.01591,7.01591,7.01591,0.098796476
YBR068C,P38084,YBR068C,,,P38084,0.8571132,0.8571132,0.8571132,0.808699692
YBR069C,P38085,YBR069C,P38085,0.836562274,P38085,4.690018,0.836562274,4.690018,0.147792009
YBR084W,P09440,YBR084W,P09440,1.28103159,P09440,8.82913,1.28103159,8.82913,0.07850685
YBR092C,P24031,YBR092C,P24031,2.600226921,,,2.600226921,2.600226921,0.266571804
YBR093C,P00635,YBR093C,P00635,1.853436057,,,1.853436057,1.853436057,0.373979549
YBR097W,P22219,YBR097W,,,P22219,6.023723,6.023723,6.023723,0.115069564
YBR110W,P16661,YBR110W,,,P16661,9.871561,9.871561,9.871561,0.070216573
YBR111C,Q01976,YBR111C,Q01976,3.383738508,Q01976,8.150484,3.383738508,8.150484,0.085043683
YBR115C,P07702,YBR115C,P07702,3.237346475,,,3.237346475,3.237346475,0.214109669
YBR117C,P33315,YBR117C,P33315,28.70152952,P33315,,28.70152952,28.70152952,0.024150183
YBR121C,P38088,YBR121C,P38088,1.725813763,P38088,10.29021,1.725813763,10.29021,0.067359867
YBR126C,Q00764,YBR126C,Q00764,4.587761162,Q00764,9.026937,4.587761162,9.026937,0.076786531
YBR127C,P16140,YBR127C,P16140,2.813366089,P16140,9.617673,2.813366089,9.617673,0.072070155
YBR145W,P38113,YBR145W,P38113,2.914572365,P38113,20.00365,2.914572365,20.00365,0.034651035
YBR149W,P38115,YBR149W,P38115,3.707358173,P38115,9.011112,3.707358173,9.011112,0.076921381
YBR159W,P38286,YBR159W,P38286,2.821210097,,,2.821210097,2.821210097,0.245691443
YBR166C,P20049,YBR166C,P20049,2.189047939,P20049,9.988344,2.189047939,9.988344,0.069395606
YBR176W,P38122,YBR176W,P38122,1.902783504,P38122,9.818125,1.902783504,9.818125,0.070598733
YBR177C,P38295,YBR177C,P38295,2.500344617,P38295,7.678417,2.500344617,7.678417,0.090272146
YBR192W,P38127,YBR192W,,,P38127,8.144179,8.144179,8.144179,0.085109522
YBR196C,P12709,YBR196C,P12709,3.067509702,P12709,13.21671,3.067509702,13.21671,0.05244476
YBR199W,P38131,YBR199W,P38131,1.698222466,P38131,2.235179,1.698222466,2.235179,0.31010813
YBR204C,P38139,YBR204C,,,P38139,14.38887,14.38887,14.38887,0.048172454
YBR205W,P38130,YBR205W,P38130,2.393946419,P38130,7.106537,2.393946419,7.106537,0.097536561
YBR208C,P32528,YBR208C,P32528,142.34592,P32528,10.47358,142.34592,10.47358,0.06618054
YBR213W,P15807,YBR213W,,,P15807,15.60135,15.60135,15.60135,0.044428667
YBR218C,P32327,YBR218C,P32327,1.739449645,P32327,13.42958,1.739449645,13.42958,0.051613467
YBR221C,P32473,YBR221C,P32473,2.778326146,P32473,9.409131,2.778326146,9.409131,0.073667502
YBR222C,P38137,YBR222C,P38137,3.293175687,P38137,12.54116,3.293175687,12.54116,0.055269782
YBR229C,P38138,YBR229C,P38138,2.599522021,P38138,4.399456,2.599522021,4.399456,0.157552929
YBR235W,P38329,YBR235W,,,P38329,9.884689,9.884689,9.884689,0.070123317
YBR242W,P38331,YBR242W,P38331,0.789410766,P38331,3.201776,0.789410766,3.201776,0.216488343
YBR244W,P38143,YBR244W,P38143,1.717537869,P38143,4.698282,1.717537869,4.698282,0.147532051
YBR248C,P33734,YBR248C,P33734,2.399684111,P33734,15.06392,2.399684111,15.06392,0.046013732
YBR249C,P32449,YBR249C,P32449,1.670834712,P32449,13.89003,1.670834712,13.89003,0.049902497
YBR252W,P33317,YBR252W,P33317,1.928603605,P33317,11.13202,1.928603605,11.13202,0.062266074
YBR256C,P38145,YBR256C,P38145,2.819773269,P38145,19.98865,2.819773269,19.98865,0.034677038
YBR263W,P37292,YBR263W,P37292,1.78850855,P37292,9.132113,1.78850855,9.132113,0.075902169
YBR265W,P38342,YBR265W,,,P38342,4.373674,4.373674,4.373674,0.158481675
YBR281C,P38149,YBR281C,P38149,1.903683896,P38149,10.98327,1.903683896,10.98327,0.063109364
YBR291C,P38152,YBR291C,P38152,3.325156228,P38152,6.779279,3.325156228,6.779279,0.10224497
YCL004W,P25578,YCL004W,,,P25578,16.04842,16.04842,16.04842,0.043190992
YCL009C,P25605,YCL009C,P25605,2.103221203,P25605,11.1269,2.103221203,11.1269,0.062294725
YCL017C,P25374,YCL017C,P25374,1.999232302,P25374,6.432499,1.999232302,6.432499,0.10775706
YCL018W,P04173,YCL018W,P04173,3.36834228,,,3.36834228,3.36834228,0.205782882
YCL030C,P00815,YCL030C,P00815,3.657931202,P00815,127.4904,3.657931202,127.4904,0.005436858
YCL035C,P25373,YCL035C,P25373,4.116839662,P25373,9.485144,4.116839662,9.485144,0.073077138
YCL040W,P17709,YCL040W,P17709,7.542513641,P17709,15.08832,7.542513641,15.08832,0.045939321
YCL047C,P25576,YCL047C,,,P25576,160.4553,160.4553,160.4553,0.004319877
YCL050C,P16550,YCL050C,P16550,2.28316773,P16550,15.06681,2.28316773,15.06681,0.046004906
YCL052C,P25580,YCL052C,P25580,3.111917939,,,3.111917939,3.111917939,0.222739543
YCL064C,P25379,YCL064C,P25379,0.486767439,P25379,1.509454,0.486767439,1.509454,0.459203911
YCR005C,P08679,YCR005C,P08679,3.503773116,P08679,1.402414,3.503773116,1.402414,0.494252896
YCR011C,P25371,YCR011C,P25371,4.309955569,P25371,17.13311,4.309955569,17.13311,0.040456588
YCR012W,P00560,YCR012W,P00560,3.450800433,P00560,16.40995,3.450800433,16.40995,0.042239445
YCR024C,P32903,YCR024C,,,P25345,9.50325,9.50325,9.50325,0.072937909
YCR034W,P25358,YCR034W,P25358,1.999069862,P25358,34.04325,1.999069862,34.04325,0.020360782
YCR036W,P25332,YCR036W,P25332,2.630239107,P25332,8.040551,2.630239107,8.040551,0.086206428
YCR037C,P25360,YCR037C,P25360,1.070354519,,,1.070354519,1.070354519,0.647586541
YCR048W,P25628,YCR048W,P25628,2.824576958,,,2.824576958,2.824576958,0.245398582
YCR053W,P16120,YCR053W,P16120,1.801168292,P16120,10.28283,1.801168292,10.28283,0.067408212
YCR075C,P17261,YCR075C,,,P17261,6.837516,6.837516,6.837516,0.101374122
YCR083W,P25372,YCR083W,P25372,2.570896758,P25372,6.899114,2.570896758,6.899114,0.100469014
YDL004W,Q12165,YDL004W,Q12165,2.848031856,,,2.848031856,2.848031856,0.243377608
YDL015C,Q99190,YDL015C,Q99190,2.408369865,Q99190,10.98283,2.408369865,10.98283,0.063111892
YDL022W,Q00055,YDL022W,Q00055,4.508410545,Q00055,24.48329,4.508410545,24.48329,0.028311031
YDL040C,P12945,YDL040C,P12945,2.136969241,P12945,11.65568,2.136969241,11.65568,0.059468618
YDL042C,P06700,YDL042C,P06700,1.633421111,P06700,6.376208,1.633421111,6.376208,0.10870837
YDL045C,P38913,YDL045C,P38913,2.766602403,P38913,8.955528,2.766602403,8.955528,0.077398807
YDL052C,P33333,YDL052C,P33333,2.759304574,P33333,8.272319,2.759304574,8.272319,0.083791157
YDL055C,P41940,YDL055C,P41940,3.084554235,P41940,10.05609,3.084554235,10.05609,0.0689281
YDL066W,P21954,YDL066W,P21954,2.552451363,P21954,9.198844,2.552451363,9.198844,0.075351553
YDL067C,P07255,YDL067C,P07255,1.628721373,P07255,2.551895,1.628721373,2.551895,0.271620572
YDL078C,P32419,YDL078C,P32419,3.235991776,P32419,8.777592,3.235991776,8.777592,0.078967806
YDL090C,P22007,YDL090C,P22007,3.354370245,P22007,7.008239,3.354370245,7.008239,0.098904615
YDL095W,P33775,YDL095W,P33775,2.667785994,P33775,10.67349,2.667785994,10.67349,0.064941006
YDL100C,Q12154,YDL100C,Q12154,2.44861903,Q12154,13.06386,2.44861903,13.06386,0.053058375
YDL103C,P43123,YDL103C,P43123,2.609342135,P43123,11.43152,2.609342135,11.43152,0.060634735
YDL120W,Q07540,YDL120W,Q07540,1.910162659,Q07540,4.93716,1.910162659,4.93716,0.140393907
YDL131W,Q12122,YDL131W,Q12122,2.917978415,Q12122,11.85336,2.917978415,11.85336,0.058476852
YDL141W,P48445,YDL141W,P48445,8.621364369,P48445,10.64134,8.621364369,10.64134,0.065137208
YDL166C,Q12055,YDL166C,Q12055,1.635397146,Q12055,8.989406,1.635397146,8.989406,0.077107117
YDL168W,P32771,YDL168W,P32771,1.660806648,P32771,11.81746,1.660806648,11.81746,0.058654498
YDL171C,Q12680,YDL171C,Q12680,2.08892493,Q12680,8.534926,2.08892493,8.534926,0.081213028
YDL174C,P32891,YDL174C,P32891,2.081770075,P32891,6.563312,2.081770075,6.563312,0.10560936
YDL178W,P46681,YDL178W,P46681,2.300969531,P46681,9.040331,2.300969531,9.040331,0.076672766
YDL182W,P48570,YDL182W,P48570,3.438289056,P48570,13.19205,3.438289056,13.19205,0.052542795
YDL185W,P17255,YDL185W,P17255,2.730743558,P17255,8.769485,2.730743558,8.769485,0.079040808
YDL198C,P38988,YDL198C,P38988,2.186784274,P38988,13.17519,2.186784274,13.17519,0.052610033
YDL205C,P28789,YDL205C,P28789,2.033917357,P28789,14.34201,2.033917357,14.34201,0.048329849
YDL215C,P33327,YDL215C,P33327,4.711621656,P33327,13.32299,4.711621656,13.32299,0.052026398
YDL219W,Q07648,YDL219W,Q07648,2.3474649,Q07648,11.34231,2.3474649,11.34231,0.061111641
YDL236W,P19881,YDL236W,P19881,1.889478709,P19881,9.398453,1.889478709,9.398453,0.073751199
YDR001C,P32356,YDR001C,P32356,4.13977774,P32356,9.437334,4.13977774,9.437334,0.073447351
YDR007W,P00912,YDR007W,P00912,2.145837937,P00912,13.70359,2.145837937,13.70359,0.05058143
YDR017C,Q12494,YDR017C,Q12494,2.063362331,Q12494,5.84952,2.063362331,5.84952,0.11849642
YDR019C,P48015,YDR019C,P48015,4.096158599,P48015,9.674488,4.096158599,9.674488,0.071646911
YDR020C,Q12084,YDR020C,Q12084,2.024930549,Q12084,8.822927,2.024930549,8.822927,0.078562044
YDR023W,P07284,YDR023W,P07284,1.728732959,P07284,10.45083,1.728732959,10.45083,0.066324606
YDR035W,P14843,YDR035W,P14843,2.122853561,P14843,15.41253,2.122853561,15.41253,0.044972966
YDR036C,P28817,YDR036C,P28817,2.299553118,P28817,7.472026,2.299553118,7.472026,0.092765627
YDR037W,P15180,YDR037W,P15180,1.486502711,P15180,12.148,1.486502711,12.148,0.057058543
YDR039C,Q01896,YDR039C,,,Q01896,3.799187,3.799187,3.799187,0.182446187
YDR040C,P13587,YDR040C,,,P13587,2.837224,2.837224,2.837224,0.244304708
YDR044W,P11353,YDR044W,P11353,2.774346462,P11353,12.07477,2.774346462,12.07477,0.057404587
YDR047W,P32347,YDR047W,P32347,3.095293743,P32347,42.98102,3.095293743,42.98102,0.01612682
YDR050C,P00942,YDR050C,P00942,3.073705929,P00942,11.20392,3.073705929,11.20392,0.061866488
YDR051C,Q99288,YDR051C,Q99288,2.184617749,Q99288,8.990775,2.184617749,8.990775,0.077095376
YDR062W,P40970,YDR062W,P40970,2.124237026,P40970,8.603166,2.124237026,8.603166,0.080568849
YDR071C,Q12447,YDR071C,Q12447,2.184426875,Q12447,10.64907,2.184426875,10.64907,0.065089926
YDR074W,P31688,YDR074W,P31688,6.390220977,P31688,9.710852,6.390220977,9.710852,0.071378616
YDR093W,Q12675,YDR093W,Q12675,2.042115229,Q12675,11.33992,2.042115229,11.33992,0.061124521
YDR098C,Q03835,YDR098C,Q03835,2.206830264,Q03835,13.61224,2.206830264,13.61224,0.050920876
YDR109C,Q04585,YDR109C,,,Q04585,8.150041,8.150041,8.150041,0.085048306
YDR111C,P52892,YDR111C,P52892,4.248713265,P52892,5.290417,4.248713265,5.290417,0.131019385
YDR127W,P08566,YDR127W,P08566,2.336994027,P08566,12.04712,2.336994027,12.04712,0.057536339
YDR147W,Q03764,YDR147W,Q03764,,Q03764,5.787525,5.787525,5.787525,0.119765734
YDR148C,P19262,YDR148C,P19262,3.550955141,P19262,8.843936,3.550955141,8.843936,0.078375418
YDR158W,P13663,YDR158W,P13663,2.417815817,P13663,17.29807,2.417815817,17.29807,0.040070781
YDR173C,P07250,YDR173C,P07250,,P07250,7.549648,7.549648,7.549648,0.091811854
YDR178W,P37298,YDR178W,P37298,3.988893108,P37298,5.830828,3.988893108,5.830828,0.118876287
YDR191W,P53688,YDR191W,,,P53688,11.64116,11.64116,11.64116,0.059542793
YDR196C,Q03941,YDR196C,Q03941,2.751562624,Q03941,13.66613,2.751562624,13.66613,0.050720078
YDR204W,O13525,YDR204W,O13525,2.2187187,O13525,8.383154,2.2187187,8.383154,0.082683341
YDR208W,P38994,YDR208W,P38994,1.04793894,P38994,3.555023,1.04793894,3.555023,0.194976848
YDR226W,P07170,YDR226W,P07170,2.563224259,P07170,12.16954,2.563224259,12.16954,0.05695755
YDR231C,Q04935,YDR231C,Q04935,4.486820309,Q04935,9.269344,4.486820309,9.269344,0.07477845
YDR232W,P09950,YDR232W,P09950,1.455730816,P09950,8.677604,1.455730816,8.677604,0.079877715
YDR234W,P49367,YDR234W,P49367,2.719705877,P49367,10.51274,2.719705877,10.51274,0.065934017
YDR236C,Q03778,YDR236C,Q03778,3.31540365,Q03778,1.614979,3.31540365,1.614979,0.429198882
YDR248C,Q03786,YDR248C,Q03786,3.056620927,Q03786,10.57199,3.056620927,10.57199,0.065564495
YDR261C,Q07793,YDR261C,P52911,2.940251633,P52911,4.666703,2.940251633,4.666703,0.148530382
YDR268W,P04803,YDR268W,P04803,9.931797429,P04803,9.772502,9.931797429,9.772502,0.070928323
YDR272W,Q05584,YDR272W,Q05584,1.980606758,Q05584,7.161036,1.980606758,7.161036,0.09679426
YDR284C,Q05521,YDR284C,,,Q05521,28.74126,28.74126,28.74126,0.024116799
YDR287W,Q05533,YDR287W,Q05533,,Q05533,8.132236,8.132236,8.132236,0.085234514
YDR294C,Q05567,YDR294C,Q05567,3.169390677,Q05567,8.520986,3.169390677,8.520986,0.081345889
YDR297W,P38992,YDR297W,P38992,2.785784823,P38992,6.510046,2.785784823,6.510046,0.106473469
YDR298C,P09457,YDR298C,P09457,2.643602515,P09457,7.248122,2.643602515,7.248122,0.095631279
YDR300C,P32264,YDR300C,P32264,1.58284951,P32264,10.87729,1.58284951,10.87729,0.063724253
YDR305C,P49775,YDR305C,P49775,2.611151481,P49775,9.352796,2.611151481,9.352796,0.074111226
YDR321W,P38986,YDR321W,P38986,1.435522713,P38986,10.84796,1.435522713,10.84796,0.063896546
YDR322C-A,P81449,YDR322C-A,P81449,2.357640339,P81449,6.795125,2.357640339,6.795125,0.102006539
YDR341C,Q05506,YDR341C,Q05506,1.540452619,Q05506,10.42425,1.540452619,10.42425,0.066493722
YDR345C,P32466,YDR345C,P32466,0.939537094,P32466,6.312021,0.939537094,6.312021,0.109813827
YDR353W,P29509,YDR353W,P29509,2.136559891,P29509,7.734816,2.136559891,7.734816,0.08961392
YDR354W,P07285,YDR354W,P07285,2.101959044,P07285,14.30955,2.101959044,14.30955,0.048439481
YDR367W,Q06346,YDR367W,Q06346,1.864859496,Q06346,14.37357,1.864859496,14.37357,0.048223732
YDR368W,Q12458,YDR368W,Q12458,3.398568419,Q12458,13.43642,3.398568419,13.43642,0.051587192
YDR371W,Q06350,YDR371W,,,Q06350,6.522016,6.522016,6.522016,0.106278056
YDR373W,Q06389,YDR373W,Q06389,1.599972272,Q06389,4.406131,1.599972272,4.406131,0.157314247
YDR376W,P48360,YDR376W,P48360,2.78276076,P48360,9.16217,2.78276076,9.16217,0.075653167
YDR377W,Q06405,YDR377W,Q06405,2.683774782,Q06405,6.233847,2.683774782,6.233847,0.11119092
YDR384C,Q12359,YDR384C,Q12359,,Q12359,0.9375452,0.9375452,0.9375452,0.739321347
YDR399W,Q04178,YDR399W,Q04178,2.039931804,Q04178,12.30581,2.039931804,12.30581,0.056326823
YDR400W,Q04179,YDR400W,,,Q04179,11.37967,11.37967,11.37967,0.060911009
YDR408C,P04161,YDR408C,P04161,5.861422151,P04161,8.592232,5.861422151,8.592232,0.080671376
YDR428C,Q04066,YDR428C,Q04066,2.061453212,Q04066,4.382935,2.061453212,4.382935,0.158146808
YDR440W,Q04089,YDR440W,,,Q04089,6.165761,6.165761,6.165761,0.112418756
YDR452W,Q04119,YDR452W,Q04119,3.564080195,Q04119,5.397946,3.564080195,5.397946,0.128409432
YDR453C,Q04120,YDR453C,Q04120,4.580229547,Q04120,4.692861,4.580229547,4.692861,0.147702474
YDR454C,P15454,YDR454C,P15454,1.870290192,P15454,10.67013,1.870290192,10.67013,0.064961456
YDR481C,P11491,YDR481C,P11491,3.160848228,P11491,8.844863,3.160848228,8.844863,0.078367204
YDR483W,P27809,YDR483W,P27809,1.596338447,P27809,3.77474,1.596338447,3.77474,0.183627794
YDR487C,Q99258,YDR487C,Q99258,2.437714015,Q99258,,2.437714015,2.437714015,0.284343108
YDR497C,P30605,YDR497C,P30605,0.433139688,P30605,0.3678558,0.433139688,0.3678558,1.884290476
YDR502C,P19358,YDR502C,P19358,1.528087307,P19358,10.11608,1.528087307,10.11608,0.068519345
YDR503C,Q04396,YDR503C,,,Q04396,7.414812,7.414812,7.414812,0.093481423
YDR508C,P48813,YDR508C,P48813,0.705488351,P48813,2.836757,0.705488351,2.836757,0.244344926
YDR513W,P17695,YDR513W,P17695,3.456598394,P17695,7.577636,3.456598394,7.577636,0.091472747
YDR516C,Q04409,YDR516C,Q04409,5.561784351,Q04409,10.51419,5.561784351,10.51419,0.065924924
YDR529C,P00128,YDR529C,P00128,3.362839722,P00128,0.1726326,3.362839722,0.1726326,4.01515809
YDR530C,P22108,YDR530C,P22108,4.731465679,P22108,13.15607,4.731465679,13.15607,0.052686492
YDR531W,Q04430,YDR531W,Q04430,1.531853691,Q04430,10.30128,1.531853691,10.30128,0.067287481
YDR533C,Q04432,YDR533C,Q04432,7.830384728,Q04432,31.16626,7.830384728,31.16626,0.022240307
YDR539W,Q03034,YDR539W,Q03034,5.529063918,Q03034,11.20509,5.529063918,11.20509,0.061860028
YEL021W,P03962,YEL021W,P03962,2.960209309,,,2.960209309,2.960209309,0.234154787
YEL024W,P08067,YEL024W,P08067,3.069016736,P08067,5.281263,3.069016736,5.281263,0.13124648
YEL027W,P25515,YEL027W,P25515,2.294264347,P25515,,2.294264347,2.294264347,0.302121759
YEL029C,P39988,YEL029C,,,P39988,12.38076,12.38076,12.38076,0.055985835
YEL031W,P39986,YEL031W,P39986,2.33680385,P39986,11.69007,2.33680385,11.69007,0.059293672
YEL038W,P32626,YEL038W,P32626,2.339358744,P32626,13.71963,2.339358744,13.71963,0.050522294
YEL039C,P00045,YEL039C,P00045,14.74551609,,,14.74551609,14.74551609,0.047007319
YEL042W,P32621,YEL042W,P32621,1.627429525,P32621,4.867209,1.627429525,4.867209,0.142411633
YEL046C,P37303,YEL046C,P37303,0.914348648,P37303,7.156281,0.914348648,7.156281,0.096858575
YEL047C,P32614,YEL047C,P32614,3.513713895,P32614,11.55808,3.513713895,11.55808,0.059970789
YEL051W,P32610,YEL051W,P32610,2.363094377,P32610,12.34454,2.363094377,12.34454,0.056150102
YEL058W,P38628,YEL058W,P38628,2.58126775,P38628,10.93899,2.58126775,10.93899,0.063364824
YEL063C,P04817,YEL063C,,,P04817,1.354026,1.354026,1.354026,0.51191571
YEL066W,P39979,YEL066W,P39979,1.992826234,P39979,7.846159,1.992826234,7.846159,0.08834223
YEL071W,P39976,YEL071W,P39976,2.62176948,P39976,15.50419,2.62176948,15.50419,0.044707088
YER003C,P29952,YER003C,P29952,2.736952886,P29952,13.22207,2.736952886,13.22207,0.0524235
YER005W,P40009,YER005W,,,P40009,9.937824,9.937824,9.937824,0.069748386
YER010C,P40011,YER010C,P40011,3.999591693,P40011,10.05615,3.999591693,10.05615,0.068927689
YER014W,P40012,YER014W,P40012,2.430506571,P40012,8.326393,2.430506571,8.326393,0.083246993
YER019W,P40015,YER019W,,,P40015,13.98448,13.98448,13.98448,0.04956546
YER023W,P32263,YER023W,P32263,2.656773241,P32263,9.996749,2.656773241,9.996749,0.06933726
YER042W,P40029,YER042W,P40029,1.607495535,P40029,10.22584,1.607495535,10.22584,0.067783887
YER043C,P39954,YER043C,P39954,1.558705019,P39954,8.078671,1.558705019,8.078671,0.085799654
YER052C,P10869,YER052C,P10869,1.844056358,P10869,16.27547,1.844056358,16.27547,0.042588459
YER053C,P40035,YER053C,P40035,3.703829173,P40035,10.39737,3.703829173,10.39737,0.066665626
YER055C,P00498,YER055C,P00498,2.353118442,P00498,17.05504,2.353118442,17.05504,0.04064178
YER056C,P17064,YER056C,,,P17064,0.8889043,0.8889043,0.8889043,0.779777059
YER061C,P39525,YER061C,,,P39525,6.989233,6.989233,6.989233,0.099173569
YER062C,P40106,YER062C,P40106,2.936898872,P40106,11.85628,2.936898872,11.85628,0.05846245
YER065C,P28240,YER065C,,,P28240,1.034587,1.034587,1.034587,0.669974763
YER069W,Q01217,YER069W,Q01217,2.872514045,Q01217,44.33238,2.872514045,44.33238,0.015635235
YER070W,P21524,YER070W,,,P21524,3.914413,3.914413,3.914413,0.177075638
YER073W,P40047,YER073W,P40047,1.457289884,P40047,12.32655,1.457289884,12.32655,0.05623205
YER081W,P40054,YER081W,P40054,9.121608255,P40054,16.76462,9.121608255,16.76462,0.041345833
YER086W,P00927,YER086W,P00927,1.862808996,P00927,8.18348,1.862808996,8.18348,0.084700785
YER087W,P39965,YER087W,,,P39965,6.07899,6.07899,6.07899,0.114023412
YER090W,P00899,YER090W,P00899,1.833650194,P00899,10.54088,1.833650194,10.54088,0.065757999
YER091C,P05694,YER091C,P05694,2.207743013,P05694,7.511722,2.207743013,7.511722,0.092275404
YER099C,P38620,YER099C,P38620,2.007823356,P38620,10.78416,2.007823356,10.78416,0.064274564
YER141W,P40086,YER141W,P40086,10.85073962,P40086,32.49459,10.85073962,32.49459,0.021331156
YER152C,P10356,YER152C,,,P10356,18.21563,18.21563,18.21563,0.038052331
YER163C,P32656,YER163C,P32656,2.245463145,P32656,10.07724,2.245463145,10.07724,0.068783435
YER170W,P26364,YER170W,,,P26364,2.796516,2.796516,2.796516,0.247860974
YER174C,P32642,YER174C,P32642,1.540765983,P32642,9.886779,1.540765983,9.886779,0.070108493
YER175C,P32643,YER175C,P32643,5.500583539,P32643,,5.500583539,5.500583539,0.12601339
YER178W,P16387,YER178W,P16387,2.774910578,P16387,8.625998,2.774910578,8.625998,0.080355593
YER183C,P40099,YER183C,P40099,,P40099,9.942533,9.942533,9.942533,0.069715351
YFL001W,P31115,YFL001W,P31115,1.136744592,P31115,8.280342,1.136744592,8.280342,0.08370997
YFL017C,P43577,YFL017C,P43577,2.828727065,P43577,10.47681,2.828727065,10.47681,0.066160137
YFL018C,P09624,YFL018C,P09624,3.101214416,P09624,9.975375,3.101214416,9.975375,0.069485827
YFL022C,P15625,YFL022C,P15625,1.836444979,,,1.836444979,1.836444979,0.377439666
YFL030W,P43567,YFL030W,P43567,4.375632821,,,4.375632821,4.375632821,0.158410728
YFL045C,P07283,YFL045C,P07283,1.972148904,P07283,10.81288,1.972148904,10.81288,0.064103845
YFL053W,P43550,YFL053W,P43550,1.191303297,,,1.191303297,1.191303297,0.581839387
YFR015C,P23337,YFR015C,P23337,35.10051798,P23337,85.30212,35.10051798,85.30212,0.008125791
YFR019W,P34756,YFR019W,,,P34756,6.766429,6.766429,6.766429,0.102439142
YFR021W,P43601,YFR021W,P43601,2.832836385,P43601,9.99325,2.832836385,9.99325,0.069361537
YFR025C,P38635,YFR025C,P38635,2.933210637,P38635,9.458614,2.933210637,9.458614,0.073282109
YFR030W,P39692,YFR030W,P39692,1.474135391,P39692,7.880488,1.474135391,7.880488,0.087957393
YFR033C,P00127,YFR033C,P00127,3.186076228,P00127,14.04122,3.186076228,14.04122,0.049365168
YFR044C,P43616,YFR044C,P43616,2.823345989,P43616,10.78701,2.823345989,10.78701,0.064257582
YFR047C,P43619,YFR047C,P43619,3.622615776,P43619,8.602947,3.622615776,8.602947,0.0805709
YFR049W,P19955,YFR049W,P19955,3.145994567,P19955,4.999925,3.145994567,4.999925,0.138631516
YFR053C,P04806,YFR053C,P04806,16.53563434,P04806,11.36504,16.53563434,11.36504,0.060989418
YGL001C,P53199,YGL001C,P53199,2.330862169,P53199,12.05255,2.330862169,12.05255,0.057510417
YGL006W,P38929,YGL006W,P38929,19.46646812,P38929,6.002068,19.46646812,6.002068,0.115484726
YGL008C,P05030,YGL008C,P05030,2.143480011,,,2.143480011,2.143480011,0.323374688
YGL009C,P07264,YGL009C,P07264,1.506121184,P07264,23.07787,1.506121184,23.07787,0.030035145
YGL012W,P25340,YGL012W,P25340,2.164498852,P25340,12.01839,2.164498852,12.01839,0.05767388
YGL017W,P16639,YGL017W,,,P16639,4.022361,4.022361,4.022361,0.172323464
YGL026C,P00931,YGL026C,P00931,2.445660691,P00931,14.06506,2.445660691,14.06506,0.049281495
YGL027C,P53008,YGL027C,P53008,2.046571496,P53008,6.180034,2.046571496,6.180034,0.112159121
YGL037C,P53184,YGL037C,P53184,4.891288335,P53184;REV__P41921,17.08543,4.891288335,17.08543,0.04056949
YGL038C,P31755,YGL038C,P31755,4.096813859,P31755,3.679116,4.096813859,3.679116,0.188400469
YGL040C,P05373,YGL040C,P05373,2.399771977,P05373,16.65817,2.399771977,16.65817,0.041610044
YGL047W,P53178,YGL047W,,,P53178,10.48273,10.48273,10.48273,0.066122773
YGL055W,P21147,YGL055W,P21147,2.050081733,P21147,6.504499,2.050081733,6.504499,0.106564269
YGL062W,P11154,YGL062W,P11154,1.033463886,P11154,10.58923,1.033463886,10.58923,0.065457751
YGL065C,P43636,YGL065C,P43636,5.288775387,P43636,8.931976,5.288775387,8.931976,0.077602893
YGL067W,P53164,YGL067W,P53164,6.654821469,P53164,13.94876,6.654821469,13.94876,0.049692387
YGL077C,P19807,YGL077C,P19807,0.931244069,P19807,1.999213,0.931244069,1.999213,0.346710021
YGL080W,P53157,YGL080W,P53157,1.790097094,P53157,5.434515,1.790097094,5.434515,0.127545362
YGL101W,P53144,YGL101W,P53144,1.683486724,P53144,7.777827,1.683486724,7.777827,0.089118359
YGL125W,P53128,YGL125W,P53128,2.142922607,P53128,9.481778,2.142922607,9.481778,0.073103081
YGL148W,P28777,YGL148W,P28777,1.623751348,P28777,11.74517,1.623751348,11.74517,0.059015509
YGL154C,P50113,YGL154C,,,P50113,12.59244,12.59244,12.59244,0.055044708
YGL156W,P22855,YGL156W,P22855,23.45483335,P22855,,23.45483335,23.45483335,0.029552424
YGL167C,P13586,YGL167C,P13586,2.300116924,P13586,10.20556,2.300116924,10.20556,0.067918584
YGL169W,P32579,YGL169W,P32579,1.455126006,P32579,12.66982,1.455126006,12.66982,0.054708526
YGL187C,P04037,YGL187C,P04037,2.443008767,P04037,5.264722,2.443008767,5.264722,0.131658838
YGL191W,P32799,YGL191W,P32799,1.771644876,P32799,2.282247,1.771644876,2.282247,0.303712605
YGL196W,P53095,YGL196W,P53095,1.672347274,P53095,13.48858,1.672347274,13.48858,0.051387706
YGL202W,P53090,YGL202W,P53090,2.324448716,P53090,12.54655,2.324448716,12.54655,0.055246038
YGL224C,P53078,YGL224C,,,P53078,11.69093,11.69093,11.69093,0.059289311
YGL225W,P40107,YGL225W,,,P40107,4.633726,4.633726,4.633726,0.149587434
YGL234W,P07244,YGL234W,P07244,3.004274373,P07244,9.566328,3.004274373,9.566328,0.072456974
YGL245W,P46655,YGL245W,P46655,2.018488942,P46655,10.87496,2.018488942,10.87496,0.063737906
YGL253W,P04807,YGL253W,P04807,2.617505982,P04807,17.82053,2.617505982,17.82053,0.038895991
YGL255W,P32804,YGL255W,P32804,7.662499871,P32804,,7.662499871,7.662499871,0.090459666
YGL256W,P10127,YGL256W,P10127,62.97837129,P10127,,62.97837129,62.97837129,0.011006115
YGR007W,P33412,YGR007W,P33412,2.730852385,P33412,12.74722,2.730852385,12.74722,0.054376341
YGR010W,P53204,YGR010W,P53204,1.868106251,P53204,10.67821,1.868106251,10.67821,0.064912301
YGR012W,P53206,YGR012W,P53206,3.182519196,P53206,11.55317,3.182519196,11.55317,0.059996276
YGR019W,P17649,YGR019W,P17649,5.523444035,P17649,9.256395,5.523444035,9.256395,0.07488306
YGR020C,P39111,YGR020C,P39111,2.598940699,P39111,10.64483,2.598940699,10.64483,0.065115853
YGR038W,P53224,YGR038W,P53224,2.381467534,P53224,7.093758,2.381467534,7.093758,0.097712268
YGR043C,P53228,YGR043C,P53228,3.213995014,P53228,30.44811,3.213995014,30.44811,0.022764867
YGR046W,P53230,YGR046W,,,P53230,0.836072,0.836072,0.836072,0.82905202
YGR055W,P50276,YGR055W,P50276,0.595083307,P50276,0.5705262,0.595083307,0.5705262,1.214926117
YGR060W,P53045,YGR060W,P53045,1.013250641,P53045,2.722286,1.013250641,2.722286,0.25461953
YGR061C,P38972,YGR061C,P38972,2.622133702,P38972,9.241199,2.622133702,9.241199,0.075006196
YGR062C,P53239,YGR062C,,,P53239,11.22813,11.22813,11.22813,0.061733092
YGR065C,P53241,YGR065C,P53241,2.299250941,,,2.299250941,2.299250941,0.30146652
YGR087C,P26263,YGR087C,P26263,1.676391879,,,1.676391879,1.676391879,0.413475625
YGR088W,P06115,YGR088W,P06115,7.651551211,P06115,108.7558,7.651551211,108.7558,0.006373427
YGR094W,P07806,YGR094W,P07806,1.61845973,P07806-2;P07806,12.11523,1.61845973,12.11523,0.057212878
YGR106C,P53262,YGR106C,P53262,1.051318524,P53262,0.9002748,1.051318524,0.9002748,0.769928449
YGR124W,P49090,YGR124W,P49090,1.771446857,P49090,10.53781,1.771446857,10.53781,0.065777157
YGR138C,P53283,YGR138C,P53283,2.067449354,P53283,5.011285,2.067449354,5.011285,0.138317254
YGR144W,P32318,YGR144W,P32318,8.842499199,,,8.842499199,8.842499199,0.078388153
YGR155W,P32582,YGR155W,P32582,1.604336067,P32582,10.27612,1.604336067,10.27612,0.067452227
YGR157W,P05374,YGR157W,P05374,1.942844224,P05374,7.545722,1.942844224,7.545722,0.091859623
YGR171C,P22438,YGR171C,,,P22438,14.73471,14.73471,14.73471,0.047041793
YGR175C,P32476,YGR175C,P32476,0.978528645,P32476,1.387641,0.978528645,1.387641,0.499514774
YGR177C,P53296,YGR177C,P53296,,P53296,329.1791,329.1791,329.1791,0.002105684
YGR180C,P49723,YGR180C,P49723,3.209203176,P49723,12.25408,3.209203176,12.25408,0.056564604
YGR183C,P22289,YGR183C,,,P22289,4.422641,4.422641,4.422641,0.156726983
YGR185C,P36421,YGR185C,P36421,1.721611678,P36421,10.63723,1.721611678,10.63723,0.065162376
YGR191W,P06775,YGR191W,P06775,,P06775,1.598026,1.598026,1.598026,0.43375213
YGR192C,P00359,YGR192C,P00359,3.236846123,P00359,12.82182,3.236846123,12.82182,0.054059968
YGR193C,P16451,YGR193C,P16451,2.726631381,P16451,9.028211,2.726631381,9.028211,0.076775696
YGR194C,P42826,YGR194C,P42826,11.57798341,P42826,10.04883,11.57798341,10.04883,0.068977899
YGR202C,P13259,YGR202C,P13259,2.700232279,P13259,9.065197,2.700232279,9.065197,0.076462451
YGR204W,P07245,YGR204W,P07245,3.112932973,P07245,13.23866,3.112932973,13.23866,0.052357805
YGR208W,P42941,YGR208W,P42941,2.456908288,P42941,10.69431,2.456908288,10.69431,0.064814577
YGR209C,P22803,YGR209C,P22803,3.049372985,P22803,8.247792,3.049372985,8.247792,0.084040332
YGR234W,P39676,YGR234W,P39676,2.524382969,P39676,17.03765,2.524382969,17.03765,0.040683262
YGR240C,P16861,YGR240C,P16861,2.572474512,P16861,12.76639,2.572474512,12.76639,0.054294689
YGR244C,P53312,YGR244C,P53312,3.886652159,P53312,6.824685,3.886652159,6.824685,0.101564714
YGR248W,P53315,YGR248W,P53315,66.79324613,P53315,12.72619,66.79324613,12.72619,0.054466198
YGR254W,P00924,YGR254W,P00924,12.17747761,P00924,,12.17747761,12.17747761,0.056920423
YGR255C,P53318,YGR255C,P53318,3.898844789,P53318,7.139822,3.898844789,7.139822,0.097081857
YGR256W,P53319,YGR256W,P53319,10.13340539,P53319,,10.13340539,10.13340539,0.068402196
YGR260W,P53322,YGR260W,P53322,0.879467266,P53322,1.539793,0.879467266,1.539793,0.45015608
YGR264C,P00958,YGR264C,P00958,1.422594862,P00958,10.38673,1.422594862,10.38673,0.066733917
YGR267C,P51601,YGR267C,P51601,1.876316446,P51601,14.07535,1.876316446,14.07535,0.049245467
YGR277C,P53332,YGR277C,P53332,2.31379274,P53332,12.07357,2.31379274,12.07357,0.057410292
YGR282C,P15703,YGR282C,P15703,2.498103312,P15703,8.131497,2.498103312,8.131497,0.08524226
YGR286C,P32451,YGR286C,P32451,3.740268054,P32451,8.898758,3.740268054,8.898758,0.077892576
YGR287C,P53051,YGR287C,,,P53051,7.377053,7.377053,7.377053,0.093959902
YHL003C,P38703,YHL003C,P38703,2.68163046,P38703,14.88273,2.68163046,14.88273,0.046573927
YHL011C,P38689,YHL011C,P38689,1.296432315,P38689,12.14178,1.296432315,12.14178,0.057087773
YHR001W-A,P37299,YHR001W-A,P37299,2.640269675,P37299,2.555727,2.640269675,2.555727,0.271213311
YHR007C,P10614,YHR007C,P10614,1.200639983,P10614,2.645765,1.200639983,2.645765,0.261983653
YHR008C,P00447,YHR008C,P00447,3.436976606,P00447,7.75564,3.436976606,7.75564,0.089373305
YHR011W,P38705,YHR011W,,,P38705,7.466643,7.466643,7.466643,0.092832506
YHR013C,P07347,YHR013C,P07347,1.897014151,P07347,9.461493,1.897014151,9.461493,0.07325981
YHR018C,P04076,YHR018C,P04076,2.81965071,P04076,24.89179,2.81965071,24.89179,0.027846418
YHR019C,P38707,YHR019C,P38707,1.703283483,P38707,10.93215,1.703283483,10.93215,0.06340447
YHR020W,P38708,YHR020W,P38708,1.511516068,P38708,12.12631,1.511516068,12.12631,0.057160602
YHR025W,P17423,YHR025W,P17423,1.836193107,P17423,12.36992,1.836193107,12.36992,0.056034896
YHR026W,P23968,YHR026W,,,P23968,13.7834,13.7834,13.7834,0.050288549
YHR037W,P07275,YHR037W,P07275,3.275818259,P07275,7.403144,3.275818259,7.403144,0.093628758
YHR039C-A,P48836,YHR039C-A,P48836,2.520866706,P48836,9.572896,2.520866706,9.572896,0.072407261
YHR042W,P16603,YHR042W,P16603,2.211042116,P16603,9.986783,2.211042116,9.986783,0.069406453
YHR043C,P38773,YHR043C,,,P38773,35.87935,35.87935,35.87935,0.019318833
YHR046C,P38710,YHR046C,P38710,1.578338463,P38710,10.14843,1.578338463,10.14843,0.068300927
YHR051W,P00427,YHR051W,P00427,2.7659839,P00427,5.220231,2.7659839,5.220231,0.13278094
YHR063C,P38787,YHR063C,P38787,2.505338499,P38787,11.8103,2.505338499,11.8103,0.058690057
YHR068W,P38791,YHR068W,P38791,1.927868039,P38791,10.92922,1.927868039,10.92922,0.063421468
YHR072W,P38604,YHR072W,P38604,1.683294962,P38604,11.84861,1.683294962,11.84861,0.058500295
YHR074W,P38795,YHR074W,P38795,2.691599691,P38795,9.924216,2.691599691,9.924216,0.069844024
YHR094C,P32465,YHR094C,P32465,0.328414477,P32465,3.303991,0.328414477,3.303991,0.20979088
YHR100C,P38812,YHR100C,P38812,1.28342552,P38812,4.837837,1.28342552,4.837837,0.143276258
YHR104W,P38715,YHR104W,P38715,4.475246399,P38715,17.97931,4.475246399,17.97931,0.038552491
YHR106W,P38816,YHR106W,P38816,3.780573313,P38816,8.646878,3.780573313,8.646878,0.080161554
YHR116W,P38824,YHR116W,P38824,2.881057145,P38824,4.30529,2.881057145,4.30529,0.160998953
YHR119W,P38827,YHR119W,,,P38827,4.625658,4.625658,4.625658,0.149848342
YHR123W,P22140,YHR123W,P22140,1.849037698,,,1.849037698,1.849037698,0.374869145
YHR128W,P18562,YHR128W,P18562,1.371175375,P18562,36.56437,1.371175375,36.56437,0.018956902
YHR144C,P06773,YHR144C,P06773,,P06773,11.79004,11.79004,11.79004,0.05879091
YHR163W,P38858,YHR163W,P38858,2.439062691,P38858,10.80011,2.439062691,10.80011,0.064179641
YHR174W,P00925,YHR174W,P00925,2.984392522,P00925,16.03265,2.984392522,16.03265,0.043233475
YHR183W,P38720,YHR183W,P38720,2.659209123,P38720,18.57195,2.659209123,18.57195,0.037322262
YHR190W,P29704,YHR190W,P29704,2.560929474,P29704,10.22416,2.560929474,10.22416,0.067795025
YHR201C,P38698,YHR201C,P38698,1.965367417,P38698,10.04202,1.965367417,10.04202,0.069024676
YHR208W,P38891,YHR208W,P38891,1.804196024,P38891,16.56488,1.804196024,16.56488,0.041844383
YHR216W,P38697,YHR216W,,,P38697,14.58615,14.58615,14.58615,0.047520914
YIL002C,P40559,YIL002C,P40559,2.901083462,,,2.901083462,2.901083462,0.238927004
YIL009W,P39002,YIL009W,P39002,1.938392933,P39002,7.950223,1.938392933,7.950223,0.087185879
YIL010W,P40553,YIL010W,P40553,3.097028772,P40553,6.324696,3.097028772,6.324696,0.109593754
YIL020C,P40545,YIL020C,P40545,1.627094992,P40545,12.00456,1.627094992,12.00456,0.057740324
YIL043C,P38626,YIL043C,P38626,2.026026049,P38626,9.413725,2.026026049,9.413725,0.073631552
YIL048W,P40527,YIL048W,P40527,,P40527,19.85746,19.85746,19.85746,0.034906135
YIL053W,P41277,YIL053W,P41277,1.539631573,P41277,14.61748,1.539631573,14.61748,0.047419061
YIL074C,P40510,YIL074C,P40510,2.43827956,P40510,15.53671,2.43827956,15.53671,0.044613511
YIL078W,P04801,YIL078W,P04801,1.697676779,P04801,9.86552,1.697676779,9.86552,0.070259569
YIL083C,P40506,YIL083C,P40506,2.48461233,P40506,8.117419,2.48461233,8.117419,0.085390095
YIL094C,P40495,YIL094C,P40495,4.05960027,P40495,12.42764,4.05960027,12.42764,0.055774643
YIL107C,P40433,YIL107C,P40433,,P40433,7.256783,7.256783,7.256783,0.095517143
YIL111W,P00425,YIL111W,P00425,3.06436002,P00425,4.431159,3.06436002,4.431159,0.156425707
YIL116W,P07172,YIL116W,P07172,7.991690728,P07172,12.89804,7.991690728,12.89804,0.053740505
YIL124W,P40471,YIL124W,P40471,3.371876379,P40471,7.971594,3.371876379,7.971594,0.086952143
YIL125W,P20967,YIL125W,P20967,3.164093391,P20967,8.59666,3.164093391,8.59666,0.080629824
YIL145C,P40459,YIL145C,P40459,1.755327922,P40459,9.492991,1.755327922,9.492991,0.073016732
YIL155C,P32191,YIL155C,P32191,2.579385333,P32191,3.879521,2.579385333,3.879521,0.178668238
YIL162W,P00724,YIL162W,P00724,3.086015774,P00724-2;P00724,10.25783,3.086015774,10.25783,0.067572496
YIR034C,P38998,YIR034C,P38998,4.796443354,P38998,23.62586,4.796443354,23.62586,0.029338495
YIR036C,P40580,YIR036C,P40580,4.284911192,P40580,10.75245,4.284911192,10.75245,0.064464116
YIR037W,P40581,YIR037W,P40581,3.685575574,P40581,10.11792,3.685575574,10.11792,0.068506885
YIR038C,P40582,YIR038C,P40582,4.18888247,P40582,6.932253,4.18888247,6.932253,0.099988731
YJL005W,P08678,YJL005W,P08678,3.214335286,P08678,9.468722,3.214335286,9.468722,0.073203879
YJL012C,P47075,YJL012C,P47075,1.88993048,P47075,10.8539,1.88993048,10.8539,0.063861578
YJL026W,P09938,YJL026W,P09938,2.711001602,P09938,7.748006,2.711001602,7.748006,0.089461363
YJL046W,P47051,YJL046W,,,P47051,8.929699,8.929699,8.929699,0.077622681
YJL052W,P00360,YJL052W,P00360,45.97278987,P00360,,45.97278987,45.97278987,0.015077336
YJL060W,P47039,YJL060W,P47039,4.812420385,P47039,12.36504,4.812420385,12.36504,0.056057011
YJL068C,P40363,YJL068C,P40363,3.666997661,P40363,13.41556,3.666997661,13.41556,0.051667406
YJL071W,P40360,YJL071W,,,P40360,6.606802,6.606802,6.606802,0.104914175
YJL088W,P05150,YJL088W,P05150,3.169687818,P05150,,3.169687818,3.169687818,0.218679952
YJL097W,P40857,YJL097W,,,P40857,7.043882,7.043882,7.043882,0.098404144
YJL101C,P32477,YJL101C,P32477,2.250400857,P32477,8.298326,2.250400857,8.298326,0.083528555
YJL121C,P46969,YJL121C,P46969,1.851480091,P46969,10.90617,1.851480091,10.90617,0.063555509
YJL126W,P47016,YJL126W,P47016,,P47016,7.316395,7.316395,7.316395,0.094738895
YJL130C,P07259,YJL130C,P07259,1.397994189,P07259,7.846154,1.397994189,7.846154,0.088342286
YJL133W,P10566,YJL133W,P10566,1.64676033,,,1.64676033,1.64676033,0.420915641
YJL134W,P47013,YJL134W,P47013,1.92549331,P47013,9.461526,1.92549331,9.461526,0.073259555
YJL137C,P47011,YJL137C,P47011,2.695034186,,,2.695034186,2.695034186,0.257194207
YJL139C,P26725,YJL139C,,,P26725,6.07081,6.07081,6.07081,0.114177051
YJL153C,P11986,YJL153C,P11986,2.057241855,P11986,24.5044,2.057241855,24.5044,0.028286642
YJL155C,P32604,YJL155C,P32604,5.582570191,P32604,10.07014,5.582570191,10.07014,0.068831931
YJL166W,P08525,YJL166W,P08525,3.386187036,P08525,4.244023,3.386187036,4.244023,0.163323144
YJL167W,P08524,YJL167W,P08524,2.846880839,P08524,10.81348,2.846880839,10.81348,0.064100288
YJL168C,P46995,YJL168C,P46995,1.40367441,P46995,5.437005,1.40367441,5.437005,0.127486949
YJL198W,P39535,YJL198W,P39535,0.928281988,P39535,2.472512,0.928281988,2.472512,0.280341281
YJL200C,P39533,YJL200C,P39533,2.435901725,P39533,8.693124,2.435901725,8.693124,0.079735108
YJR001W,P47082,YJR001W,P47082,2.548795965,,,2.548795965,2.548795965,0.271950831
YJR009C,P00358,YJR009C,P00358,5.40883587,P00358,,5.40883587,5.40883587,0.128150899
YJR010W,P08536,YJR010W,P08536,2.253322552,,,2.253322552,2.253322552,0.307611167
YJR016C,P39522,YJR016C,P39522,1.532213083,P39522,11.70581,1.532213083,11.70581,0.059213944
YJR019C,P41903,YJR019C,,,P41903,9.463759,9.463759,9.463759,0.073242269
YJR024C,P47095,YJR024C,P47095,1.822533267,P47095,7.420066,1.822533267,7.420066,0.093415231
YJR025C,P47096,YJR025C,P47096,4.866126938,P47096,18.69971,4.866126938,18.69971,0.037067269
YJR040W,P37020,YJR040W,,,P37020,13.10723,13.10723,13.10723,0.052882812
YJR048W,P00044,YJR048W,P00044,2.27029604,P00044,6.591012,2.27029604,6.591012,0.105165516
YJR049C,P21373,YJR049C,P21373,3.05965971,P21373,8.668083,3.05965971,8.668083,0.079965453
YJR051W,P21375,YJR051W,P21375,2.733747879,P21375,7.989878,2.733747879,7.989878,0.086753162
YJR057W,P00572,YJR057W,P00572,2.112582088,P00572,10.65178,2.112582088,10.65178,0.065073366
YJR069C,P47119,YJR069C,P47119,2.019603385,P47119,10.9286,2.019603385,10.9286,0.063425066
YJR073C,P05375,YJR073C,P05375,3.083880129,,,3.083880129,3.083880129,0.224764631
YJR077C,P23641,YJR077C,P23641,1.96064996,P23641,7.856323,1.96064996,7.856323,0.088227938
YJR103W,P38627,YJR103W,P38627,3.996984902,P38627,9.990865,3.996984902,9.990865,0.069378095
YJR104C,P00445,YJR104C,P00445,2.030793067,P00445,6.18442,2.030793067,6.18442,0.112079577
YJR105W,P47143,YJR105W,P47143,1.540684139,P47143,8.081347,1.540684139,8.081347,0.085771243
YJR109C,P03965,YJR109C,P03965,1.08424329,P03965,21.19864,1.08424329,21.19864,0.032697719
YJR121W,P00830,YJR121W,P00830,2.952904065,P00830,8.503993,2.952904065,8.503993,0.081508437
YJR131W,P32906,YJR131W,P32906,2.976023841,P32906,8.651632,2.976023841,8.651632,0.080117506
YJR133W,P47165,YJR133W,P47165,2.50601683,P47165,7.574823,2.50601683,7.574823,0.091506716
YJR137C,P47169,YJR137C,P47169,1.69542784,P47169,10.27852,1.69542784,10.27852,0.067436477
YJR139C,P31116,YJR139C,P31116,2.483613474,P31116,11.72815,2.483613474,11.72815,0.059101152
YJR143C,P46971,YJR143C,P46971,2.210583921,P46971;REV__P38687,9.867316,2.210583921,9.867316,0.07024678
YJR148W,P47176,YJR148W,P47176,3.676416342,P47176,18.26364,3.676416342,18.26364,0.037952302
YJR149W,P47177,YJR149W,,,P47177,6.750132,6.750132,6.750132,0.102686463
YKL001C,Q02196,YKL001C,Q02196,1.359668695,Q02196,,1.359668695,1.359668695,0.509791233
YKL008C,P28496,YKL008C,P28496,2.74508295,P28496,6.328407,2.74508295,6.328407,0.109529488
YKL016C,P30902,YKL016C,P30902,2.64747323,,,2.64747323,2.64747323,0.261814614
YKL019W,P29703,YKL019W,P29703,1.326119462,P29703,9.598239,1.326119462,9.598239,0.072216078
YKL024C,P15700,YKL024C,P15700,1.738055096,P15700,14.45668,1.738055096,14.45668,0.047946498
YKL029C,P36013,YKL029C,P36013,1.928237116,P36013,13.08703,1.928237116,13.08703,0.052964437
YKL035W,P32861,YKL035W,P32861,4.077199455,P32861,10.88557,4.077199455,10.88557,0.063675782
YKL055C,P35731,YKL055C,,,P35731,6.099996,6.099996,6.099996,0.11363076
YKL060C,P14540,YKL060C,P14540,2.99803626,P14540,12.00931,2.99803626,12.00931,0.057717486
YKL067W,P36010,YKL067W,P36010,3.603084307,P36010,10.71624,3.603084307,10.71624,0.064681939
YKL069W,P36088,YKL069W,P36088,2.513192663,P36088,8.879546,2.513192663,8.879546,0.078061106
YKL080W,P31412,YKL080W,P31412,2.631218474,P31412,11.49703,2.631218474,11.49703,0.060289238
YKL085W,P17505,YKL085W,P17505,3.896125575,P17505,10.68305,3.896125575,10.68305,0.064882892
YKL087C,Q00873,YKL087C,,,Q00873,5.02157,5.02157,5.02157,0.138033958
YKL088W,P36076,YKL088W,P36076,2.405520982,P36076,10.83758,2.405520982,10.83758,0.063957745
YKL094W,P28321,YKL094W,P28321,2.735253424,P28321,11.55955,2.735253424,11.55955,0.059963163
YKL103C,P14904,YKL103C,P14904,8.168218739,P14904,16.62764,8.168218739,16.62764,0.041686444
YKL104C,P14742,YKL104C,P14742,2.701497199,P14742,13.05931,2.701497199,13.05931,0.053076861
YKL106W,Q01802,YKL106W,Q01802,3.162010282,Q01802,9.771689,3.162010282,9.771689,0.070934224
YKL120W,P32332,YKL120W,,,P32332,34.82648,34.82648,34.82648,0.019902878
YKL127W,P33401,YKL127W,P33401,2.520682774,P33401,9.694717,2.520682774,9.694717,0.071497413
YKL140W,P34163,YKL140W,P34163,16.74274758,,,16.74274758,16.74274758,0.041399847
YKL141W,P33421,YKL141W,P33421,3.574434168,P33421,3.99578,3.574434168,3.99578,0.173469806
YKL148C,Q00711,YKL148C,Q00711,3.477735119,Q00711,10.21982,3.477735119,10.21982,0.067823815
YKL150W,P36060,YKL150W,P36060,4.390678118,P36060,7.593922,4.390678118,7.593922,0.091276574
YKL152C,P00950,YKL152C,P00950,3.291137408,P00950,13.87729,3.291137408,13.87729,0.04994831
YKL165C,P36051,YKL165C,P36051,4.630310676,P36051,9.075162,4.630310676,9.075162,0.076378491
YKL174C,P36029,YKL174C,P36029,,P36029,4.324373,4.324373,4.324373,0.160288481
YKL181W,P32895,YKL181W,P32895,1.335550623,P32895,9.147252,1.335550623,9.147252,0.075776548
YKL182W,P07149,YKL182W,P07149,2.375653277,P07149,12.11169,2.375653277,12.11169,0.057229601
YKL184W,P08432,YKL184W,P08432,0.801549455,P08432,2.031195,0.801549455,2.031195,0.341250929
YKL192C,P32463,YKL192C,P32463,2.868298651,P32463,11.30133,2.868298651,11.30133,0.06133324
YKL194C,P07236,YKL194C,,,P07236,8.869157,8.869157,8.869157,0.078152544
YKL211C,P00937,YKL211C,P00937,2.0853968,P00937,13.47844,2.0853968,13.47844,0.051426365
YKL212W,P32368,YKL212W,P32368,2.314016384,P32368,11.21444,2.314016384,11.21444,0.061808452
YKL215C,P28273,YKL215C,P28273,2.823960152,P28273,10.34451,2.823960152,10.34451,0.067006285
YKL216W,P28272,YKL216W,P28272,1.170398003,P28272,10.08668,1.170398003,10.08668,0.068719061
YKL218C,P36007,YKL218C,P36007,,P36007,45.95864,45.95864,45.95864,0.015081978
YKR031C,P36126,YKR031C,,,P36126,6.532967,6.532967,6.532967,0.106099905
YKR043C,P36136,YKR043C,P36136,1.787644161,P36136,13.50461,1.787644161,13.50461,0.051326708
YKR052C,P23500,YKR052C,,,P23500,3.012566,3.012566,3.012566,0.23008531
YKR066C,P00431,YKR066C,P00431,2.255751733,P00431,7.851663,2.255751733,7.851663,0.088280302
YKR067W,P36148,YKR067W,P36148,3.471019874,P36148,6.798349,3.471019874,6.798349,0.101958164
YKR072C,P36024,YKR072C,P36024,1.678823108,P36024,9.045875,1.678823108,9.045875,0.076625775
YKR076W,P36156,YKR076W,P36156,6.101038294,P36156,4.854628,6.101038294,4.854628,0.142780699
YKR080W,Q02046,YKR080W,Q02046,3.855087112,Q02046,10.71453,3.855087112,10.71453,0.064692262
YKR089C,P36165,YKR089C,,,P36165,4.167235,4.167235,4.167235,0.166332636
YKR093W,P32901,YKR093W,P32901,0.676611026,P32901,1.576821,0.676611026,1.576821,0.439585204
YLL001W,P54861,YLL001W,P54861,3.095182395,P54861,10.60261,3.095182395,10.60261,0.065375146
YLL012W,Q07804,YLL012W,,,Q07804,12.21394,12.21394,12.21394,0.056750498
YLL015W,P14772,YLL015W,P14772,1.565959011,P14772,4.184839,1.565959011,4.184839,0.165632938
YLL018C,P04802,YLL018C,P04802,2.032460248,P04802,10.87614,2.032460248,10.87614,0.063730991
YLL028W,Q07824,YLL028W,Q07824,2.004849025,Q07824,1.926815,2.004849025,1.926815,0.359737277
YLL031C,Q07830,YLL031C,,,Q07830,12.64987,12.64987,12.64987,0.054794807
YLL041C,P21801,YLL041C,P21801,3.205909064,P21801,11.75251,3.205909064,11.75251,0.058978651
YLL043W,P23900,YLL043W,P23900,2.04847274,P23900,2.771048,2.04847274,2.771048,0.250139002
YLL048C,P32386,YLL048C,P32386,1.878426003,P32386,11.78972,1.878426003,11.78972,0.058792506
YLL062C,Q12525,YLL062C,,,Q12525,10.35327,10.35327,10.35327,0.06694959
YLR011W,Q07923,YLR011W,,,Q07923,8.294562,8.294562,8.294562,0.08356646
YLR017W,Q07938,YLR017W,Q07938,1.320427417,Q07938,8.210852,1.320427417,8.210852,0.084418423
YLR020C,Q07950,YLR020C,,,Q07950,6.871719,6.871719,6.871719,0.100869547
YLR027C,P23542,YLR027C,P23542,2.693494839,P23542,12.70711,2.693494839,12.70711,0.05454798
YLR028C,P54113,YLR028C,P54113,2.883266061,P54113,9.657938,2.883266061,9.657938,0.071769686
YLR038C,Q01519,YLR038C,Q01519,3.037502349,Q01519,4.607531,3.037502349,4.607531,0.150437877
YLR043C,P22217,YLR043C,P22217,2.74040068,P22217,9.037081,2.74040068,9.037081,0.076700339
YLR044C,P06169,YLR044C,P06169,2.647645206,P06169,11.48787,2.647645206,11.48787,0.060337311
YLR047C,Q12209,YLR047C,,,Q12209,13.04448,13.04448,13.04448,0.053137203
YLR056W,P32353,YLR056W,P32353,1.229047846,P32353,2.148558,1.229047846,2.148558,0.322610412
YLR057W,Q12205,YLR057W,Q12205,1.381208732,,,1.381208732,1.381208732,0.501841007
YLR058C,P37291,YLR058C,P37291,3.685765588,P37291,8.504285,3.685765588,8.504285,0.081505639
YLR060W,P15624,YLR060W,P15624,1.747887496,P15624,11.13082,1.747887496,11.13082,0.062272787
YLR089C,P52893,YLR089C,P52893,2.559797322,P52893,8.509351,2.559797322,8.509351,0.081457115
YLR099C,Q12385,YLR099C,,,Q12385,8.262394,8.262394,8.262394,0.083891809
YLR100W,Q12452,YLR100W,Q12452,2.360377073,Q12452,13.45197,2.360377073,13.45197,0.051527559
YLR109W,P38013,YLR109W,P38013,1.709235358,P38013,10.952,1.709235358,10.952,0.063289553
YLR130C,Q12436,YLR130C,,,Q12436,2.234847,2.234847,2.234847,0.310154199
YLR133W,P20485,YLR133W,P20485,3.061902665,P20485,10.75407,3.061902665,10.75407,0.064454405
YLR134W,P16467,YLR134W,P16467,2.872272435,P16467,,2.872272435,2.872272435,0.24132362
YLR138W,Q99271,YLR138W,Q99271,1.235837328,,,1.235837328,1.235837328,0.560872507
YLR143W,Q12429,YLR143W,Q12429,1.832664846,Q12429,10.01816,1.832664846,10.01816,0.069189071
YLR146C,Q12455,YLR146C,Q12455,1.474104946,Q12455,8.901413,1.474104946,8.901413,0.077869343
YLR151C,Q12524,YLR151C,,,Q12524,9.663838,9.663838,9.663838,0.071725869
YLR153C,P52910,YLR153C,P52910,2.723101559,P52910,8.73149,2.723101559,8.73149,0.079384753
YLR172C,P32469,YLR172C,P32469,1.447336208,P32469,9.746521,1.447336208,9.746521,0.071117395
YLR180W,P10659,YLR180W,P10659,1.454287876,P10659,8.512015,1.454287876,8.512015,0.081431621
YLR189C,Q06321,YLR189C,Q06321,1.508195384,Q06321,9.777691,1.508195384,9.777691,0.070890682
YLR201C,Q05779,YLR201C,Q05779,2.213333993,Q05779,9.34525,2.213333993,9.34525,0.074171069
YLR209C,Q05788,YLR209C,Q05788,2.691528804,Q05788,12.14283,2.691528804,12.14283,0.057082837
YLR211C,Q05789,YLR211C,,,Q05789,5.173691,5.173691,5.173691,0.133975373
YLR214W,P32791,YLR214W,,,P32791,4.224428,4.224428,4.224428,0.164080718
YLR231C,Q05979,YLR231C,Q05979,4.983404452,Q05979,13.06259,4.983404452,13.06259,0.053063533
YLR237W,Q05998,YLR237W,,,Q05998,0.9831026,0.9831026,0.9831026,0.705060876
YLR240W,P22543,YLR240W,,,P22543,6.54723,6.54723,6.54723,0.105868769
YLR244C,Q01662,YLR244C,Q01662,1.091194923,Q01662,7.442554,1.091194923,7.442554,0.093132973
YLR245C,Q06549,YLR245C,Q06549,2.783471682,Q06549,7.210593,2.783471682,7.210593,0.096129012
YLR258W,P27472,YLR258W,P27472,14.8593097,P27472,9.087931,14.8593097,9.087931,0.076271176
YLR260W,Q06147,YLR260W,Q06147,2.359273768,Q06147,7.652699,2.359273768,7.652699,0.090575519
YLR284C,Q05871,YLR284C,Q05871,2.003633806,Q05871,8.298919,2.003633806,8.298919,0.083522587
YLR285W,Q05874,YLR285W,Q05874,1.914753163,Q05874;REV__P27697,10.55514,1.914753163,10.55514,0.06566916
YLR286C,P29029,YLR286C,P29029,0.993685402,P29029,1.390236,0.993685402,1.390236,0.498582385
YLR295C,Q12349,YLR295C,Q12349,2.61743561,Q12349,5.137858,2.61743561,5.137858,0.134909758
YLR299W,Q05902,YLR299W,,,Q05902,4.962239,4.962239,4.962239,0.13968436
YLR300W,P23776,YLR300W,P23776,2.35949317,P23776,1.546099,2.35949317,1.546099,0.44832005
YLR303W,P06106,YLR303W,P06106,2.630264556,P06106,34.56455,2.630264556,34.56455,0.020053702
YLR304C,P19414,YLR304C,P19414,3.343945656,P19414,18.07519,3.343945656,18.07519,0.038347989
YLR305C,P37297,YLR305C,P37297,2.342243097,P37297,8.377186,2.342243097,8.377186,0.082742245
YLR328W,Q06178,YLR328W,Q06178,1.044178885,Q06178,10.45834,1.044178885,10.45834,0.066276979
YLR342W,P38631,YLR342W,P38631,1.447904065,,,1.447904065,1.447904065,0.478724521
YLR345W,Q06137,YLR345W,Q06137,8.111641082,Q06137,10.14717,8.111641082,10.14717,0.068309408
YLR348C,Q06143,YLR348C,,,Q06143,7.29375,7.29375,7.29375,0.095033032
YLR350W,Q06144,YLR350W,Q06144,1.648067301,Q06144,3.654701,1.648067301,3.654701,0.189659067
YLR351C,P49954,YLR351C,P49954,2.425550823,P49954,12.21268,2.425550823,12.21268,0.056756353
YLR354C,P15019,YLR354C,P15019,3.172518131,P15019,20.28838,3.172518131,20.28838,0.034164738
YLR355C,P06168,YLR355C,P06168,1.640863425,P06168,12.01325,1.640863425,12.01325,0.057698556
YLR359W,Q05911,YLR359W,Q05911,3.785376239,Q05911,7.950867,3.785376239,7.950867,0.087178817
YLR360W,Q05919,YLR360W,,,Q05919,7.877939,7.877939,7.877939,0.087985853
YLR372W,P40319,YLR372W,P40319,1.865498594,P40319,8.736914,1.865498594,8.736914,0.07933547
YLR382C,P11325,YLR382C,,,P11325,6.465046,6.465046,6.465046,0.107214578
YLR386W,Q06708,YLR386W,Q06708,2.210254003,Q06708,10.26313,2.210254003,10.26313,0.067537601
YLR395C,P04039,YLR395C,P04039,3.073073953,P04039,3.859557,3.073073953,3.859557,0.17959242
YLR410W,Q06685,YLR410W,Q06685,1.98945947,Q06685,11.53241,1.98945947,11.53241,0.060104278
YLR420W,P20051,YLR420W,P20051,1.851106035,P20051,11.117,1.851106035,11.117,0.062350201
YLR432W,P50095,YLR432W,P50095,1.846125574,P50095,10.41894,1.846125574,10.41894,0.06652761
YLR438W,P07991,YLR438W,P07991,3.974631284,,,3.974631284,3.974631284,0.174392826
YLR447C,P32366,YLR447C,P32366,2.648182577,P32366,10.02142,2.648182577,10.02142,0.069166563
YLR450W,P12684,YLR450W,P12684,2.566817836,P12684,12.86224,2.566817836,12.86224,0.053890083
YML004C,P50107,YML004C,P50107,1.773521636,P50107,4.044335,1.773521636,4.044335,0.171387182
YML008C,P25087,YML008C,P25087,1.70755139,P25087,10.02597,1.70755139,10.02597,0.069135174
YML022W,P49435,YML022W,P49435,1.22692759,P49435,8.420918,1.22692759,8.420918,0.082312544
YML035C,P15274,YML035C,P15274,2.134046746,P15274,8.950469,2.134046746,8.950469,0.077442554
YML054C,P00175,YML054C,P00175,6.855556176,,,6.855556176,6.855556176,0.101107359
YML056C,P50094,YML056C,P50094,1.372917771,P50094,12.23139,1.372917771,12.23139,0.056669535
YML059C,Q04958,YML059C,Q04958,7.577253352,,,7.577253352,7.577253352,0.091477366
YML070W,P54838,YML070W,P54838,3.363887559,P54838,10.1903,3.363887559,10.1903,0.068020292
YML075C,P12683,YML075C,P12683,2.100772482,P12683,14.43093,2.100772482,14.43093,0.048032052
YML081C-A,P81450,YML081C-A,P81450,2.569589309,P81450,4.424633,2.569589309,4.424633,0.156656423
YML082W,Q04533,YML082W,,,Q04533,9.760208,9.760208,9.760208,0.071017665
YML086C,P54783,YML086C,P54783,2.165040894,P54783,9.347614,2.165040894,9.347614,0.074152311
YML100W,P38427,YML100W,P38427,8.599153713,P38427,10.70544,8.599153713,10.70544,0.064747192
YML106W,P13298,YML106W,P13298,1.775684756,P13298,10.71654,1.775684756,10.71654,0.064680128
YML110C,P49017,YML110C,P49017,2.926817252,P49017,8.061746,2.926817252,8.061746,0.085979784
YML120C,P32340,YML120C,P32340,4.878804605,P32340,8.35293,4.878804605,8.35293,0.08298252
YML123C,P25297,YML123C,P25297,0.662938868,,,0.662938868,0.662938868,1.045567267
YML125C,Q12746,YML125C,Q12746,1.616005197,Q12746,9.235814,1.616005197,9.235814,0.075049929
YML126C,P54839,YML126C,P54839,2.609323416,P54839,10.63385,2.609323416,10.63385,0.065183088
YMR006C,Q03674,YMR006C,Q03674,3.969618589,,,3.969618589,3.969618589,0.174613043
YMR009W,Q03677,YMR009W,Q03677,1.956868223,Q03677,4.838919,1.956868223,4.838919,0.143244221
YMR011W,P23585,YMR011W,P23585,0.630121657,P23585,1.118197,0.630121657,1.118197,0.619879306
YMR013C,P20048,YMR013C,,,P20048,8.509374,8.509374,8.509374,0.081456895
YMR015C,P54781,YMR015C,P54781,1.129027466,P54781,2.111069,1.129027466,2.111069,0.328339425
YMR041C,Q04212,YMR041C,Q04212,5.073350323,Q04212,8.919929,5.073350323,8.919929,0.077707702
YMR054W,P37296,YMR054W,P37296,1.444145713,P37296,7.847832,1.444145713,7.847832,0.088323397
YMR058W,P38993,YMR058W,P38993,2.519818938,P38993,2.398722,2.519818938,2.398722,0.288965199
YMR062C,Q04728,YMR062C,Q04728,2.440753047,Q04728,580.0039,2.440753047,580.0039,0.001195073
YMR083W,P07246,YMR083W,P07246,2.901890905,P07246,6.930664,2.901890905,6.930664,0.100011656
YMR099C,Q03161,YMR099C,Q03161,2.780433744,Q03161,10.114,2.780433744,10.114,0.068533437
YMR105C,P37012,YMR105C,P37012,28.32707634,P37012,30.48497,28.32707634,30.48497,0.022737342
YMR108W,P07342,YMR108W,P07342,1.405479098,P07342,8.459305,1.405479098,8.459305,0.081939022
YMR110C,Q04458,YMR110C,Q04458,4.984035091,Q04458,10.40405,4.984035091,10.40405,0.066622823
YMR113W,Q12676,YMR113W,Q12676,2.35725478,,,2.35725478,2.35725478,0.294048478
YMR120C,P38009,YMR120C,P38009,5.337466595,P38009,11.04669,5.337466595,11.04669,0.062747047
YMR145C,P40215,YMR145C,P40215,1.684380534,P40215,4.191553,1.684380534,4.191553,0.165367629
YMR165C,P32567,YMR165C,P32567,2.220343001,P32567,8.369884,2.220343001,8.369884,0.082814431
YMR169C,P54114,YMR169C,P54114,4.807401391,P54114,,4.807401391,4.807401391,0.144183338
YMR170C,P47771,YMR170C,P47771,26.03248157,P47771,20.7781,26.03248157,20.7781,0.033359507
YMR189W,P49095,YMR189W,P49095,3.593659625,P49095,6.62559,3.593659625,6.62559,0.104616673
YMR202W,P32352,YMR202W,P32352,1.937728473,P32352,10.34579,1.937728473,10.34579,0.066997994
YMR205C,P16862,YMR205C,P16862,2.683415312,P16862,10.89117,2.683415312,10.89117,0.063643041
YMR208W,P07277,YMR208W,P07277,2.612691985,P07277,14.74268,2.612691985,14.74268,0.047016362
YMR210W,Q03649,YMR210W,,,Q03649,3.659993,3.659993,3.659993,0.189384838
YMR217W,P38625,YMR217W,P38625,1.170804215,P38625,8.927663,1.170804215,8.927663,0.077640384
YMR220W,P24521,YMR220W,P24521,2.157967624,P24521,8.296041,2.157967624,8.296041,0.083551562
YMR226C,Q05016,YMR226C,Q05016,2.390639638,Q05016,8.818798,2.390639638,8.818798,0.078598827
YMR241W,Q04013,YMR241W,Q04013,2.640760015,Q04013,8.240495,2.640760015,8.240495,0.08411475
YMR243C,P20107,YMR243C,,,P20107,9.132458,9.132458,9.132458,0.075899301
YMR246W,P47912,YMR246W,P47912,1.770935162,P47912,5.429829,1.770935162,5.429829,0.127655435
YMR250W,Q04792,YMR250W,Q04792,15.81107536,Q04792,9.511174,15.81107536,9.511174,0.072877142
YMR261C,P38426,YMR261C,P38426,3.478749441,P38426,9.819856,3.478749441,9.819856,0.070586288
YMR267W,P28239,YMR267W,P28239,2.97582404,P28239,13.36336,2.97582404,13.36336,0.051869229
YMR272C,Q03529,YMR272C,Q03529,2.352624039,Q03529,4.342452,2.352624039,4.342452,0.15962115
YMR278W,Q03262,YMR278W,Q03262,3.097289435,Q03262,11.9103,3.097289435,11.9103,0.05819729
YMR281W,P23797,YMR281W,,,P23797,7.070707,7.070707,7.070707,0.098030817
YMR293C,Q03557,YMR293C,,,Q03557,7.796916,7.796916,7.796916,0.088900173
YMR296C,P25045,YMR296C,P25045,1.969062781,P25045,11.27688,1.969062781,11.27688,0.061466219
YMR298W,Q03579,YMR298W,Q03579,4.754607508,Q03579,9.930467,4.754607508,9.930467,0.069800059
YMR300C,P04046,YMR300C,P04046,2.86010706,P04046,9.737659,2.86010706,9.737659,0.071182117
YMR301C,P40416,YMR301C,,,P40416,9.349916,9.349916,9.349916,0.074134054
YMR303C,P00331,YMR303C,P00331,3.7074931,P00331,8.521755,3.7074931,8.521755,0.081338548
YMR318C,Q04894,YMR318C,Q04894,1.426208673,Q04894,7.078881,1.426208673,7.078881,0.09791762
YNL036W,P53615,YNL036W,P53615,0.464821521,P53615,0.466943,0.464821521,0.466943,1.484436389
YNL037C,P28834,YNL037C,P28834,3.547883612,P28834,15.82153,3.547883612,15.82153,0.043810376
YNL045W,Q10740,YNL045W,Q10740,2.924454991,Q10740,9.296052,2.924454991,9.296052,0.074563608
YNL048W,P53954,YNL048W,P53954,2.904060779,P53954,8.767988,2.904060779,8.767988,0.079054303
YNL052W,P00424,YNL052W,P00424,0.837704181,P00424,3.096641,0.837704181,3.096641,0.223838404
YNL054W,P53950,YNL054W,P53950,2.102386968,,,2.102386968,2.102386968,0.329695337
YNL071W,P12695,YNL071W,P12695,3.084294731,P12695,10.36934,3.084294731,10.36934,0.066845834
YNL073W,P32048,YNL073W,,,P32048,16.45004,16.45004,16.45004,0.042136504
YNL104C,P06208,YNL104C,P06208,2.508735196,P06208;P06208-2,15.93334,2.508735196,15.93334,0.043502943
YNL106C,P50942,YNL106C,P50942,1.220118096,P50942,12.18434,1.220118096,12.18434,0.056888365
YNL129W,P53915,YNL129W,P53915,2.14777713,P53915,10.64063,2.14777713,10.64063,0.065141555
YNL130C,P17898,YNL130C,P17898,2.572954504,P17898,9.464835,2.572954504,9.464835,0.073233942
YNL141W,P53909,YNL141W,P53909,0.647604612,P53909,6.338981,0.647604612,6.338981,0.109346783
YNL169C,P39006,YNL169C,P39006,1.740447922,P39006,4.480442,1.740447922,4.480442,0.154705089
YNL191W,P53871,YNL191W,,,P53871,7.105413,7.105413,7.105413,0.09755199
YNL192W,P08004,YNL192W,,,P08004,5.31914,5.31914,5.31914,0.130311889
YNL202W,P32573,YNL202W,P32573,4.241642332,,,4.241642332,4.241642332,0.163414811
YNL219C,P53868,YNL219C,P53868,2.02132258,P53868,12.13977,2.02132258,12.13977,0.057097225
YNL220W,P80210,YNL220W,P80210,3.704132421,P80210,14.835,3.704132421,14.835,0.046723774
YNL229C,P23202,YNL229C,P23202,1.892213815,P23202,7.830839,1.892213815,7.830839,0.08851506
YNL241C,P11412,YNL241C,P11412,2.928899015,P11412,16.67706,2.928899015,16.67706,0.041562912
YNL247W,P53852,YNL247W,P53852,1.687319605,P53852,10.94037,1.687319605,10.94037,0.063356832
YNL256W,P53848,YNL256W,P53848,1.529044933,P53848,7.983311,1.529044933,7.983311,0.086824524
YNL267W,P39104,YNL267W,P39104,3.749412774,P39104,9.027593,3.749412774,9.027593,0.076780952
YNL274C,P53839,YNL274C,P53839,4.696194734,P53839,13.29081,4.696194734,13.29081,0.052152365
YNL280C,P32462,YNL280C,,,P32462,7.363069,7.363069,7.363069,0.094138352
YNL292W,P48567,YNL292W,P48567,1.465137377,P48567,9.883174,1.465137377,9.883174,0.070134066
YNL316C,P32452,YNL316C,P32452,2.429356325,,,2.429356325,2.429356325,0.285321331
YNR001C,P00890,YNR001C,P00890,4.648517151,P00890,8.798313,4.648517151,8.798313,0.078781828
YNR008W,P40345,YNR008W,,,P40345,7.116552,7.116552,7.116552,0.0973993
YNR012W,P27515,YNR012W,,,P27515,7.059778,7.059778,7.059778,0.098182575
YNR013C,P27514,YNR013C,P27514,2.044188085,P27514,9.14372,2.044188085,9.14372,0.075805819
YNR016C,Q00955,YNR016C,,,Q00955,11.36648,11.36648,11.36648,0.060981692
YNR019W,P53629,YNR019W,P53629,2.598377356,P53629,12.58414,2.598377356,12.58414,0.055081013
YNR027W,P53727,YNR027W,P53727,1.981565042,P53727,12.42534,1.981565042,12.42534,0.055784967
YNR030W,P53730,YNR030W,P53730,3.078738693,P53730,9.624977,3.078738693,9.624977,0.072015464
YNR033W,P37254,YNR033W,,,P37254,8.964476,8.964476,8.964476,0.07732155
YNR043W,P32377,YNR043W,P32377,1.740157486,P32377,8.821269,1.740157486,8.821269,0.07857681
YNR050C,P38999,YNR050C,P38999,4.902289611,P38999,10.62649,4.902289611,10.62649,0.065228234
YNR057C,P53630,YNR057C,P53630,87.29445391,,,87.29445391,87.29445391,0.007940335
YNR058W,P50277,YNR058W,P50277,173.1461699,,,173.1461699,173.1461699,0.004003249
YNR067C,P53753,YNR067C,P53753,3.415143239,P53753,6.563896,3.415143239,6.563896,0.105599964
YOL011W,Q08108,YOL011W,,,Q08108,1.551435,1.551435,1.551435,0.446778099
YOL020W,P38967,YOL020W,,,P38967,1.069899,1.069899,1.069899,0.647862257
YOL033W,P48525,YOL033W,,,P48525,7.164268,7.164268,7.164268,0.096750593
YOL049W,Q08220,YOL049W,Q08220,2.750712869,Q08220,9.602473,2.750712869,9.602473,0.072184236
YOL052C,P21182,YOL052C,P21182,1.576716269,P21182,11.33738,1.576716269,11.33738,0.061138215
YOL058W,P22768,YOL058W,P22768,3.009712562,P22768,,3.009712562,3.009712562,0.230303448
YOL059W,P41911,YOL059W,P41911,1.413281504,P41911,10.5599,1.413281504,10.5599,0.065639559
YOL061W,Q12265,YOL061W,Q12265,1.569293631,Q12265,9.920102,1.569293631,9.920102,0.069872989
YOL064C,P32179,YOL064C,P32179,2.17699222,P32179,12.19155,2.17699222,12.19155,0.056854722
YOL065C,Q08227,YOL065C,,,Q08227,7.450095,7.450095,7.450095,0.093038704
YOL066C,Q12362,YOL066C,Q12362,2.019203688,Q12362,14.29112,2.019203688,14.29112,0.04850195
YOL068C,P53685,YOL068C,,,P53685,6.802052,6.802052,6.802052,0.101902658
YOL077W-A,P81451,YOL077W-A,P81451,1.898170411,P81451,2.625951,1.898170411,2.625951,0.26396044
YOL086C,P00330,YOL086C,P00330,2.091627585,P00330,6.140887,2.091627585,6.140887,0.112874114
YOL096C,P27680,YOL096C,,,P27680,5.766314,5.766314,5.766314,0.120206284
YOL097C,Q12109,YOL097C,Q12109,1.582513485,Q12109,11.39561,1.582513485,11.39561,0.060825808
YOL122C,P38925,YOL122C,,,P38925,1.253852,1.253852,1.253852,0.552814192
YOL126C,P22133,YOL126C,,,P22133,2.799983,2.799983,2.799983,0.247554067
YOL130W,Q08269,YOL130W,Q08269,1.192164346,,,1.192164346,1.192164346,0.58141915
YOL140W,P18544,YOL140W,P18544,2.793330577,P18544,,2.793330577,2.793330577,0.248143627
YOL143C,P50861,YOL143C,P50861,2.773485971,P50861,8.243322,2.773485971,8.243322,0.084085904
YOL151W,Q12068,YOL151W,Q12068,2.278549322,Q12068,5.499758,2.278549322,5.499758,0.126032306
YOR040W,Q12320,YOR040W,,,Q12320,6.236394,6.236394,6.236394,0.111145508
YOR054C,Q08438,YOR054C,Q08438,5.309837152,Q08438,6.465357,5.309837152,6.465357,0.107209421
YOR065W,P07143,YOR065W,P07143,3.759230812,,,3.759230812,3.759230812,0.184385374
YOR074C,P06785,YOR074C,P06785,2.605272889,P06785,10.38681,2.605272889,10.38681,0.066733403
YOR081C,Q12043,YOR081C,,,Q12043,2.130989,2.130989,2.130989,0.325270182
YOR095C,Q12189,YOR095C,Q12189,1.107614519,Q12189,8.830908,1.107614519,8.830908,0.078491043
YOR099W,P27810,YOR099W,P27810,1.782699794,P27810,3.078516,1.782699794,3.078516,0.22515627
YOR108W,Q12166,YOR108W,Q12166,1.856678133,Q12166,6.465585,1.856678133,6.465585,0.10720564
YOR109W,Q12271,YOR109W,Q12271,2.391311803,Q12271,10.51702,2.391311803,10.51702,0.065907185
YOR120W,P14065,YOR120W,P14065,6.346380443,P14065,4.736255,6.346380443,4.736255,0.146349211
YOR125C,P41735,YOR125C,P41735,5.15695404,P41735,8.077257,5.15695404,8.077257,0.085814675
YOR126C,P41734,YOR126C,P41734,2.304379394,P41734,9.308969,2.304379394,9.308969,0.074460145
YOR128C,P21264,YOR128C,P21264,4.078802499,P21264,10.62153,4.078802499,10.62153,0.065258694
YOR130C,Q12375,YOR130C,,,Q12375,12.44534,12.44534,12.44534,0.055695319
YOR136W,P28241,YOR136W,P28241,4.013260143,P28241,15.48951,4.013260143,15.48951,0.044749458
YOR142W,P53598,YOR142W,P53598,3.451036241,P53598,8.385209,3.451036241,8.385209,0.082663077
YOR143C,P35202,YOR143C,P35202,1.599068566,P35202,10.39334,1.599068566,10.39334,0.066691476
YOR149C,Q04174,YOR149C,,,Q04174,12.67075,12.67075,12.67075,0.054704511
YOR155C,Q99312,YOR155C,Q99312,3.912224516,Q99312,12.26143,3.912224516,12.26143,0.056530697
YOR163W,Q99321,YOR163W,Q99321,2.543637149,Q99321,6.950545,2.543637149,6.950545,0.099725587
YOR168W,P13188,YOR168W,P13188,1.700343936,P13188,10.64175,1.700343936,10.64175,0.065134699
YOR171C,Q12246,YOR171C,Q12246,1.641008693,Q12246,4.956343,1.641008693,4.956343,0.139850527
YOR175C,Q08548,YOR175C,Q08548,19.49417031,Q08548,19.957,19.49417031,19.957,0.034732033
YOR176W,P16622,YOR176W,P16622,2.883784756,P16622,10.5865,2.883784756,10.5865,0.065474631
YOR184W,P33330,YOR184W,P33330,2.870597615,P33330,11.30785,2.870597615,11.30785,0.061297875
YOR196C,P32875,YOR196C,P32875,0.64150135,P32875,4.606183,0.64150135,4.606183,0.150481902
YOR202W,P06633,YOR202W,P06633,2.042340264,,,2.042340264,2.042340264,0.339388687
YOR209C,P39683,YOR209C,P39683,2.221838683,P39683,10.73345,2.221838683,10.73345,0.064578228
YOR221C,Q12283,YOR221C,,,Q12283,14.22742,14.22742,14.22742,0.048719106
YOR222W,Q99297,YOR222W,Q99297,2.543352764,Q99297,9.766361,2.543352764,9.766361,0.070972922
YOR226C,Q12056,YOR226C,Q12056,2.519123017,Q12056,0.7445393,2.519123017,0.7445393,0.930974605
YOR236W,P07807,YOR236W,P07807,1.617117829,P07807,6.662509,1.617117829,6.662509,0.10403696
YOR241W,Q08645,YOR241W,Q08645,2.445828962,Q08645,9.987378,2.445828962,9.987378,0.069402318
YOR251C,Q08686,YOR251C,Q08686,1.991526961,Q08686;REV__Q12161,9.831898,1.991526961,9.831898,0.070499834
YOR253W,Q08689,YOR253W,Q08689,1.974017343,Q08689,9.181244,1.974017343,9.181244,0.075495998
YOR270C,P32563,YOR270C,P32563,2.766830295,P32563,12.85242,2.766830295,12.85242,0.053931258
YOR278W,P06174,YOR278W,P06174,2.119754099,P06174,0.7551991,2.119754099,0.7551991,0.917833695
YOR283W,Q12040,YOR283W,Q12040,1.781998146,Q12040,10.96753,1.781998146,10.96753,0.063199935
YOR285W,Q12305,YOR285W,Q12305,3.550905856,Q12305,9.540792,3.550905856,9.540792,0.072650906
YOR286W,Q08742,YOR286W,Q08742,2.602329773,Q08742,8.611018,2.602329773,8.611018,0.080495382
YOR303W,P07258,YOR303W,P07258,0.667869472,P07258,4.284136,0.667869472,4.284136,0.161793925
YOR311C,Q12382,YOR311C,Q12382,1.776854321,Q12382,9.101819,1.776854321,9.101819,0.076154797
YOR316C,P32798,YOR316C,P32798,1.285988109,P32798,3.08978,1.285988109,3.08978,0.224335448
YOR317W,P30624,YOR317W,P30624,2.582051841,P30624,7.750729,2.582051841,7.750729,0.089429934
YOR321W,P47190,YOR321W,P47190,3.063405091,P47190,6.760268,3.063405091,6.760268,0.1025325
YOR323C,P54885,YOR323C,P54885,1.905137856,P54885,11.46925,1.905137856,11.46925,0.060435267
YOR332W,P22203,YOR332W,P22203,2.544926955,P22203,9.432314,2.544926955,9.432314,0.07348644
YOR334W,Q01926,YOR334W,,,Q01926,0.7813219,0.7813219,0.7813219,0.887146745
YOR335C,P40825,YOR335C,P40825,1.48223244,P40825-2;P40825,9.462827,1.48223244,9.462827,0.073249482
YOR347C,P52489,YOR347C,P52489,9.246514522,P52489,7.698537,9.246514522,7.698537,0.090036221
YOR360C,P06776,YOR360C,P06776,1.822105544,P06776,39.41122,1.822105544,39.41122,0.01758756
YOR374W,P46367,YOR374W,P46367,3.15301474,P46367,3.262159,3.15301474,3.262159,0.212481115
YOR375C,P07262,YOR375C,P07262,3.929337335,P07262,17.25131,3.929337335,17.25131,0.040179394
YOR377W,P40353,YOR377W,,,P40353,27.17155,27.17155,27.17155,0.025510035
YPL015C,P53686,YPL015C,P53686,2.319605154,P53686,8.631336,2.319605154,8.631336,0.080305897
YPL023C,P46151,YPL023C,P46151,2.538715721,P46151,6.914164,2.538715721,6.914164,0.100250324
YPL028W,P41338,YPL028W,P41338,2.350565701,P41338,11.97829,2.350565701,11.97829,0.057866956
YPL036W,P19657,YPL036W,P19657,1.996476062,,,1.996476062,1.996476062,0.34718532
YPL040C,P48526,YPL040C,,,P48526,9.385142,9.385142,9.385142,0.073855801
YPL053C,P54070,YPL053C,P54070,0.809791971,P54070,2.309781,0.809791971,2.309781,0.300092165
YPL059W,Q02784,YPL059W,Q02784,2.488732672,Q02784,7.228026,2.488732672,7.228026,0.095897162
YPL061W,P54115,YPL061W,P54115,1.649372816,P54115,3.965,1.649372816,3.965,0.174816439
YPL069C,Q12051,YPL069C,Q12051,7.638417014,Q12051,6.73318,7.638417014,6.73318,0.102944995
YPL078C,P05626,YPL078C,P05626,2.688113891,P05626,6.004209,2.688113891,6.004209,0.115443546
YPL091W,P41921,YPL091W,P41921,2.191632559,P41921,8.454193,2.191632559,8.454193,0.081988568
YPL092W,P41930,YPL092W,,,P41930,49.82249,49.82249,49.82249,0.013912335
YPL104W,P15179,YPL104W,,,P15179,6.480953,6.480953,6.480953,0.106951428
YPL110C,Q02979,YPL110C,Q02979,1.827314937,Q02979,7.358553,1.827314937,7.358553,0.094196125
YPL111W,P00812,YPL111W,P00812,2.32538806,P00812,9.773495,2.32538806,9.773495,0.070921117
YPL117C,P15496,YPL117C,P15496,1.894111935,P15496,10.56777,1.894111935,10.56777,0.065590676
YPL120W,Q02948,YPL120W,,,Q02948,9.188935,9.188935,9.188935,0.075432809
YPL132W,P19516,YPL132W,P19516,,P19516,8.850448,8.850448,8.850448,0.078317751
YPL134C,Q03028,YPL134C,,,Q03028,9.456959,9.456959,9.456959,0.073294933
YPL135W,Q03020,YPL135W,Q03020,0.4666117,Q03020,0.8133314,0.4666117,0.8133314,0.852232166
YPL160W,P26637,YPL160W,P26637,1.756221843,P26637,10.68692,1.756221843,10.68692,0.064859396
YPL188W,Q06892,YPL188W,Q06892,1.835084342,Q06892,9.439025,1.835084342,9.439025,0.073434193
YPL206C,Q08959,YPL206C,Q08959,3.201712125,Q08959,8.763583,3.201712125,8.763583,0.07909404
YPL212C,Q12211,YPL212C,Q12211,1.381906884,Q12211,9.219709,1.381906884,9.219709,0.075181026
YPL227C,P40350,YPL227C,P40350,2.603722278,P40350,10.44439,2.603722278,10.44439,0.066365502
YPL231W,P19097,YPL231W,P19097,2.385399334,P19097,11.81842,2.385399334,11.81842,0.058649733
YPL234C,P32842,YPL234C,P32842,4.177298407,,,4.177298407,4.177298407,0.165931928
YPL252C,Q12184,YPL252C,,,Q12184,11.13584,11.13584,11.13584,0.062244714
YPL262W,P08417,YPL262W,P08417,2.925628231,P08417,9.355962,2.925628231,9.355962,0.074086147
YPL265W,P53388,YPL265W,P53388,2.004861283,P53388,2.61232,2.004861283,2.61232,0.265337777
YPL271W,P21306,YPL271W,P21306,2.702440036,P21306,6.232045,2.702440036,6.232045,0.111223071
YPL274W,Q08986,YPL274W,Q08986,1.074531538,Q08986,3.913453,1.074531538,3.913453,0.177119076
YPR001W,P43635,YPR001W,,,P43635,11.72459,11.72459,11.72459,0.059119098
YPR011C,Q12251,YPR011C,,,Q12251,4.161197,4.161197,4.161197,0.166573988
YPR020W,Q12233,YPR020W,Q12233,2.571491396,Q12233,6.89219,2.571491396,6.89219,0.100569947
YPR021C,Q12482,YPR021C,,,Q12482,6.532755,6.532755,6.532755,0.106103349
YPR026W,P48016,YPR026W,P48016,2.372792033,,,2.372792033,2.372792033,0.292123023
YPR033C,P07263,YPR033C,P07263,1.720994756,P07263,7.274239,1.720994756,7.274239,0.095287931
YPR033C,P07263,YPR033C,P07263,1.720994756,P07263-2,9.386308,1.720994756,9.386308,0.073846626
YPR035W,P32288,YPR035W,P32288,2.801961238,P32288,6.702848,2.801961238,6.702848,0.103410846
YPR036W,P41807,YPR036W,P41807,2.820188008,P41807,11.28159,2.820188008,11.28159,0.061440558
YPR047W,P08425,YPR047W,,,P08425,6.834612,6.834612,6.834612,0.101417195
YPR058W,P32331,YPR058W,P32331,1.794907451,P32331,9.390688,1.794907451,9.390688,0.073812183
YPR060C,P32178,YPR060C,P32178,1.53254545,P32178,12.64567,1.53254545,12.64567,0.054813006
YPR062W,Q12178,YPR062W,Q12178,1.024378821,Q12178,7.233177,1.024378821,7.233177,0.09582887
YPR069C,Q12074,YPR069C,Q12074,1.831190584,Q12074,12.31156,1.831190584,12.31156,0.056300516
YPR074C,P23254,YPR074C,P23254,2.00497232,P23254,13.48705,2.00497232,13.48705,0.051393535
YPR113W,P06197,YPR113W,P06197,2.624745226,P06197,8.234444,2.624745226,8.234444,0.084176561
YPR118W,Q06489,YPR118W,Q06489,1.606494159,Q06489,9.62244,1.606494159,9.62244,0.072034451
YPR127W,Q06494,YPR127W,Q06494,7.564137324,Q06494,11.7284,7.564137324,11.7284,0.059099893
YPR128C,Q06497,YPR128C,,,Q06497,7.650685,7.650685,7.650685,0.090599362
YPR139C,Q06508,YPR139C,Q06508,2.223051789,Q06508,13.11432,2.223051789,13.11432,0.052854222
YPR140W,Q06510,YPR140W,,,Q06510,5.257067,5.257067,5.257067,0.131850551
YPR145W,P49089,YPR145W,P49089,2.333218032,P49089,19.09483,2.333218032,19.09483,0.036300254
YPR156C,Q06451,YPR156C,Q06451,6.164231042,Q06451,7.093796,6.164231042,7.093796,0.097711744
YPR159W,P32486,YPR159W,P32486,1.404703388,P32486,2.775428,1.404703388,2.775428,0.249744249
YPR160W,P06738,YPR160W,P06738,14.0824825,P06738,8.084756,14.0824825,8.084756,0.085735077
YPR165W,P06780,YPR165W,P06780,2.550363941,P06780,17.83967,2.550363941,17.83967,0.03885426
YPR183W,P14020,YPR183W,P14020,2.519274927,P14020,14.71367,2.519274927,14.71367,0.047109061
YPR184W,Q06625,YPR184W,Q06625,54.15308586,,,54.15308586,54.15308586,0.012799773
YPR191W,P07257,YPR191W,P07257,3.136921987,P07257,10.50598,3.136921987,10.50598,0.065976442
