Gene,kdeg_x,kdeg_y,vsyn_x,vsyn_y
YDL174C,0.332960488,0.10560936,8.10E-06,1.50E-05
YEL039C,0.310040533,0.102051249,8.10E-06,1.50E-05
YJR048W,0.305311364,0.105165516,2.05E-06,3.79E-06
YEL071W,0.264381436,0.044707088,5.53E-07,1.01E-06
YDL178W,0.301241356,0.076672766,8.10E-06,1.50E-05
YAL060W,0.224422689,0.105602184,9.98E-07,2.49E-06
YML054C,0.310040533,0.102051249,8.10E-06,1.50E-05
YGR032W,0.310040533,0.102051249,8.10E-06,1.50E-05
YMR306W,0.310040533,0.102051249,8.10E-06,1.50E-05
YCR034W,0.346734846,0.020360782,8.10E-06,1.50E-05
YLR342W,0.310040533,0.102051249,8.10E-06,1.50E-05
YGR143W,0.310040533,0.102051249,8.10E-06,1.50E-05
YPR159W,0.493447361,0.249744249,8.10E-06,1.50E-05
YIL020C,0.310040533,0.102051249,8.10E-06,1.50E-05
YHR037W,0.211595127,0.093628758,1.29E-05,2.51E-05
YEL038W,0.296297942,0.050522294,8.10E-06,1.50E-05
YMR009W,0.354212497,0.143244221,3.89E-07,6.99E-07
YOL066C,0.343277493,0.04850195,8.65E-09,1.64E-08
YBR153W,0.310040533,0.102051249,8.10E-06,1.50E-05
YCL009C,0.329564565,0.062294725,8.10E-06,1.50E-05
YMR108W,0.493175019,0.081939022,3.91E-06,1.20E-05
YNL256W,0.453320348,0.086824524,1.13E-07,2.38E-07
YER152C,0.310040533,0.102051249,8.10E-06,1.50E-05
YGL202W,0.298198526,0.055246038,4.74E-06,1.46E-05
YJL060W,0.144032966,0.056057011,6.84E-07,9.97E-07
YHR063C,0.276668075,0.058690057,2.89E-07,6.34E-07
YDR035W,0.326516719,0.044972966,8.10E-06,1.50E-05
YBR249C,0.414850838,0.049902497,4.27E-07,1.32E-06
YDR204W,0.31240877,0.082683341,2.22E-07,3.61E-07
YGL119W,0.310040533,0.102051249,8.10E-06,1.50E-05
YGR255C,0.177782707,0.097081857,1.59E-07,3.11E-07
YLR201C,0.313168814,0.074171069,2.26E-07,2.86E-07
YML110C,0.236826259,0.085979784,9.73E-08,2.48E-07
YOL096C,0.310040533,0.102051249,8.10E-06,1.50E-05
YOR125C,0.310040533,0.102051249,8.10E-06,1.50E-05
YGL009C,0.460220059,0.030035145,8.10E-06,1.50E-05
YNL104C,0.276293481,0.043502943,8.43E-06,1.62E-05
YOR108W,0.310040533,0.102051249,8.10E-06,1.50E-05
YHR208W,0.384186181,0.041844383,6.03E-06,1.01E-05
YJR148W,0.188538815,0.037952302,4.93E-06,5.72E-06
YHR137W,0.310040533,0.102051249,8.10E-06,1.50E-05
YDR234W,0.254861081,0.065934017,1.42E-06,2.29E-06
YPR001W,0.310040533,0.102051249,8.10E-06,1.50E-05
YOL064C,0.318396719,0.056854722,4.81E-08,1.21E-07
YGL248W,0.310040533,0.102051249,8.10E-06,1.50E-05
YOR360C,0.380410006,0.01758756,1.53E-07,1.39E-07
YDR487C,0.310040533,0.102051249,8.10E-06,1.50E-05
YDR127W,0.296597754,0.057536339,8.10E-06,1.50E-05
YBR265W,0.310040533,0.102051249,8.10E-06,1.50E-05
YPL252C,0.310040533,0.102051249,8.10E-06,1.50E-05
YDR376W,0.310040533,0.102051249,8.10E-06,1.50E-05
YDR538W,0.310040533,0.102051249,8.10E-06,1.50E-05
YDR539W,0.310040533,0.102051249,8.10E-06,1.50E-05
YLR231C,0.139091095,0.053063533,8.10E-06,1.50E-05
YKR009C,0.310040533,0.102051249,8.10E-06,1.50E-05
YJR025C,0.1424433,0.037067269,8.10E-06,1.50E-05
YER175C,0.310040533,0.102051249,8.10E-06,1.50E-05
YCL018W,0.310040533,0.102051249,8.10E-06,1.50E-05
YGR087C,0.310040533,0.102051249,8.10E-06,1.50E-05
YLR044C,0.261797608,0.060337311,8.10E-06,1.50E-05
YLR134W,0.310040533,0.102051249,8.10E-06,1.50E-05
YBR176W,0.364280634,0.070598733,1.92E-07,4.62E-07
YDL080C,0.310040533,0.102051249,8.10E-06,1.50E-05
YNR033W,0.310040533,0.102051249,8.10E-06,1.50E-05
YMR289W,0.310040533,0.102051249,8.10E-06,1.50E-05
YGR019W,0.125491845,0.07488306,5.53E-07,9.17E-07
YCR053W,0.384831991,0.067408212,8.15E-06,1.51E-05
YLR410W,0.348409802,0.060104278,1.83E-07,3.46E-07
YOR163W,0.272502381,0.099725587,6.59E-08,1.01E-07
YDR017C,0.335930908,0.11849642,3.52E-08,1.97E-08
YLR017W,0.524941524,0.084418423,1.09E-07,1.42E-07
YER037W,0.310040533,0.102051249,8.10E-06,1.50E-05
YGL224C,0.310040533,0.102051249,8.10E-06,1.50E-05
YOR155C,0.177174694,0.056530697,1.20E-07,1.27E-07
YGR061C,0.264344713,0.075006196,8.10E-06,1.50E-05
YGL125W,0.323458803,0.073103081,1.97E-07,4.75E-07
YPL023C,0.273030641,0.100250324,2.47E-07,4.06E-07
YDR232W,0.476150654,0.079877715,3.81E-07,8.06E-07
YER183C,0.310040533,0.102051249,8.10E-06,1.50E-05
YER091C,0.313961895,0.092275404,8.10E-06,1.50E-05
YJR024C,0.380320729,0.093415231,5.08E-08,8.97E-08
YPR118W,0.431465734,0.072034451,8.10E-06,1.50E-05
YIL107C,0.310040533,0.102051249,8.10E-06,1.50E-05
YOL136C,0.310040533,0.102051249,8.10E-06,1.50E-05
YGR248W,0.310040533,0.102051249,8.10E-06,1.50E-05
YHR163W,0.284185881,0.064179641,1.59E-06,3.03E-06
YLR355C,0.42242832,0.057698556,1.76E-05,3.09E-05
YKL192C,0.241657953,0.06133324,1.73E-06,2.45E-06
YIL160C,0.310040533,0.102051249,8.10E-06,1.50E-05
YPL028W,0.294885261,0.057866956,4.96E-06,7.76E-06
YMR207C,0.310040533,0.102051249,8.10E-06,1.50E-05
YDL141W,0.310040533,0.102051249,8.10E-06,1.50E-05
YNR016C,0.310040533,0.102051249,8.10E-06,1.50E-05
YBL015W,0.159257037,0.073101924,6.28E-06,8.71E-06
YAL054C,0.310040533,0.102051249,8.10E-06,1.50E-05
YLR153C,0.254543272,0.079384753,8.10E-06,1.50E-05
YER069W,0.241303322,0.015635235,1.92E-06,4.21E-06
YBR093C,0.310040533,0.102051249,8.10E-06,1.50E-05
YAR071W,0.310040533,0.102051249,8.10E-06,1.50E-05
YBR092C,0.310040533,0.102051249,8.10E-06,1.50E-05
YHR215W,0.310040533,0.102051249,8.10E-06,1.50E-05
YPR002W,0.310040533,0.102051249,8.10E-06,1.50E-05
YOL140W,0.310040533,0.102051249,8.10E-06,1.50E-05
YPL148C,0.310040533,0.102051249,8.10E-06,1.50E-05
YGL205W,0.310040533,0.102051249,8.10E-06,1.50E-05
YCR048W,0.310040533,0.102051249,8.10E-06,1.50E-05
YNR019W,0.266761554,0.055081013,8.10E-06,1.50E-05
YJL091C,0.310040533,0.102051249,8.10E-06,1.50E-05
YNL141W,0.310040533,0.102051249,8.10E-06,1.50E-05
YDR441C,0.310040533,0.102051249,8.10E-06,1.50E-05
YML022W,0.564945467,0.082312544,1.49E-07,5.65E-07
YJR105W,0.449895707,0.085771243,3.65E-06,6.40E-06
YML035C,0.324804122,0.077442554,1.55E-07,4.56E-07
YER043C,0.444694264,0.085799654,0.000119894,0.000258273
YOL052C,0.439614403,0.061138215,1.06E-07,2.12E-07
YNR058W,0.310040533,0.102051249,8.10E-06,1.50E-05
YJL005W,0.215642464,0.073203879,2.83E-08,8.62E-08
YDL166C,0.423840278,0.077107117,8.50E-08,1.41E-07
YDR226W,0.27042003,0.05695755,1.84E-05,3.21E-05
YER170W,0.310040533,0.102051249,8.10E-06,1.50E-05
YLR359W,0.183111833,0.087178817,4.87E-06,1.20E-05
YNL220W,0.187128078,0.046723774,3.51E-06,6.89E-06
YKL001C,0.310040533,0.102051249,8.10E-06,1.50E-05
YGR247W,0.310040533,0.102051249,8.10E-06,1.50E-05
YFL030W,0.310040533,0.102051249,8.10E-06,1.50E-05
YOR335C,0.467637303,0.073249482,4.19E-06,7.61E-06
YGR177C,0.310040533,0.102051249,8.10E-06,1.50E-05
YOR377W,0.310040533,0.102051249,8.10E-06,1.50E-05
YMR303C,0.186958455,0.081338548,2.76E-05,4.79E-05
YDR368W,0.203952693,0.051587192,1.23E-06,2.30E-06
YHR104W,0.154884697,0.038552491,1.25E-06,2.41E-06
YGL256W,0.310040533,0.102051249,8.10E-06,1.50E-05
YMR083W,0.238860523,0.100011656,2.31E-05,6.83E-05
YBR145W,0.237821229,0.034651035,7.10E-06,1.08E-05
YDL168W,0.417355736,0.058654498,4.47E-07,8.95E-07
YOL086C,0.331391298,0.112874114,7.61E-05,0.000173924
YCR105W,0.310040533,0.102051249,8.10E-06,1.50E-05
YMR318C,0.486006847,0.09791762,1.69E-06,2.32E-06
YMR110C,0.139073495,0.066622823,3.03E-06,2.11E-06
YMR169C,0.310040533,0.102051249,8.10E-06,1.50E-05
YMR170C,0.310040533,0.102051249,8.10E-06,1.50E-05
YPL061W,0.420248942,0.174816439,3.45E-05,6.61E-05
YOR374W,0.219836327,0.212481115,3.96E-05,6.22E-05
YER073W,0.475641249,0.05623205,1.42E-05,2.28E-05
YDR481C,0.21929151,0.078367204,9.77E-07,3.07E-06
YIR029W,0.310040533,0.102051249,8.10E-06,1.50E-05
YIR027C,0.310040533,0.102051249,8.10E-06,1.50E-05
YBR208C,0.310040533,0.102051249,8.10E-06,1.50E-05
YBR199W,0.408160411,0.31010813,5.45E-08,8.49E-08
YBR205W,0.289541643,0.097536561,1.30E-06,1.52E-06
YDR483W,0.434210666,0.183627794,3.90E-08,5.50E-08
YJL139C,0.310040533,0.102051249,8.10E-06,1.50E-05
YKR061W,0.310040533,0.102051249,8.10E-06,1.50E-05
YNL029C,0.310040533,0.102051249,8.10E-06,1.50E-05
YOR099W,0.388818792,0.22515627,1.30E-07,3.10E-07
YPL053C,0.855957092,0.300092165,5.87E-08,1.13E-07
YPR026W,0.310040533,0.102051249,8.10E-06,1.50E-05
YBR001C,0.310040533,0.102051249,8.10E-06,1.50E-05
YDR001C,0.167435844,0.073447351,8.10E-06,1.50E-05
YBR126C,0.151086152,0.076786531,2.10E-06,5.65E-06
YDR074W,0.108469986,0.071378616,5.08E-07,9.16E-07
YML100W,0.080606441,0.064747192,3.11E-07,6.26E-07
YMR261C,0.199251827,0.070586288,3.59E-07,6.19E-07
YBR299W,0.310040533,0.102051249,8.10E-06,1.50E-05
YGR287C,0.310040533,0.102051249,8.10E-06,1.50E-05
YGR292W,0.310040533,0.102051249,8.10E-06,1.50E-05
YIL172C,0.310040533,0.102051249,8.10E-06,1.50E-05
YJL216C,0.310040533,0.102051249,8.10E-06,1.50E-05
YJL221C,0.310040533,0.102051249,8.10E-06,1.50E-05
YDR242W,0.310040533,0.102051249,8.10E-06,1.50E-05
YMR293C,0.310040533,0.102051249,8.10E-06,1.50E-05
YDR354W,0.329762458,0.048439481,9.05E-07,1.69E-06
YER090W,0.378014947,0.065757999,3.39E-07,7.17E-07
YKL211C,0.332381435,0.051426365,7.44E-07,2.00E-06
YDR305C,0.265456518,0.074111226,1.13E-07,2.08E-07
YPL111W,0.298078068,0.070921117,8.86E-08,2.57E-07
YHR018C,0.245827321,0.027846418,3.93E-06,5.36E-06
YOL058W,0.310040533,0.102051249,8.10E-06,1.50E-05
YDR341C,0.449963324,0.066493722,2.78E-06,5.84E-06
YHR091C,0.310040533,0.102051249,8.10E-06,1.50E-05
YGR124W,0.391288724,0.065777157,1.14E-06,2.81E-06
YPR145W,0.297077757,0.036300254,2.75E-06,5.72E-07
YHR019C,0.406947632,0.06340447,2.91E-06,6.04E-06
YCR024C,0.310040533,0.102051249,8.10E-06,1.50E-05
YJL130C,0.495815495,0.088342286,4.11E-06,6.66E-06
YER052C,0.375881777,0.042588459,8.13E-07,2.84E-06
YLR027C,0.257341195,0.05454798,3.77E-06,1.23E-05
YKL106W,0.219210919,0.070934224,1.43E-07,3.35E-07
YDR158W,0.286683202,0.040070781,3.04E-05,3.92E-05
YLL018C,0.341038493,0.063730991,8.10E-06,1.50E-05
YPL104W,0.310040533,0.102051249,8.10E-06,1.50E-05
YDR530C,0.310040533,0.102051249,8.10E-06,1.50E-05
YCL050C,0.303590127,0.046004906,8.10E-06,1.50E-05
YER055C,0.29456536,0.04064178,5.04E-06,5.56E-06
Q0080,0.310040533,0.102051249,8.10E-06,1.50E-05
Q0085,0.310040533,0.102051249,8.10E-06,1.50E-05
Q0130,0.310040533,0.102051249,8.10E-06,1.50E-05
YBL099W,0.233349767,0.080404202,8.10E-06,1.50E-05
YBR039W,0.234219805,0.085837597,6.28E-06,1.07E-05
YDL004W,0.310040533,0.102051249,8.10E-06,1.50E-05
YDR298C,0.262197958,0.095631279,2.70E-05,5.36E-05
YDR322C-A,0.294000391,0.102006539,6.01E-09,1.19E-08
YDR377W,0.25827323,0.11119092,1.03E-05,2.78E-05
YJR121W,0.234734067,0.081508437,3.17E-05,6.08E-05
YKL016C,0.310040533,0.102051249,8.10E-06,1.50E-05
YLR295C,0.310040533,0.102051249,8.10E-06,1.50E-05
YML081C-A,0.269750181,0.156656423,8.10E-06,1.50E-05
YPL078C,0.257856329,0.115443546,1.79E-05,5.44E-05
YPL271W,0.256489384,0.111223071,4.09E-09,1.14E-08
YPR020W,0.269550651,0.100569947,2.00E-05,4.68E-05
YCL005W-A,0.310040533,0.102051249,8.10E-06,1.50E-05
YJL180C,0.253024611,0.107633121,8.10E-06,1.50E-05
YLR393W,0.2724695,0.10180482,1.06E-08,1.62E-08
YNL315C,0.250865712,0.085225773,7.05E-07,1.50E-06
YOL077W-A,0.310040533,0.102051249,8.10E-06,1.50E-05
YCR024C-A,0.310040533,0.102051249,8.10E-06,1.50E-05
YEL017C-A,0.310040533,0.102051249,8.10E-06,1.50E-05
YGL008C,0.310040533,0.102051249,8.10E-06,1.50E-05
YPL036W,0.310040533,0.102051249,8.10E-06,1.50E-05
YER005W,0.310040533,0.102051249,8.10E-06,1.50E-05
YBR110W,0.310040533,0.102051249,8.10E-06,1.50E-05
YGR286C,0.185320188,0.077892576,1.82E-07,4.24E-07
YNL280C,0.310040533,0.102051249,8.10E-06,1.50E-05
YMR015C,0.613932966,0.328339425,5.97E-07,1.14E-06
YGL001C,0.297378022,0.057510417,8.10E-06,1.50E-05
YLR100W,0.293659513,0.051527559,7.67E-07,1.95E-06
YGR060W,0.684082647,0.25461953,5.32E-07,1.54E-06
YLR056W,0.563970868,0.322610412,1.08E-06,2.02E-06
YMR202W,0.310040533,0.102051249,8.10E-06,1.50E-05
YGL012W,0.320234488,0.05767388,4.84E-08,1.05E-07
YDL090C,0.206640034,0.098904615,1.22E-07,2.40E-07
YKL019W,0.52268834,0.072216078,9.72E-09,1.98E-08
YJR109C,0.639291187,0.032697719,2.26E-06,3.81E-06
YOR303W,1.037848277,0.161793925,8.10E-06,1.50E-05
YAR035W,0.310040533,0.102051249,8.10E-06,1.50E-05
YER024W,0.310040533,0.102051249,8.10E-06,1.50E-05
YML042W,0.310040533,0.102051249,8.10E-06,1.50E-05
YGR088W,0.310040533,0.102051249,8.10E-06,1.50E-05
YDR256C,0.310040533,0.102051249,8.10E-06,1.50E-05
YDR297W,0.310040533,0.102051249,8.10E-06,1.50E-05
YMR272C,0.310040533,0.102051249,8.10E-06,1.50E-05
YHL003C,0.258479754,0.046573927,2.63E-08,6.48E-08
YMR298W,0.145784311,0.069800059,9.90E-08,3.41E-07
YKL008C,0.310040533,0.102051249,8.10E-06,1.50E-05
YLR307W,0.310040533,0.102051249,8.10E-06,1.50E-05
YLR308W,0.310040533,0.102051249,8.10E-06,1.50E-05
YBR023C,0.310040533,0.102051249,8.10E-06,1.50E-05
YBR038W,0.310040533,0.102051249,8.10E-06,1.50E-05
YNL192W,0.310040533,0.102051249,8.10E-06,1.50E-05
YLR133W,0.226377928,0.064454405,4.49E-07,6.06E-07
YGR202C,0.256699094,0.076462451,1.11E-07,3.77E-07
YPR060C,0.45228491,0.054813006,8.10E-06,1.50E-05
YGL148W,0.426880126,0.059015509,8.10E-06,1.50E-05
YLR304C,0.207284224,0.038347989,9.93E-06,3.30E-05
YBR002C,0.310040533,0.102051249,8.10E-06,1.50E-05
YMR101C,0.310040533,0.102051249,8.10E-06,1.50E-05
YNR001C,0.14911146,0.078781828,1.04E-05,3.05E-05
YCR005C,0.197828786,0.494252896,8.10E-06,1.50E-05
YDR044W,0.249841608,0.057404587,8.10E-06,1.50E-05
YBL039C,0.310040533,0.102051249,8.10E-06,1.50E-05
YJR103W,0.173417513,0.069378095,6.65E-07,1.42E-06
YFR055W,0.310040533,0.102051249,8.10E-06,1.50E-05
YGL184C,0.310040533,0.102051249,8.10E-06,1.50E-05
YGR155W,0.432046125,0.067452227,1.79E-05,2.53E-05
YAL012W,0.392940951,0.056393363,8.87E-06,9.48E-06
YJR130C,0.310040533,0.102051249,8.10E-06,1.50E-05
YLR303W,0.263527552,0.020053702,0.000377043,0.000519065
YNL247W,0.410797799,0.063356832,3.27E-07,6.70E-07
YLR245C,0.310040533,0.102051249,8.10E-06,1.50E-05
YNR012W,0.310040533,0.102051249,8.10E-06,1.50E-05
YHR007C,0.577314758,0.261983653,8.71E-07,1.88E-06
YHR042W,0.313493432,0.069406453,1.25E-06,1.77E-06
YPR062W,0.310040533,0.102051249,8.10E-06,1.50E-05
YML086C,0.320154313,0.074152311,8.10E-06,1.50E-05
YMR041C,0.136625137,0.077707702,2.36E-07,3.76E-07
YBR149W,0.186965259,0.076921381,8.10E-06,1.50E-05
YKL060C,0.231200399,0.057717486,5.34E-05,0.000142285
YDL246C,0.310040533,0.102051249,8.10E-06,1.50E-05
YJR159W,0.310040533,0.102051249,8.10E-06,1.50E-05
YHR144C,0.310040533,0.102051249,8.10E-06,1.50E-05
YDR454C,0.370609429,0.064961456,2.20E-06,3.67E-06
YHR068W,0.359540781,0.063421468,4.15E-07,7.15E-07
YCR036W,0.263530102,0.086206428,6.32E-08,7.56E-08
YDR196C,0.251910378,0.050720078,8.61E-08,2.75E-07
YNR057C,0.310040533,0.102051249,8.10E-06,1.50E-05
YPL087W,0.310040533,0.102051249,8.10E-06,1.50E-05
YOR236W,0.310040533,0.102051249,8.10E-06,1.50E-05
YMR113W,0.310040533,0.102051249,8.10E-06,1.50E-05
YDL100C,0.283076776,0.053058375,8.39E-06,1.13E-05
YLR420W,0.374450284,0.062350201,3.44E-07,6.45E-07
YJR016C,0.452383019,0.059213944,2.39E-06,4.60E-06
YFL053W,0.310040533,0.102051249,8.10E-06,1.50E-05
YML070W,0.206055395,0.068020292,2.51E-06,5.22E-06
YJL167W,0.243476008,0.064100288,2.53E-05,5.71E-05
YKL152C,0.210610222,0.04994831,8.10E-06,1.50E-05
YLR172C,0.478912347,0.071117395,4.02E-06,4.28E-06
YMR013C,0.310040533,0.102051249,8.10E-06,1.50E-05
YPR183W,0.27513757,0.047109061,3.09E-06,9.13E-06
YAL023C,0.259291558,0.082624776,1.60E-07,3.03E-07
YDL095W,0.259821133,0.064941006,4.37E-08,1.17E-07
YDL093W,0.310040533,0.102051249,8.10E-06,1.50E-05
YJR143C,0.31355841,0.07024678,3.17E-08,5.54E-08
YOR321W,0.226266902,0.1025325,1.31E-09,4.68E-09
YJR057W,0.310040533,0.102051249,8.10E-06,1.50E-05
YJR069C,0.343209556,0.063425066,1.15E-07,2.92E-07
YBR252W,0.359403653,0.062266074,8.10E-06,1.50E-05
YJR153W,0.310040533,0.102051249,8.10E-06,1.50E-05
YPL281C,0.310040533,0.102051249,8.10E-06,1.50E-05
YGR254W,0.310040533,0.102051249,8.10E-06,1.50E-05
YHR174W,0.232257378,0.043233475,8.10E-06,1.50E-05
YMR323W,0.310040533,0.102051249,8.10E-06,1.50E-05
YOR393W,0.310040533,0.102051249,8.10E-06,1.50E-05
YDR147W,0.310040533,0.102051249,8.10E-06,1.50E-05
YOR126C,0.300795599,0.074460145,2.64E-07,5.68E-07
YDR261C,0.310040533,0.102051249,8.10E-06,1.50E-05
YGR282C,0.277469381,0.08524226,2.35E-05,4.29E-05
YLR300W,0.293769522,0.44832005,6.34E-07,1.38E-06
YNR067C,0.310040533,0.102051249,8.10E-06,1.50E-05
YOR190W,0.310040533,0.102051249,8.10E-06,1.50E-05
YPL069C,0.310040533,0.102051249,8.10E-06,1.50E-05
YER015W,0.310040533,0.102051249,8.10E-06,1.50E-05
YOR176W,0.240360235,0.065474631,8.10E-06,1.50E-05
YKR066C,0.307279906,0.088280302,1.01E-06,3.26E-06
Q0045,0.310040533,0.102051249,8.10E-06,1.50E-05
Q0250,0.310040533,0.102051249,8.10E-06,1.50E-05
Q0275,0.310040533,0.102051249,8.10E-06,1.50E-05
YDL067C,0.425577506,0.271620572,6.74E-05,0.000168266
YGL187C,0.283726849,0.131658838,8.73E-07,1.62E-06
YGL191W,0.391244989,0.303712605,4.00E-06,9.29E-06
YHR051W,0.250596969,0.13278094,8.10E-06,1.50E-05
YIL111W,0.226196392,0.156425707,7.45E-07,1.31E-06
YLR038C,0.228196426,0.150437877,1.68E-05,3.37E-05
YLR395C,0.225554995,0.17959242,9.65E-06,1.35E-05
YMR256C,0.310040533,0.102051249,8.10E-06,1.50E-05
YNL052W,0.827436697,0.223838404,8.40E-06,2.53E-05
YDR231C,0.154485166,0.07477845,2.06E-07,2.99E-07
YGR062C,0.310040533,0.102051249,8.10E-06,1.50E-05
YHR116W,0.240587793,0.160998953,1.25E-07,2.49E-07
YJL003W,0.310040533,0.102051249,8.10E-06,1.50E-05
YLL018C-A,0.310040533,0.102051249,8.10E-06,1.50E-05
YPL132W,0.310040533,0.102051249,8.10E-06,1.50E-05
Q0105,0.310040533,0.102051249,8.10E-06,1.50E-05
YBL045C,0.224882291,0.07780274,4.42E-06,1.24E-05
YDR529C,0.206119601,4.01515809,1.65E-05,3.99E-05
YEL024W,0.225853177,0.13124648,1.16E-06,2.35E-06
YFR033C,0.310040533,0.102051249,8.10E-06,1.50E-05
YGR183C,0.310040533,0.102051249,8.10E-06,1.50E-05
YHR001W-A,0.262528933,0.271213311,8.10E-06,1.50E-05
YJL166W,0.310040533,0.102051249,8.10E-06,1.50E-05
YOR065W,0.310040533,0.102051249,8.10E-06,1.50E-05
YPR191W,0.220964112,0.065976442,8.10E-06,1.50E-05
YDL045C,0.250540945,0.077398807,6.97E-09,1.78E-08
YLR011W,0.310040533,0.102051249,8.10E-06,1.50E-05
YOR388C,0.310040533,0.102051249,8.10E-06,1.50E-05
YGR204W,0.222666915,0.052357805,4.33E-06,6.80E-06
YBR084W,0.310040533,0.102051249,8.10E-06,1.50E-05
YLR345W,0.085450918,0.068309408,4.28E-07,1.25E-06
YJL155C,0.124162735,0.068831931,8.29E-08,2.16E-07
YLR377C,0.310040533,0.102051249,8.10E-06,1.50E-05
YPL262W,0.236922509,0.074086147,1.33E-05,2.73E-05
YKL216W,0.592232026,0.068719061,2.31E-07,5.38E-07
YEL047C,0.197269101,0.059970789,2.23E-06,3.62E-06
YLR299W,0.310040533,0.102051249,8.10E-06,1.50E-05
YBR020W,0.310040533,0.102051249,8.10E-06,1.50E-05
YBR018C,0.310040533,0.102051249,8.10E-06,1.50E-05
YJL101C,0.308010539,0.083528555,8.10E-06,1.50E-05
YPR184W,0.310040533,0.102051249,8.10E-06,1.50E-05
YIL099W,0.310040533,0.102051249,8.10E-06,1.50E-05
YNL241C,0.236657931,0.041562912,2.39E-06,6.31E-06
YBR196C,0.225964136,0.05244476,6.11E-05,0.000109363
YDR300C,0.43791098,0.063724253,1.94E-07,1.91E-07
YMR250W,0.043839345,0.072877142,1.35E-08,1.66E-08
YDL215C,0.147114355,0.052026398,2.69E-07,4.57E-07
YAL062W,0.310040533,0.102051249,8.10E-06,1.50E-05
YOR375C,0.176403073,0.040179394,3.24E-05,6.01E-05
YDL171C,0.331820053,0.081213028,3.02E-06,5.52E-06
YOR323C,0.363830459,0.060435267,7.32E-07,2.34E-06
YFL060C,0.310040533,0.102051249,8.10E-06,1.50E-05
YNL334C,0.310040533,0.102051249,8.10E-06,1.50E-05
YPR035W,0.24737929,0.103410846,6.14E-05,0.000137456
YMR084W,0.310040533,0.102051249,8.10E-06,1.50E-05
YKL104C,0.2565789,0.053076861,2.90E-06,3.35E-06
YOR168W,0.407651162,0.065134699,1.32E-06,2.23E-06
YGL245W,0.343399048,0.063737906,6.09E-06,1.52E-05
YOL033W,0.310040533,0.102051249,8.10E-06,1.50E-05
YCL035C,0.168368758,0.073077138,2.99E-05,5.04E-05
YPL091W,0.316269795,0.081988568,1.66E-06,2.56E-06
YDR098C,0.31409175,0.050920876,8.10E-06,1.50E-05
YDR513W,0.2005287,0.091472747,1.14E-06,1.76E-06
YER174C,0.449871809,0.070108493,4.83E-07,3.84E-07
YPL059W,0.278514116,0.095897162,1.21E-07,1.70E-07
YNL229C,0.366315463,0.08851506,8.10E-06,1.50E-05
YBR244W,0.310040533,0.102051249,8.10E-06,1.50E-05
YIR037W,0.188070267,0.068506885,5.61E-06,1.25E-05
YKL026C,0.310040533,0.102051249,8.10E-06,1.50E-05
YOL049W,0.251988199,0.072184236,8.55E-07,1.18E-06
YGR192C,0.214142766,0.054059968,0.000188449,0.000389368
YJL052W,0.310040533,0.102051249,8.10E-06,1.50E-05
YJR009C,0.310040533,0.102051249,8.10E-06,1.50E-05
YOR120W,0.109219292,0.146349211,2.03E-07,3.24E-07
YHL032C,0.310040533,0.102051249,8.10E-06,1.50E-05
YER062C,0.236013295,0.05846245,2.09E-06,3.96E-06
YIL053W,0.450203278,0.047419061,1.12E-06,1.82E-06
YIL155C,0.26872572,0.178668238,1.13E-06,2.29E-06
YDL022W,0.153745355,0.028311031,4.29E-06,3.30E-06
YOL059W,0.490452311,0.065639559,2.51E-07,4.35E-07
YPL110C,0.379325516,0.094196125,7.67E-09,2.64E-08
YDR408C,0.118255803,0.080671376,8.36E-07,1.64E-06
YAL044C,0.310040533,0.102051249,8.10E-06,1.50E-05
YDR019C,0.169218834,0.071646911,8.10E-06,1.50E-05
YFL018C,0.223508306,0.069485827,5.20E-06,1.17E-05
YMR189W,0.192880588,0.104616673,1.22E-06,2.32E-06
YLR058C,0.188060571,0.081505639,5.95E-05,0.00011896
YBR263W,0.387555978,0.075902169,6.75E-06,5.68E-06
YDR148C,0.195200208,0.078375418,8.10E-06,1.50E-05
YIL125W,0.2190666,0.080629824,8.31E-07,1.40E-06
YFR015C,0.310040533,0.102051249,8.10E-06,1.50E-05
YJL137C,0.310040533,0.102051249,8.10E-06,1.50E-05
YKR058W,0.310040533,0.102051249,8.10E-06,1.50E-05
YLR258W,0.046647334,0.076271176,2.71E-07,5.30E-07
YPR160W,0.049220525,0.085735077,1.89E-06,5.13E-06
YBR121C,0.401634983,0.067359867,5.94E-06,8.52E-06
YPR081C,0.310040533,0.102051249,8.10E-06,1.50E-05
YMR217W,0.310040533,0.102051249,8.10E-06,1.50E-05
YMR281W,0.310040533,0.102051249,8.10E-06,1.50E-05
YCL052C,0.310040533,0.102051249,8.10E-06,1.50E-05
YJR013W,0.310040533,0.102051249,8.10E-06,1.50E-05
YKL165C,0.310040533,0.102051249,8.10E-06,1.50E-05
YBR004C,0.310040533,0.102051249,8.10E-06,1.50E-05
YGL142C,0.310040533,0.102051249,8.10E-06,1.50E-05
YDR302W,0.310040533,0.102051249,8.10E-06,1.50E-05
YLL031C,0.310040533,0.102051249,8.10E-06,1.50E-05
YGR267C,0.369419125,0.049245467,5.08E-07,9.15E-07
YBL033C,0.313097821,0.107320271,1.28E-08,2.69E-08
YDL238C,0.310040533,0.102051249,8.10E-06,1.50E-05
YDR399W,0.339789389,0.056326823,4.94E-08,9.68E-08
YER141W,0.063880178,0.021331156,4.48E-07,1.36E-06
YPL172C,0.310040533,0.102051249,8.10E-06,1.50E-05
YLR446W,0.310040533,0.102051249,8.10E-06,1.50E-05
YFR053C,0.041918391,0.060989418,4.15E-06,1.07E-05
YGL253W,0.264812071,0.038895991,8.10E-06,1.50E-05
YCL040W,0.091898698,0.045939321,3.87E-06,7.48E-06
YDR516C,0.124626763,0.065924924,2.99E-07,6.84E-07
YCL030C,0.310040533,0.102051249,8.10E-06,1.50E-05
YFR025C,0.23631006,0.073282109,7.94E-08,1.22E-07
YIL116W,0.086733484,0.053740505,1.68E-06,2.39E-06
YPR033C,0.402759612,0.095287931,4.11E-07,6.83E-07
YPR033C,0.402759612,0.073846626,8.10E-06,1.50E-05
YBR034C,0.631552661,0.058111174,2.20E-07,4.41E-07
YJL200C,0.284554657,0.079735108,2.00E-06,6.04E-06
YDL131W,0.237543628,0.058476852,1.05E-05,2.21E-05
YDL182W,0.201596541,0.052542795,1.16E-05,2.33E-05
YLL062C,0.310040533,0.102051249,8.10E-06,1.50E-05
YPL273W,0.310040533,0.102051249,8.10E-06,1.50E-05
YIL094C,0.170742717,0.055774643,4.12E-06,7.78E-06
YJR139C,0.279088187,0.059101152,2.18E-05,3.22E-05
YHR025W,0.37749144,0.056034896,4.23E-06,4.90E-06
YNL277W,0.310040533,0.102051249,8.10E-06,1.50E-05
YDR453C,0.310040533,0.102051249,8.10E-06,1.50E-05
YGR209C,0.2273081,0.084040332,2.48E-05,4.97E-05
YLR043C,0.252936436,0.076700339,2.48E-05,4.72E-05
YBL064C,0.15893224,0.068065445,1.20E-05,1.66E-05
YCR083W,0.269612997,0.100469014,8.10E-06,1.50E-05
YLR109W,0.405530565,0.063289553,8.93E-07,1.27E-06
YDR272W,0.349967089,0.09679426,1.19E-08,1.98E-08
YOR040W,0.310040533,0.102051249,8.10E-06,1.50E-05
YNR041C,0.310040533,0.102051249,8.10E-06,1.50E-05
YPL214C,0.310040533,0.102051249,8.10E-06,1.50E-05
YDL205C,0.310040533,0.102051249,8.10E-06,1.50E-05
YLR450W,0.270041438,0.053890083,8.77E-08,2.32E-07
YML075C,0.329948715,0.048032052,4.37E-07,9.15E-07
YML126C,0.265642494,0.065183088,2.28E-05,3.66E-05
YOL055C,0.310040533,0.102051249,8.10E-06,1.50E-05
YPL258C,0.310040533,0.102051249,8.10E-06,1.50E-05
YPR121W,0.310040533,0.102051249,8.10E-06,1.50E-05
YBR248C,0.288849344,0.046013732,5.23E-07,1.02E-06
YOR202W,0.310040533,0.102051249,8.10E-06,1.50E-05
YHR216W,0.310040533,0.102051249,8.10E-06,1.50E-05
YLR432W,0.310040533,0.102051249,8.10E-06,1.50E-05
YML056C,0.310040533,0.102051249,8.10E-06,1.50E-05
YBR011C,0.258401907,0.064092523,0.000113951,0.000146811
YMR267W,0.232926131,0.051869229,1.05E-07,3.08E-07
YLR028C,0.240403475,0.071769686,7.16E-07,9.99E-07
YMR120C,0.129864453,0.062747047,7.54E-06,1.58E-05
YDR315C,0.310040533,0.102051249,8.10E-06,1.50E-05
YDR173C,0.310040533,0.102051249,8.10E-06,1.50E-05
YER019W,0.310040533,0.102051249,8.10E-06,1.50E-05
YNL037C,0.195369199,0.043810376,1.03E-05,1.15E-05
YOR136W,0.172714241,0.044749458,1.16E-05,1.86E-05
YLR174W,0.310040533,0.102051249,8.10E-06,1.50E-05
YNL009W,0.310040533,0.102051249,8.10E-06,1.50E-05
YER065C,0.310040533,0.102051249,8.10E-06,1.50E-05
YBL076C,0.394018039,0.06421716,1.47E-06,1.97E-06
YPL040C,0.310040533,0.102051249,8.10E-06,1.50E-05
YPL117C,0.365948373,0.065590676,6.25E-07,1.53E-06
YGR244C,0.178340421,0.101564714,2.31E-06,7.16E-06
YOR142W,0.200851898,0.082663077,8.21E-07,1.34E-06
YBL098W,0.183400538,0.052912443,3.76E-07,7.42E-07
YLR089C,0.270782056,0.081457115,5.74E-07,7.11E-07
YEL046C,0.758077547,0.096858575,8.10E-06,1.50E-05
YMR226C,0.289942143,0.078598827,1.21E-05,2.26E-05
YBR115C,0.310040533,0.102051249,8.10E-06,1.50E-05
YGL154C,0.310040533,0.102051249,8.10E-06,1.50E-05
YDR321W,0.48285351,0.063896546,5.64E-08,9.08E-08
YLR155C,0.310040533,0.102051249,8.10E-06,1.50E-05
YLR157C,0.310040533,0.102051249,8.10E-06,1.50E-05
YLR158C,0.310040533,0.102051249,8.10E-06,1.50E-05
YLR160C,0.310040533,0.102051249,8.10E-06,1.50E-05
YER023W,0.260898134,0.06933726,7.40E-06,1.98E-05
YOL151W,0.304205476,0.126032306,8.65E-07,1.50E-06
YCL064C,0.310040533,0.102051249,8.10E-06,1.50E-05
YER086W,0.372097828,0.084700785,6.97E-07,1.49E-06
YJR078W,0.310040533,0.102051249,8.10E-06,1.50E-05
YDR403W,0.310040533,0.102051249,8.10E-06,1.50E-05
YML004C,0.39083097,0.171387182,2.66E-09,5.00E-09
YHR072W,0.411779989,0.058500295,7.15E-08,9.82E-08
YPL160W,0.394680879,0.064859396,9.20E-07,1.69E-06
YLR382C,0.310040533,0.102051249,8.10E-06,1.50E-05
YNL045W,0.237017558,0.074563608,8.10E-06,1.50E-05
YDR037W,0.310040533,0.102051249,8.10E-06,1.50E-05
YNL073W,0.310040533,0.102051249,8.10E-06,1.50E-05
YKL085W,0.177906786,0.064882892,1.90E-06,3.77E-06
YOL126C,0.310040533,0.102051249,8.10E-06,1.50E-05
YDL078C,0.214199302,0.078967806,5.64E-06,7.46E-06
YIR031C,0.310040533,0.102051249,8.10E-06,1.50E-05
YNL117W,0.310040533,0.102051249,8.10E-06,1.50E-05
YKL029C,0.359471963,0.052964437,1.79E-07,3.50E-07
YOR221C,0.310040533,0.102051249,8.10E-06,1.50E-05
YDL055C,0.224715511,0.0689281,1.31E-06,2.22E-06
YER003C,0.253255065,0.0524235,8.10E-06,1.50E-05
YDR502C,0.453604436,0.068519345,7.49E-05,9.32E-05
YLR180W,0.476623089,0.081431621,4.36E-05,8.62E-05
YBL013W,0.310040533,0.102051249,8.10E-06,1.50E-05
YGR264C,0.487241448,0.066733917,7.63E-07,1.50E-06
YGR171C,0.310040533,0.102051249,8.10E-06,1.50E-05
YKR080W,0.179800653,0.064692262,4.96E-08,1.30E-07
YPR006C,0.310040533,0.102051249,8.10E-06,1.50E-05
YMR208W,0.265299999,0.047016362,8.10E-06,1.50E-05
YNR043W,0.398324397,0.07857681,4.86E-07,1.15E-06
YBR036C,0.310040533,0.102051249,8.10E-06,1.50E-05
YBR161W,0.310040533,0.102051249,8.10E-06,1.50E-05
YPL057C,0.310040533,0.102051249,8.10E-06,1.50E-05
YDR287W,0.310040533,0.102051249,8.10E-06,1.50E-05
YHR046C,0.439162573,0.068300927,3.25E-08,6.67E-08
YJL153C,0.336930332,0.028286642,5.52E-06,1.03E-05
YFL017C,0.245038551,0.066160137,5.92E-07,1.11E-06
YJL071W,0.310040533,0.102051249,8.10E-06,1.50E-05
YMR062C,0.310040533,0.102051249,8.10E-06,1.50E-05
YDR428C,0.336242014,0.158146808,4.01E-07,6.58E-07
YDR402C,0.310040533,0.102051249,8.10E-06,1.50E-05
YGL067W,0.104157141,0.049692387,7.67E-09,1.38E-08
YEL041W,0.310040533,0.102051249,8.10E-06,1.50E-05
YJR049C,0.226543879,0.079965453,8.10E-06,1.50E-05
YPL188W,0.377719522,0.073434193,1.42E-07,2.10E-07
YDL042C,0.310040533,0.102051249,8.10E-06,1.50E-05
YDR191W,0.310040533,0.102051249,8.10E-06,1.50E-05
YOL068C,0.310040533,0.102051249,8.10E-06,1.50E-05
YOR025W,0.310040533,0.102051249,8.10E-06,1.50E-05
YPL015C,0.310040533,0.102051249,8.10E-06,1.50E-05
YHR074W,0.257522388,0.069844024,3.48E-07,6.82E-07
YDL085W,0.310040533,0.102051249,8.10E-06,1.50E-05
YMR145C,0.411514599,0.165367629,3.55E-06,6.24E-06
YML120C,0.142073159,0.08298252,4.10E-07,9.33E-07
YOR209C,0.311970075,0.064578228,6.86E-07,1.36E-06
YGL037C,0.141710554,0.04056949,5.24E-07,1.03E-06
YLR285W,0.310040533,0.102051249,8.10E-06,1.50E-05
YCL047C,0.310040533,0.102051249,8.10E-06,1.50E-05
YLR328W,0.663820338,0.066276979,9.99E-08,2.53E-07
YGR010W,0.310040533,0.102051249,8.10E-06,1.50E-05
YFR047C,0.191338862,0.0805709,1.27E-06,2.91E-06
YEL042W,0.425915328,0.142411633,8.33E-09,1.88E-08
YKL067W,0.192376065,0.064681939,3.36E-06,5.70E-06
YAL035W,0.451269225,0.07293774,1.27E-06,2.20E-06
YLL001W,0.223943888,0.065375146,3.73E-07,6.36E-07
YLL058W,0.310040533,0.102051249,8.10E-06,1.50E-05
YML082W,0.310040533,0.102051249,8.10E-06,1.50E-05
YJL088W,0.310040533,0.102051249,8.10E-06,1.50E-05
YKL184W,0.864759094,0.341250929,4.95E-10,1.15E-09
YLR438W,0.310040533,0.102051249,8.10E-06,1.50E-05
YML106W,0.390354864,0.064680128,8.72E-07,2.67E-06
YMR271C,0.310040533,0.102051249,8.10E-06,1.50E-05
YEL021W,0.310040533,0.102051249,8.10E-06,1.50E-05
YGR277C,0.299571854,0.057410292,2.77E-07,7.12E-07
YDR531W,0.452489154,0.067287481,1.02E-07,2.43E-07
YIL145C,0.310040533,0.102051249,8.10E-06,1.50E-05
YJR019C,0.310040533,0.102051249,8.10E-06,1.50E-05
YFL022C,0.310040533,0.102051249,8.10E-06,1.50E-05
YLR060W,0.396562812,0.062272787,2.02E-07,5.46E-07
YPR047W,0.310040533,0.102051249,8.10E-06,1.50E-05
YDR380W,0.310040533,0.102051249,8.10E-06,1.50E-05
YGL234W,0.230720332,0.072456974,1.80E-06,4.79E-06
YEL058W,0.268529749,0.063364824,4.04E-07,8.32E-07
YPR167C,0.310040533,0.102051249,8.10E-06,1.50E-05
YKR097W,0.310040533,0.102051249,8.10E-06,1.50E-05
YGR007W,0.310040533,0.102051249,8.10E-06,1.50E-05
YMR205C,0.258307828,0.063643041,1.18E-05,1.92E-05
YGR240C,0.269447638,0.054294689,3.83E-06,4.73E-06
YMR105C,0.310040533,0.102051249,8.10E-06,1.50E-05
YKL127W,0.2749839,0.071497413,8.10E-06,1.50E-05
YGR256W,0.310040533,0.102051249,8.10E-06,1.50E-05
YHR183W,0.260659147,0.037322262,1.50E-05,2.49E-05
YER081W,0.310040533,0.102051249,8.10E-06,1.50E-05
YIL074C,0.284277157,0.044613511,1.40E-07,2.43E-07
YCR012W,0.200865624,0.042239445,0.000214206,0.000276186
YOR283W,0.388971887,0.063199935,1.42E-07,5.30E-07
YFL045C,0.351467974,0.064103845,6.01E-06,1.14E-05
YMR220W,0.321203698,0.083551562,2.58E-09,6.43E-09
YIL083C,0.278975988,0.085390095,1.12E-07,2.32E-07
YKL088W,0.288148466,0.063957745,6.91E-08,1.20E-07
YKR072C,0.310040533,0.102051249,8.10E-06,1.50E-05
YOR054C,0.310040533,0.102051249,8.10E-06,1.50E-05
YMR278W,0.223791543,0.05819729,7.41E-08,1.71E-07
YAR015W,0.171204787,0.084191151,1.11E-05,2.18E-05
YOR128C,0.169938893,0.065258694,4.72E-06,8.18E-06
YDR007W,0.310040533,0.102051249,8.10E-06,1.50E-05
YMR300C,0.242350082,0.071182117,1.55E-06,3.04E-06
YER099C,0.345223188,0.064274564,8.10E-06,1.50E-05
YKL181W,0.51899731,0.075776548,4.06E-07,4.02E-07
YHL011C,0.534657439,0.057087773,1.51E-06,2.75E-06
YBL068W,0.310040533,0.102051249,8.10E-06,1.50E-05
YOL061W,0.441693745,0.069872989,5.08E-07,8.96E-07
YGR208W,0.282121715,0.064814577,1.12E-07,1.58E-07
YOR184W,0.241464417,0.061297875,2.08E-06,2.75E-06
YBR183W,0.310040533,0.102051249,8.10E-06,1.50E-05
YDR294C,0.218700454,0.081345889,9.68E-07,1.82E-06
YMR020W,0.310040533,0.102051249,8.10E-06,1.50E-05
YGL040C,0.288838768,0.041610044,3.11E-06,6.18E-06
YNL316C,0.310040533,0.102051249,8.10E-06,1.50E-05
YBR166C,0.316643216,0.069395606,2.26E-07,4.52E-07
YLR142W,0.310040533,0.102051249,8.10E-06,1.50E-05
YHR020W,0.458577448,0.057160602,6.82E-07,5.92E-07
YER014W,0.285186302,0.083246993,8.10E-06,1.50E-05
YDR400W,0.310040533,0.102051249,8.10E-06,1.50E-05
YLR209C,0.257529171,0.057082837,8.10E-06,1.50E-05
YBR035C,0.233165916,0.050685438,1.58E-07,2.69E-07
YBR218C,0.398486488,0.051613467,8.10E-06,1.50E-05
YGL062W,0.670702856,0.065457751,2.81E-06,5.65E-06
YBR221C,0.249483734,0.073667502,4.53E-06,6.36E-06
YER178W,0.249790817,0.080355593,3.15E-06,5.88E-06
YGR193C,0.254213747,0.076775696,8.10E-06,1.50E-05
YNL071W,0.224734418,0.066845834,3.00E-06,5.74E-06
YAL038W,0.233925194,0.0594551,0.000118307,0.000220594
YOR347C,0.074963077,0.090036221,1.66E-05,2.24E-05
YDR236C,0.209068715,0.429198882,7.35E-08,1.49E-07
YOL143C,0.249919123,0.084085904,1.28E-07,2.66E-07
YBR256C,0.245816636,0.034677038,8.10E-06,1.50E-05
YER070W,0.310040533,0.102051249,8.10E-06,1.50E-05
YGR180C,0.215987316,0.056564604,8.65E-06,2.66E-05
YIL066C,0.310040533,0.102051249,8.10E-06,1.50E-05
YJL026W,0.25567937,0.089461363,1.31E-06,2.35E-06
YOR095C,0.310040533,0.102051249,8.10E-06,1.50E-05
YNL129W,0.322727703,0.065141555,1.21E-07,2.46E-07
YJL121C,0.374374633,0.063555509,4.90E-07,1.70E-06
YML008C,0.405930495,0.069135174,8.78E-06,2.80E-05
YJL068C,0.310040533,0.102051249,8.10E-06,1.50E-05
YIR034C,0.144512742,0.029338495,7.33E-06,6.75E-06
YNR050C,0.14139254,0.065228234,8.10E-06,1.50E-05
YDL040C,0.324359924,0.059468618,8.53E-08,2.38E-07
YGR147C,0.310040533,0.102051249,8.10E-06,1.50E-05
YHR013C,0.365388513,0.07325981,9.08E-08,2.52E-07
YBR058C-A,0.310040533,0.102051249,8.10E-06,1.50E-05
YDR062W,0.326304067,0.080568849,8.10E-06,1.50E-05
YMR296C,0.352018832,0.061466219,4.46E-08,3.75E-07
YDR023W,0.400956768,0.066324606,1.63E-06,2.51E-06
YHR011W,0.310040533,0.102051249,8.10E-06,1.50E-05
YBR213W,0.310040533,0.102051249,8.10E-06,1.50E-05
YPR069C,0.378522687,0.056300516,2.19E-07,3.72E-07
YLR146C,0.310040533,0.102051249,8.10E-06,1.50E-05
YJL134W,0.310040533,0.102051249,8.10E-06,1.50E-05
YKR053C,0.310040533,0.102051249,8.10E-06,1.50E-05
YLR260W,0.293796841,0.090575519,7.81E-09,1.56E-08
YOR171C,0.422390926,0.139850527,1.19E-07,2.35E-07
YGR175C,0.708356556,0.499514774,8.10E-06,1.50E-05
YHR190W,0.270662346,0.067795025,7.37E-06,1.12E-05
YDR178W,0.173769304,0.118876287,3.74E-06,7.82E-06
YJL045W,0.310040533,0.102051249,8.10E-06,1.50E-05
YKL141W,0.193918016,0.173469806,2.97E-07,7.16E-07
YLL041C,0.216209246,0.058978651,4.89E-06,9.68E-06
YKL148C,0.199309941,0.067823815,2.25E-06,5.81E-06
YLR164W,0.310040533,0.102051249,8.10E-06,1.50E-05
YBR006W,0.240097566,0.094987959,8.10E-06,1.50E-05
YIL162W,0.224609085,0.067572496,1.27E-06,2.22E-06
YJR010W,0.310040533,0.102051249,8.10E-06,1.50E-05
YFR030W,0.470205915,0.087957393,2.64E-06,6.83E-06
YJR137C,0.408833195,0.067436477,3.24E-06,5.64E-06
YLL057C,0.310040533,0.102051249,8.10E-06,1.50E-05
YKL132C,0.310040533,0.102051249,8.10E-06,1.50E-05
YOR241W,0.283399694,0.069402318,1.25E-07,2.77E-07
YOR143C,0.43346933,0.066691476,1.45E-07,2.31E-07
YIL010W,0.223810378,0.109593754,4.63E-07,9.07E-07
YDR353W,0.324422069,0.08961392,9.45E-06,1.65E-05
YHR106W,0.183344462,0.080161554,8.10E-06,1.50E-05
YIL078W,0.408291607,0.070259569,1.74E-06,5.55E-06
YKL194C,0.310040533,0.102051249,8.10E-06,1.50E-05
YOR074C,0.2660555,0.066733403,5.05E-07,9.25E-07
YBR003W,0.222702037,0.090362339,3.44E-07,5.90E-07
YGR043C,0.310040533,0.102051249,8.10E-06,1.50E-05
YLR354C,0.21848486,0.034164738,9.42E-05,0.000186455
YBR117C,0.310040533,0.102051249,8.10E-06,1.50E-05
YPR074C,0.34571409,0.051393535,2.54E-06,6.68E-06
YDR050C,0.225508619,0.061866488,0.000149974,0.000249874
YGL026C,0.283419193,0.049281495,1.75E-06,4.44E-06
YOL097C,0.438003965,0.060825808,5.78E-07,1.44E-06
YDR268W,0.310040533,0.102051249,8.10E-06,1.50E-05
YGR185C,0.402615288,0.065162376,3.38E-06,7.07E-06
YPL097W,0.310040533,0.102051249,8.10E-06,1.50E-05
YLR189C,0.459587125,0.070890682,1.18E-08,3.12E-08
YDL103C,0.265640589,0.060634735,5.79E-07,1.50E-06
YBR019C,0.310040533,0.102051249,8.10E-06,1.50E-05
YKL024C,0.398806219,0.047946498,8.10E-06,1.50E-05
YHR128W,0.310040533,0.102051249,8.10E-06,1.50E-05
YIR032C,0.310040533,0.102051249,8.10E-06,1.50E-05
YDR020C,0.342306644,0.078562044,3.03E-07,4.99E-07
YDR047W,0.223935832,0.01612682,1.62E-07,4.26E-07
YKR069W,0.310040533,0.102051249,8.10E-06,1.50E-05
YOR278W,0.326994146,0.917833695,1.07E-07,1.68E-07
YHL012W,0.310040533,0.102051249,8.10E-06,1.50E-05
YKL035W,0.170005708,0.063675782,1.51E-06,2.75E-06
YGR094W,0.428275828,0.057212878,2.94E-07,8.05E-07
YJR133W,0.276593187,0.091506716,8.37E-07,1.65E-06
YLR070C,0.310040533,0.102051249,8.10E-06,1.50E-05
YGR194C,0.059867695,0.068977899,1.02E-07,1.82E-07
YFL001W,0.310040533,0.102051249,8.10E-06,1.50E-05
YGL063W,0.310040533,0.102051249,8.10E-06,1.50E-05
YNL292W,0.473093644,0.070134066,1.04E-07,1.57E-07
YPL212C,0.501587472,0.075181026,2.30E-07,5.12E-07
YEL029C,0.310040533,0.102051249,8.10E-06,1.50E-05
YKR043C,0.387743375,0.051326708,2.78E-07,3.63E-07
YDL066W,0.271561367,0.075351553,1.89E-06,3.48E-06
YKL182W,0.291771189,0.057229601,6.40E-06,1.72E-05
YPL231W,0.290579095,0.058649733,6.74E-06,1.35E-05
YER061C,0.310040533,0.102051249,8.10E-06,1.50E-05
YKL055C,0.310040533,0.102051249,8.10E-06,1.50E-05
YHR067W,0.310040533,0.102051249,8.10E-06,1.50E-05
YBR026C,0.181120778,0.085624033,1.48E-06,4.99E-06
YJL196C,0.310040533,0.102051249,8.10E-06,1.50E-05
YLR372W,0.371561352,0.07933547,8.82E-07,2.85E-06
YBR159W,0.310040533,0.102051249,8.10E-06,1.50E-05
YJL097W,0.310040533,0.102051249,8.10E-06,1.50E-05
YDL015C,0.287807612,0.063111892,1.79E-06,4.06E-06
YGL055W,0.338107096,0.106564269,5.52E-08,9.29E-08
YOR317W,0.268448204,0.089429934,6.47E-06,1.02E-05
YMR246W,0.391401783,0.127655435,1.33E-06,1.97E-06
YIL009W,0.310040533,0.102051249,8.10E-06,1.50E-05
YBR041W,0.11351939,0.070242495,4.37E-08,1.43E-07
YLR284C,0.345945042,0.083522587,8.10E-06,1.50E-05
YOR180C,0.310040533,0.102051249,8.10E-06,1.50E-05
YNL202W,0.310040533,0.102051249,8.10E-06,1.50E-05
YBL011W,0.316045867,0.091383217,5.13E-08,9.51E-08
YKR067W,0.199695538,0.101958164,9.72E-08,1.19E-07
YIL124W,0.205567198,0.086952143,8.10E-06,1.50E-05
YOR175C,0.035556639,0.034732033,3.69E-07,7.14E-07
YDL052C,0.251203578,0.083791157,6.48E-07,7.77E-07
YKR089C,0.310040533,0.102051249,8.10E-06,1.50E-05
YOR081C,0.310040533,0.102051249,8.10E-06,1.50E-05
YMR165C,0.312180226,0.082814431,3.32E-08,6.45E-08
YDR284C,0.310040533,0.102051249,8.10E-06,1.50E-05
YDR503C,0.310040533,0.102051249,8.10E-06,1.50E-05
YOR245C,0.310040533,0.102051249,8.10E-06,1.50E-05
YBR029C,0.449177124,0.095423295,3.28E-07,6.73E-07
YER026C,0.310040533,0.102051249,8.10E-06,1.50E-05
YPR113W,0.2640817,0.084176561,4.58E-07,9.07E-07
YBR042C,0.310040533,0.102051249,8.10E-06,1.50E-05
YNL169C,0.398257926,0.154705089,1.59E-07,3.23E-07
YGR170W,0.310040533,0.102051249,8.10E-06,1.50E-05
YGR157W,0.356769304,0.091859623,8.10E-06,1.50E-05
YJR073C,0.310040533,0.102051249,8.10E-06,1.50E-05
YOR311C,0.310040533,0.102051249,8.10E-06,1.50E-05
YHR123W,0.310040533,0.102051249,8.10E-06,1.50E-05
YNL130C,0.269397372,0.073233942,4.54E-07,5.09E-07
YCL004W,0.310040533,0.102051249,8.10E-06,1.50E-05
YHR100C,0.310040533,0.102051249,8.10E-06,1.50E-05
YDL142C,0.310040533,0.102051249,8.10E-06,1.50E-05
YGR110W,0.310040533,0.102051249,8.10E-06,1.50E-05
YPR140W,0.310040533,0.102051249,8.10E-06,1.50E-05
YJL100W,0.310040533,0.102051249,8.10E-06,1.50E-05
YLR305C,0.295933066,0.082742245,8.10E-06,1.50E-05
YDR373W,0.433224496,0.157314247,4.35E-08,1.41E-07
YNL267W,0.184868197,0.076780952,1.80E-08,3.32E-08
YBR097W,0.310040533,0.102051249,8.10E-06,1.50E-05
YLR240W,0.310040533,0.102051249,8.10E-06,1.50E-05
YDR208W,0.661438519,0.194976848,1.16E-08,1.83E-08
YFR019W,0.310040533,0.102051249,8.10E-06,1.50E-05
YNR008W,0.310040533,0.102051249,8.10E-06,1.50E-05
YML059C,0.310040533,0.102051249,8.10E-06,1.50E-05
YMR008C,0.310040533,0.102051249,8.10E-06,1.50E-05
YMR006C,0.310040533,0.102051249,8.10E-06,1.50E-05
YOL011W,0.310040533,0.102051249,8.10E-06,1.50E-05
YPL268W,0.310040533,0.102051249,8.10E-06,1.50E-05
YPL206C,0.310040533,0.102051249,8.10E-06,1.50E-05
YKR031C,0.310040533,0.102051249,8.10E-06,1.50E-05
YNL106C,0.568098435,0.056888365,1.80E-08,2.42E-08
YOR109W,0.289860645,0.065907185,1.30E-07,2.25E-07
YJR110W,0.310040533,0.102051249,8.10E-06,1.50E-05
YKL212W,0.299542901,0.061808452,8.10E-06,1.50E-05
YIL002C,0.310040533,0.102051249,8.10E-06,1.50E-05
YOL065C,0.310040533,0.102051249,8.10E-06,1.50E-05
YLR386W,0.313605214,0.067537601,2.82E-07,5.47E-07
YNL325C,0.310040533,0.102051249,8.10E-06,1.50E-05
YKL140W,0.310040533,0.102051249,8.10E-06,1.50E-05
YLL012W,0.310040533,0.102051249,8.10E-06,1.50E-05
YLR020C,0.310040533,0.102051249,8.10E-06,1.50E-05
YBR204C,0.310040533,0.102051249,8.10E-06,1.50E-05
YMR313C,0.310040533,0.102051249,8.10E-06,1.50E-05
YCR068W,0.310040533,0.102051249,8.10E-06,1.50E-05
YDR058C,0.310040533,0.102051249,8.10E-06,1.50E-05
YKL094W,0.253412417,0.059963163,8.10E-06,1.50E-05
YDR135C,0.310040533,0.102051249,8.10E-06,1.50E-05
YLL048C,0.369004251,0.058792506,2.01E-07,3.59E-07
YBR127C,0.246376461,0.072070155,7.90E-06,1.42E-05
YDL185W,0.253830931,0.079040808,8.10E-06,1.50E-05
YEL027W,0.310040533,0.102051249,8.10E-06,1.50E-05
YEL051W,0.293321836,0.056150102,1.08E-06,1.96E-06
YGR020C,0.310040533,0.102051249,8.10E-06,1.50E-05
YHR026W,0.310040533,0.102051249,8.10E-06,1.50E-05
YHR039C-A,0.310040533,0.102051249,8.10E-06,1.50E-05
YKL080W,0.263432013,0.060289238,9.99E-07,9.63E-07
YLR447C,0.261744483,0.069166563,8.10E-06,1.50E-05
YMR054W,0.479970389,0.088323397,1.27E-07,2.30E-07
YOR332W,0.272364273,0.07348644,1.52E-05,2.62E-05
YPL234C,0.310040533,0.102051249,8.10E-06,1.50E-05
YPR036W,0.245780487,0.061440558,3.47E-06,5.90E-06
YOR270C,0.250520309,0.053931258,1.11E-06,2.09E-06
YOR222W,0.272532851,0.070972922,2.22E-06,3.34E-06
YPL134C,0.310040533,0.102051249,8.10E-06,1.50E-05
YDL210W,0.310040533,0.102051249,8.10E-06,1.50E-05
YOR348C,0.310040533,0.102051249,8.10E-06,1.50E-05
YNR056C,0.310040533,0.102051249,8.10E-06,1.50E-05
YCR010C,0.310040533,0.102051249,8.10E-06,1.50E-05
YER056C,0.310040533,0.102051249,8.10E-06,1.50E-05
YER060W,0.310040533,0.102051249,8.10E-06,1.50E-05
YER060W-A,0.310040533,0.102051249,8.10E-06,1.50E-05
YGL186C,0.310040533,0.102051249,8.10E-06,1.50E-05
YAL022C,0.310040533,0.102051249,8.10E-06,1.50E-05
YBL030C,0.310040533,0.102051249,8.10E-06,1.50E-05
YBR085W,0.310040533,0.102051249,8.10E-06,1.50E-05
YMR056C,0.310040533,0.102051249,8.10E-06,1.50E-05
YPR128C,0.310040533,0.102051249,8.10E-06,1.50E-05
YMR241W,0.262480186,0.08411475,1.69E-05,5.06E-05
YJR152W,0.310040533,0.102051249,8.10E-06,1.50E-05
YIR028W,0.310040533,0.102051249,8.10E-06,1.50E-05
YDR384C,0.310040533,0.102051249,8.10E-06,1.50E-05
YGR121C,0.310040533,0.102051249,8.10E-06,1.50E-05
YNL142W,0.310040533,0.102051249,8.10E-06,1.50E-05
YPR138C,0.310040533,0.102051249,8.10E-06,1.50E-05
YPR021C,0.310040533,0.102051249,8.10E-06,1.50E-05
YGR065C,0.310040533,0.102051249,8.10E-06,1.50E-05
YOR100C,0.310040533,0.102051249,8.10E-06,1.50E-05
YGL077C,0.310040533,0.102051249,8.10E-06,1.50E-05
YBR291C,0.208455523,0.10224497,2.76E-06,4.06E-06
YHR002W,0.310040533,0.102051249,8.10E-06,1.50E-05
YBR192W,0.310040533,0.102051249,8.10E-06,1.50E-05
YDR536W,0.310040533,0.102051249,8.10E-06,1.50E-05
YFL011W,0.310040533,0.102051249,8.10E-06,1.50E-05
YJL219W,0.310040533,0.102051249,8.10E-06,1.50E-05
YLR081W,0.310040533,0.102051249,8.10E-06,1.50E-05
YNL318C,0.310040533,0.102051249,8.10E-06,1.50E-05
YOL156W,0.310040533,0.102051249,8.10E-06,1.50E-05
YKL217W,0.310040533,0.102051249,8.10E-06,1.50E-05
YDL245C,0.310040533,0.102051249,8.10E-06,1.50E-05
YDR342C,0.310040533,0.102051249,8.10E-06,1.50E-05
YDR343C,0.310040533,0.102051249,8.10E-06,1.50E-05
YDR345C,0.310040533,0.102051249,8.10E-06,1.50E-05
YEL069C,0.310040533,0.102051249,8.10E-06,1.50E-05
YHR092C,0.310040533,0.102051249,8.10E-06,1.50E-05
YHR094C,0.310040533,0.102051249,8.10E-06,1.50E-05
YHR096C,0.310040533,0.102051249,8.10E-06,1.50E-05
YJL214W,0.310040533,0.102051249,8.10E-06,1.50E-05
YJR158W,0.310040533,0.102051249,8.10E-06,1.50E-05
YMR011W,1.100021199,0.619879306,5.94E-07,1.22E-06
YNR072W,0.310040533,0.102051249,8.10E-06,1.50E-05
YIL013C,0.310040533,0.102051249,8.10E-06,1.50E-05
YOR011W,0.310040533,0.102051249,8.10E-06,1.50E-05
YIL134W,0.310040533,0.102051249,8.10E-06,1.50E-05
YGL225W,0.310040533,0.102051249,8.10E-06,1.50E-05
YDL247W,0.310040533,0.102051249,8.10E-06,1.50E-05
YJR160C,0.310040533,0.102051249,8.10E-06,1.50E-05
YDR387C,0.310040533,0.102051249,8.10E-06,1.50E-05
YJL212C,0.310040533,0.102051249,8.10E-06,1.50E-05
YLL015W,0.442634306,0.165632938,8.10E-06,1.50E-05
YCR098C,0.310040533,0.102051249,8.10E-06,1.50E-05
YGL084C,0.310040533,0.102051249,8.10E-06,1.50E-05
YPL189W,0.310040533,0.102051249,8.10E-06,1.50E-05
YFL054C,0.310040533,0.102051249,8.10E-06,1.50E-05
YLL043W,0.310040533,0.102051249,8.10E-06,1.50E-05
YCL025C,0.310040533,0.102051249,8.10E-06,1.50E-05
YKR039W,0.310040533,0.102051249,8.10E-06,1.50E-05
YOL020W,0.310040533,0.102051249,8.10E-06,1.50E-05
YPL265W,0.310040533,0.102051249,8.10E-06,1.50E-05
YDL198C,0.316970992,0.052610033,6.08E-06,8.37E-06
YDR497C,1.600285543,1.884290476,9.71E-08,2.06E-07
YOL103W,0.310040533,0.102051249,8.10E-06,1.50E-05
YMR319C,0.310040533,0.102051249,8.10E-06,1.50E-05
YMR058W,0.275078169,0.288965199,9.60E-09,1.68E-08
YJL133W,0.310040533,0.102051249,8.10E-06,1.50E-05
YKR052C,0.310040533,0.102051249,8.10E-06,1.50E-05
YBR068C,0.310040533,0.102051249,8.10E-06,1.50E-05
YDR046C,0.310040533,0.102051249,8.10E-06,1.50E-05
YEL063C,0.310040533,0.102051249,8.10E-06,1.50E-05
YNL270C,0.310040533,0.102051249,8.10E-06,1.50E-05
YOL092W,0.310040533,0.102051249,8.10E-06,1.50E-05
YBR293W,0.310040533,0.102051249,8.10E-06,1.50E-05
YDR508C,0.310040533,0.102051249,8.10E-06,1.50E-05
YJR001W,0.310040533,0.102051249,8.10E-06,1.50E-05
YKL146W,0.310040533,0.102051249,8.10E-06,1.50E-05
YNL101W,0.310040533,0.102051249,8.10E-06,1.50E-05
YER119C,0.310040533,0.102051249,8.10E-06,1.50E-05
YFL055W,0.310040533,0.102051249,8.10E-06,1.50E-05
YBR132C,0.310040533,0.102051249,8.10E-06,1.50E-05
YBR069C,0.310040533,0.102051249,8.10E-06,1.50E-05
YCR075C,0.310040533,0.102051249,8.10E-06,1.50E-05
YCL069W,0.310040533,0.102051249,8.10E-06,1.50E-05
YMR088C,0.310040533,0.102051249,8.10E-06,1.50E-05
YGR191W,0.310040533,0.102051249,8.10E-06,1.50E-05
YCL038C,0.310040533,0.102051249,8.10E-06,1.50E-05
YNL268W,0.310040533,0.102051249,8.10E-06,1.50E-05
YGR055W,1.164790161,1.214926117,8.10E-06,1.50E-05
YHL036W,0.310040533,0.102051249,8.10E-06,1.50E-05
YDR105C,0.310040533,0.102051249,8.10E-06,1.50E-05
YLR348C,0.310040533,0.102051249,8.10E-06,1.50E-05
YBR298C,0.310040533,0.102051249,8.10E-06,1.50E-05
YGR289C,0.310040533,0.102051249,8.10E-06,1.50E-05
YBR180W,0.310040533,0.102051249,8.10E-06,1.50E-05
YEL006W,0.310040533,0.102051249,8.10E-06,1.50E-05
YIL006W,0.310040533,0.102051249,8.10E-06,1.50E-05
YGR260W,0.788144377,0.45015608,1.37E-08,2.60E-08
YKL188C,0.310040533,0.102051249,8.10E-06,1.50E-05
YPL147W,0.310040533,0.102051249,8.10E-06,1.50E-05
YOR130C,0.310040533,0.102051249,8.10E-06,1.50E-05
YKL120W,0.310040533,0.102051249,8.10E-06,1.50E-05
YCR028C,0.310040533,0.102051249,8.10E-06,1.50E-05
YBR296C,0.310040533,0.102051249,8.10E-06,1.50E-05
YCR037C,0.310040533,0.102051249,8.10E-06,1.50E-05
YJL198W,0.310040533,0.102051249,8.10E-06,1.50E-05
YML123C,0.310040533,0.102051249,8.10E-06,1.50E-05
YNR013C,0.3390819,0.075805819,5.52E-08,9.83E-08
YER053C,0.187143399,0.066665626,5.22E-07,6.46E-07
YJR077C,0.353529286,0.088227938,7.04E-06,1.76E-05
YDR456W,0.310040533,0.102051249,8.10E-06,1.50E-05
YJL129C,0.310040533,0.102051249,8.10E-06,1.50E-05
YKL174C,0.310040533,0.102051249,8.10E-06,1.50E-05
YLL028W,0.310040533,0.102051249,8.10E-06,1.50E-05
YOR273C,0.310040533,0.102051249,8.10E-06,1.50E-05
YPL274W,0.645069183,0.177119076,8.10E-06,1.50E-05
YNL003C,0.310040533,0.102051249,8.10E-06,1.50E-05
YLL061W,0.310040533,0.102051249,8.10E-06,1.50E-05
YLR138W,0.310040533,0.102051249,8.10E-06,1.50E-05
YHL016C,0.310040533,0.102051249,8.10E-06,1.50E-05
YGR138C,0.310040533,0.102051249,8.10E-06,1.50E-05
YPR156C,0.112446658,0.097711744,3.92E-09,7.23E-09
YJR095W,0.310040533,0.102051249,8.10E-06,1.50E-05
YBR294W,0.310040533,0.102051249,8.10E-06,1.50E-05
YLR092W,0.310040533,0.102051249,8.10E-06,1.50E-05
YPL092W,0.310040533,0.102051249,8.10E-06,1.50E-05
YGR096W,0.310040533,0.102051249,8.10E-06,1.50E-05
YLR237W,0.310040533,0.102051249,8.10E-06,1.50E-05
YOR071C,0.310040533,0.102051249,8.10E-06,1.50E-05
YOR192C,0.310040533,0.102051249,8.10E-06,1.50E-05
YPL244C,0.310040533,0.102051249,8.10E-06,1.50E-05
YBR021W,0.310040533,0.102051249,8.10E-06,1.50E-05
YBL042C,0.310040533,0.102051249,8.10E-06,1.50E-05
YLL052C,0.310040533,0.102051249,8.10E-06,1.50E-05
YPR192W,0.310040533,0.102051249,8.10E-06,1.50E-05
YBR147W,0.310040533,0.102051249,8.10E-06,1.50E-05
YGL080W,0.310040533,0.102051249,8.10E-06,1.50E-05
YGR243W,0.310040533,0.102051249,8.10E-06,1.50E-05
YHR162W,0.310040533,0.102051249,8.10E-06,1.50E-05
YDR072C,0.310040533,0.102051249,8.10E-06,1.50E-05
YDR367W,0.371688689,0.048223732,2.18E-07,3.70E-07
YKL004W,0.310040533,0.102051249,8.10E-06,1.50E-05
YFL058W,0.310040533,0.102051249,8.10E-06,1.50E-05
YPR011C,0.310040533,0.102051249,8.10E-06,1.50E-05
YNL036W,1.491211464,1.484436389,1.54E-06,2.71E-06
YOR161C,0.310040533,0.102051249,8.10E-06,1.50E-05
YDR071C,0.317313062,0.065089926,9.78E-06,2.23E-05
YNL065W,0.310040533,0.102051249,8.10E-06,1.50E-05
YBR241C,0.310040533,0.102051249,8.10E-06,1.50E-05
YGL104C,0.310040533,0.102051249,8.10E-06,1.50E-05
YPR058W,0.386174329,0.073812183,1.80E-06,3.02E-06
YNR027W,0.310040533,0.102051249,8.10E-06,1.50E-05
YOR306C,0.310040533,0.102051249,8.10E-06,1.50E-05
YDL024C,0.310040533,0.102051249,8.10E-06,1.50E-05
YLL053C,0.310040533,0.102051249,8.10E-06,1.50E-05
YIL048W,0.310040533,0.102051249,8.10E-06,1.50E-05
YMR162C,0.310040533,0.102051249,8.10E-06,1.50E-05
YAL026C,0.386453222,0.076111732,1.43E-08,2.10E-08
YAL039C,0.23009964,0.057190173,3.22E-07,4.04E-07
YKL087C,0.310040533,0.102051249,8.10E-06,1.50E-05
YAL061W,0.310040533,0.102051249,8.10E-06,1.50E-05
YBL080C,0.310040533,0.102051249,8.10E-06,1.50E-05
YBL091C,0.276948977,0.070805116,2.62E-08,6.33E-08
YLR244C,0.63521848,0.093132973,8.10E-06,1.50E-05
YBR022W,0.310040533,0.102051249,8.10E-06,1.50E-05
YMR087W,0.310040533,0.102051249,8.10E-06,1.50E-05
YBR046C,0.200331119,0.090742259,3.79E-08,9.12E-08
YBR070C,0.310040533,0.102051249,8.10E-06,1.50E-05
YGL047W,0.310040533,0.102051249,8.10E-06,1.50E-05
YBR111C,0.310040533,0.102051249,8.10E-06,1.50E-05
YDR352W,0.310040533,0.102051249,8.10E-06,1.50E-05
YBR222C,0.210479867,0.055269782,8.10E-06,1.50E-05
YBR229C,0.266644089,0.157552929,4.90E-09,7.02E-09
YBR235W,0.310040533,0.102051249,8.10E-06,1.50E-05
YBR243C,0.310040533,0.102051249,8.10E-06,1.50E-05
YBR281C,0.364108339,0.063109364,2.51E-07,4.23E-07
YNL191W,0.310040533,0.102051249,8.10E-06,1.50E-05
YBR295W,0.310040533,0.102051249,8.10E-06,1.50E-05
YCL017C,0.346706673,0.10775706,5.15E-07,1.20E-06
YCR011C,0.16082467,0.040456588,8.10E-06,1.50E-05
YCR107W,0.310040533,0.102051249,8.10E-06,1.50E-05
YDL243C,0.310040533,0.102051249,8.10E-06,1.50E-05
YJR155W,0.310040533,0.102051249,8.10E-06,1.50E-05
YNL331C,0.310040533,0.102051249,8.10E-06,1.50E-05
YOL165C,0.310040533,0.102051249,8.10E-06,1.50E-05
YPL088W,0.310040533,0.102051249,8.10E-06,1.50E-05
YEL031W,0.296621893,0.059293672,2.31E-07,3.69E-07
YEL070W,0.310040533,0.102051249,8.10E-06,1.50E-05
YNR073C,0.310040533,0.102051249,8.10E-06,1.50E-05
YER010C,0.173304485,0.068927689,5.04E-07,8.96E-07
YER042W,0.431196955,0.067783887,8.10E-06,1.50E-05
YER087W,0.310040533,0.102051249,8.10E-06,1.50E-05
YER163C,0.308687846,0.068783435,1.37E-08,2.01E-08
YHL018W,0.310040533,0.102051249,8.10E-06,1.50E-05
YHR008C,0.201673523,0.089373305,8.10E-06,1.50E-05
YHR043C,0.310040533,0.102051249,8.10E-06,1.50E-05
YHR044C,0.310040533,0.102051249,8.10E-06,1.50E-05
YHR109W,0.310040533,0.102051249,8.10E-06,1.50E-05
YHR119W,0.310040533,0.102051249,8.10E-06,1.50E-05
YDR440W,0.310040533,0.102051249,8.10E-06,1.50E-05
YJL168C,0.493809088,0.127486949,5.05E-08,4.40E-08
YIL023C,0.310040533,0.102051249,8.10E-06,1.50E-05
YMR243C,0.310040533,0.102051249,8.10E-06,1.50E-05
YOR316C,0.538999681,0.224335448,8.38E-08,2.06E-07
YIL043C,0.342121554,0.073631552,9.73E-07,8.56E-07
YML125C,0.428926331,0.075049929,1.43E-07,1.71E-07
YKL150W,0.157867911,0.091276574,1.27E-06,2.10E-06
YIR036C,0.161764655,0.064464116,1.64E-06,2.34E-06
YIR038C,0.165473055,0.099988731,4.03E-06,2.94E-06
YMR251W,0.310040533,0.102051249,8.10E-06,1.50E-05
YKR076W,0.113611347,0.142780699,6.22E-07,5.99E-07
YLL060C,0.310040533,0.102051249,8.10E-06,1.50E-05
YKL069W,0.27580344,0.078061106,8.10E-06,1.50E-05
YKL103C,0.084859038,0.041686444,1.58E-06,2.79E-06
YKL215C,0.245452182,0.067006285,1.64E-07,4.09E-07
YKL218C,0.310040533,0.102051249,8.10E-06,1.50E-05
YGR154C,0.310040533,0.102051249,8.10E-06,1.50E-05
YFL061W,0.310040533,0.102051249,8.10E-06,1.50E-05
YNL335W,0.310040533,0.102051249,8.10E-06,1.50E-05
YFL059W,0.310040533,0.102051249,8.10E-06,1.50E-05
YNL333W,0.310040533,0.102051249,8.10E-06,1.50E-05
YFR044C,0.245505575,0.064257582,8.10E-06,1.50E-05
YDL120W,0.36287338,0.140393907,9.17E-08,2.14E-07
YDL219W,0.310040533,0.102051249,8.10E-06,1.50E-05
YDL236W,0.366845722,0.073751199,9.00E-08,1.46E-07
YDR009W,0.310040533,0.102051249,8.10E-06,1.50E-05
YDR036C,0.301426906,0.092765627,1.01E-06,1.85E-06
YDR038C,0.310040533,0.102051249,8.10E-06,1.50E-05
YDR039C,0.310040533,0.102051249,8.10E-06,1.50E-05
YDR040C,0.310040533,0.102051249,8.10E-06,1.50E-05
YDR051C,0.317285338,0.077095376,8.10E-06,1.50E-05
YOL075C,0.310040533,0.102051249,8.10E-06,1.50E-05
YDR111C,0.163142848,0.131019385,9.03E-09,1.73E-08
YDR248C,0.226769101,0.065564495,8.10E-06,1.50E-05
YDR410C,0.310040533,0.102051249,8.10E-06,1.50E-05
YDR437W,0.310040533,0.102051249,8.10E-06,1.50E-05
YGR216C,0.310040533,0.102051249,8.10E-06,1.50E-05
YNL038W,0.310040533,0.102051249,8.10E-06,1.50E-05
YPL076W,0.310040533,0.102051249,8.10E-06,1.50E-05
YPL096C-A,0.310040533,0.102051249,8.10E-06,1.50E-05
YPL175W,0.310040533,0.102051249,8.10E-06,1.50E-05
YDR533C,0.088520195,0.022240307,8.20E-07,1.07E-06
YMR322C,0.310040533,0.102051249,8.10E-06,1.50E-05
YOR391C,0.310040533,0.102051249,8.10E-06,1.50E-05
YPL280W,0.310040533,0.102051249,8.10E-06,1.50E-05
YGL006W,0.035607239,0.115484726,8.10E-06,1.50E-05
YGL167C,0.30135302,0.067918584,8.10E-06,1.50E-05
YGL017W,0.310040533,0.102051249,8.10E-06,1.50E-05
YGL022W,0.305805712,0.082967005,1.38E-07,2.07E-07
YGL027C,0.33868701,0.112159121,1.46E-07,2.71E-07
YGL038C,0.169191768,0.188400469,4.06E-08,8.28E-08
YGL065C,0.131060053,0.077602893,9.48E-09,1.96E-08
YGL156W,0.310040533,0.102051249,8.10E-06,1.50E-05
YGL169W,0.310040533,0.102051249,8.10E-06,1.50E-05
YGL196W,0.414475624,0.051387706,3.50E-07,6.24E-07
YGR012W,0.217798272,0.059996276,8.10E-06,1.50E-05
YGR036C,0.310040533,0.102051249,8.10E-06,1.50E-05
YGR046W,0.310040533,0.102051249,8.10E-06,1.50E-05
YGR144W,0.310040533,0.102051249,8.10E-06,1.50E-05
YGR227W,0.310040533,0.102051249,8.10E-06,1.50E-05
YGR234W,0.274580834,0.040683262,3.09E-06,6.07E-06
YJL046W,0.310040533,0.102051249,8.10E-06,1.50E-05
YJL126W,0.310040533,0.102051249,8.10E-06,1.50E-05
YJR040W,0.310040533,0.102051249,8.10E-06,1.50E-05
YJR051W,0.253551977,0.086753162,5.75E-08,9.60E-08
YJR104C,0.341318469,0.112079577,0.000443233,0.000900986
YJR131W,0.232910493,0.080117506,3.14E-09,6.23E-09
YLR057W,0.310040533,0.102051249,8.10E-06,1.50E-05
YJR149W,0.310040533,0.102051249,8.10E-06,1.50E-05
YLR047C,0.310040533,0.102051249,8.10E-06,1.50E-05
YKL220C,0.310040533,0.102051249,8.10E-06,1.50E-05
YLR214W,0.310040533,0.102051249,8.10E-06,1.50E-05
YNR060W,0.310040533,0.102051249,8.10E-06,1.50E-05
YOL152W,0.310040533,0.102051249,8.10E-06,1.50E-05
YOR381W,0.310040533,0.102051249,8.10E-06,1.50E-05
YOR384W,0.310040533,0.102051249,8.10E-06,1.50E-05
YLL051C,0.310040533,0.102051249,8.10E-06,1.50E-05
YLR099C,0.310040533,0.102051249,8.10E-06,1.50E-05
YPR139C,0.311799835,0.052854222,1.14E-08,2.57E-08
YLR143W,0.37821819,0.069189071,3.61E-08,8.26E-08
YLR151C,0.310040533,0.102051249,8.10E-06,1.50E-05
YLR239C,0.310040533,0.102051249,8.10E-06,1.50E-05
YMR099C,0.249294622,0.068533437,6.04E-07,1.19E-06
YMR210W,0.310040533,0.102051249,8.10E-06,1.50E-05
YNL048W,0.23868205,0.079054303,9.04E-08,2.38E-07
YNL092W,0.310040533,0.102051249,8.10E-06,1.50E-05
YNL219C,0.342917646,0.057097225,1.45E-07,3.02E-07
YNL274C,0.147597623,0.052152365,1.27E-06,3.55E-06
YNR030W,0.225139984,0.072015464,1.70E-07,2.53E-07
YOL157C,0.310040533,0.102051249,8.10E-06,1.50E-05
YOR002W,0.310040533,0.102051249,8.10E-06,1.50E-05
YOR067C,0.310040533,0.102051249,8.10E-06,1.50E-05
YOR149C,0.310040533,0.102051249,8.10E-06,1.50E-05
YOR196C,1.08050775,0.150481902,8.10E-06,1.50E-05
YOR226C,0.310040533,0.102051249,8.10E-06,1.50E-05
YPL135W,0.310040533,0.102051249,8.10E-06,1.50E-05
YOR251C,0.348048103,0.070499834,8.20E-07,1.49E-06
YOR285W,0.195202917,0.072650906,1.82E-07,4.56E-07
YOR286W,0.310040533,0.102051249,8.10E-06,1.50E-05
YOR334W,0.310040533,0.102051249,8.10E-06,1.50E-05
YPL060W,0.310040533,0.102051249,8.10E-06,1.50E-05
YPL227C,0.266213946,0.066365502,5.47E-08,1.49E-07
YPR003C,0.310040533,0.102051249,8.10E-06,1.50E-05
YPR127W,0.091635986,0.059099893,1.32E-07,2.80E-07
YDR371W,0.310040533,0.102051249,8.10E-06,1.50E-05
YLR286C,0.310040533,0.102051249,8.10E-06,1.50E-05
YHR201C,0.352680712,0.069024676,1.67E-07,3.08E-07
YDR452W,0.194481365,0.128409432,8.10E-06,1.50E-05
YDR270W,0.310040533,0.102051249,8.10E-06,1.50E-05
YLR351C,0.285768978,0.056756353,2.46E-06,6.83E-06
YMR301C,0.310040533,0.102051249,8.10E-06,1.50E-05
YEL004W,0.310040533,0.102051249,8.10E-06,1.50E-05
YEL066W,0.347821184,0.08834223,3.95E-06,7.63E-06
YKR093W,0.310040533,0.102051249,8.10E-06,1.50E-05
YDR093W,0.310040533,0.102051249,8.10E-06,1.50E-05
YOL122C,0.310040533,0.102051249,8.10E-06,1.50E-05
YNL275W,0.310040533,0.102051249,8.10E-06,1.50E-05
YGL255W,0.310040533,0.102051249,8.10E-06,1.50E-05
YLR130C,0.310040533,0.102051249,8.10E-06,1.50E-05
YOL130W,0.310040533,0.102051249,8.10E-06,1.50E-05
YBR177C,0.277220658,0.090272146,4.27E-07,5.80E-07
YPL095C,0.310040533,0.102051249,8.10E-06,1.50E-05
YGR015C,0.310040533,0.102051249,8.10E-06,1.50E-05
