criteria,pearson,p value,number,extra,rmse
4.029883459455188,0.4539676172654673,2.8941813982300385e-13,272.1875,66.6875,14.154079004381256
3.9558923117520592,0.48458200712321897,1.545792515417925e-16,279.0625,64.5625,13.560919730854044
3.8937168658883774,0.4372917478775726,5.425971198289812e-10,272.375,62.0625,14.110549721541172
4.279178996338905,0.45493493194492546,1.5291618963048334e-14,278.9375,71.9375,14.146131621428767
4.14081890784019,0.4569114287373241,3.967422954464845e-13,279.625,67.4375,13.92101054203664
3.9948325715818287,0.45719524380947846,4.644518174795504e-14,274.0,63.75,14.14927818462912
4.080851640569224,0.45496884165358975,7.119083932936702e-13,274.8125,64.5625,14.157205579876488
4.078544364915444,0.4496775961520309,4.745372444974255e-13,270.6875,68.25,14.110254774030077
4.196972664564036,0.44852516092823463,1.442242871920941e-12,278.0625,70.875,13.851153260972632
3.9600487010278966,0.44007624233057946,4.702975892297257e-13,273.25,64.6875,14.112222713339026
4.022098553037076,0.4542268683230612,5.063376141611746e-13,272.625,64.3125,14.149957387003807
4.119314944967622,0.4529069313059486,2.66385068180443e-13,273.0625,64.875,14.154079004381256
3.988480318599756,0.4480096136021965,4.366507687606226e-13,274.125,65.8125,14.112222713339026
4.0360867511035865,0.4266424880085388,6.083753505982249e-10,275.125,69.375,13.853458193289976
4.103117813463739,0.4733116120844637,3.6308425101437565e-13,279.375,66.9375,13.85115326097263
4.333066572503979,0.4242177250700284,3.92136593196873e-13,270.75,77.0,14.111318811273588
4.077917000121251,0.4665657782262549,1.423175805336095e-14,275.5,67.25,13.85115326097263
3.9913493720633335,0.460860246830328,2.731095072079366e-13,274.1875,65.5,14.15272136417877
3.994414003263023,0.4578542326298543,3.517819614981715e-12,278.375,65.4375,14.134512629172187
4.0097175085141625,0.473210108369687,5.248748812418002e-13,271.0,64.375,14.150705427260666
3.9795090105221114,0.4465514643593696,4.572050159481256e-12,281.125,64.6875,14.111945707891143
4.05380984967054,0.45906395253712895,4.8004148049406826e-15,276.0,66.4375,14.131792986757004
4.069168073880097,0.45959661281611913,3.167989860515881e-14,271.875,65.375,14.112222713339026
4.265832550483017,0.4582284834167792,1.0951427888377992e-11,272.6875,70.5,14.148836953671331
5.33803123808946,0.4076608495453137,5.571028168438814e-12,265.5,101.1875,14.145272672585806
4.1653644746365925,0.44648129797670394,8.60380804293282e-12,272.4375,68.6875,13.979988544224712
3.934459445306752,0.42692928356979015,2.6363221576608374e-12,264.625,63.4375,13.851478380922476
4.173507723183792,0.4474250452453468,2.1944514720227567e-12,272.25,66.6875,14.157205579876493
4.1243773763194,0.4653486406991926,8.183528514305324e-12,265.875,65.875,14.15494296713947
3.9924867257633143,0.461863879303801,4.874820551146446e-13,272.75,66.0,13.85115326097263
4.012741132479646,0.4601311421013394,7.512132629356738e-13,273.375,64.875,13.92557930546422
3.98759258747837,0.4681209139607376,9.977823501540399e-16,276.4375,64.5625,13.984805686111098
3.979634752822363,0.46708829423340464,4.062654390777298e-12,276.875,63.625,14.1511404242989
4.035835035894006,0.47298372133746697,8.023762971849107e-14,275.8125,66.3125,14.144598408758252
4.069349598113666,0.4535356061265907,3.0732492729863755e-13,277.0625,67.6875,13.984805686111098
3.9849525611054832,0.4570535320460799,1.2352769528632968e-12,274.6875,64.4375,13.825827341819528
4.084224511313879,0.4522360067088054,5.0944763499829934e-14,273.875,68.0625,14.112222713339026
4.291229660741066,0.4293314708940251,3.1046800617842776e-12,279.125,70.75,14.112222713339026
4.329521234825865,0.40093561523647814,1.92159270224997e-10,267.625,72.75,13.85115326097263
4.226404357330042,0.42404315288368793,1.4390093872103764e-11,274.0,70.9375,14.110549721541172
4.434506771909501,0.433723185667884,6.068305465585615e-13,270.875,75.5625,14.156199989348666
4.28019142943744,0.4287038969225234,5.2293568237870544e-11,279.125,71.375,14.112222713339026
4.240061897413307,0.44142155920212894,2.0069452807763065e-13,274.75,69.625,13.85115326097263
4.010238773602726,0.47677243128938984,1.6588313519445724e-14,272.1875,65.0625,14.154079004381256
4.066247939044494,0.45620073598956656,9.7934132545117e-14,265.375,67.5,14.104402164835337
4.217728576917795,0.4672119405761227,5.149429518749613e-15,271.4375,72.375,13.852958783304135
4.140901501868767,0.448930772456044,1.6580944997022929e-13,265.5625,66.5625,14.156199989348666
4.028468391310321,0.4677441265205152,3.623409446794845e-14,277.625,65.8125,14.112954546029812
3.9836610952120384,0.4674573761268227,2.892637556440254e-14,274.25,65.5625,13.85115326097263
4.073044537420192,0.42993819035547215,2.6408355061053846e-13,270.8125,67.0,14.10058746408412
4.017710590293005,0.465484452505368,3.0910769837551277e-13,273.5625,65.9375,13.853241011105007
4.090588895449341,0.4578179827911977,7.131275144663726e-14,278.375,67.3125,13.851478380922476
3.844181048906611,0.4430089283530342,1.9156237473183222e-11,263.625,59.0625,13.85115326097263
4.326143371812824,0.4354243636168917,8.339250514613063e-13,266.0,69.875,14.112222713339026
4.077145165632614,0.4037507719059908,7.52511175521181e-11,256.3125,61.0,13.832932176905071
4.039846802782493,0.41281984348044654,3.776568370310403e-12,272.8125,66.5625,14.151775533753687
4.14042903166027,0.4359654499187506,3.059661571606737e-11,268.1875,65.8125,13.857300817678464
4.010753146295956,0.45745811793893487,2.2182870413271062e-13,271.0,64.8125,14.112222713339026
4.040963393686681,0.43796445654711486,2.3828341492595346e-12,277.125,65.6875,13.981526776553675
3.920308051005173,0.46968802791073694,2.8294412916508684e-15,261.375,59.5,13.85115326097263
4.0485759790365945,0.45827389554118,4.3396073107362486e-13,275.25,65.6875,13.85115326097263
3.9774378727031223,0.46035259047709054,1.255868834161732e-11,272.0625,65.1875,14.156199989348666
4.053596069246701,0.46618352423778303,6.272333705787102e-15,267.875,66.0625,13.854432170530051
4.092504977439132,0.44479018020908545,1.0004290995045856e-12,269.375,65.9375,14.139150071635596
4.0821556330747475,0.4549054422988855,3.673668434176637e-13,270.25,64.5625,14.124365255109687
4.081310701714176,0.46144293976552936,2.244792852442795e-13,272.9375,65.0,14.109645819475732
3.9751403693297593,0.4481580982760861,1.989595847353546e-12,267.9375,63.0625,14.112222713339026
3.9655233459134753,0.4616854084090374,1.249424776142089e-13,269.75,62.375,14.054256484044355
4.025787749757914,0.4286992625217801,9.470553263511636e-11,272.625,65.75,14.124620491870372
4.057710546522058,0.4674606521160584,2.4992261661046724e-15,268.8125,65.3125,14.151927547383824
3.92195417024708,0.463824660107472,5.971390903998426e-15,262.9375,60.8125,13.93685620433915
4.159573152418432,0.45078320321951165,1.9220870659292322e-13,280.125,69.0,14.153155362018026
4.073157600293659,0.46569940298156104,1.322001774522013e-13,272.625,68.5625,13.92101054203664
4.077087242384072,0.4481585265506144,2.6109352352836356e-13,276.5625,67.375,13.895187693350728
4.08791994677607,0.4487858853587506,1.1395267267307585e-12,270.4375,65.25,13.981526776553675
4.163942280476651,0.4649544045469076,1.84193536213077e-14,261.875,66.3125,14.11376899062926
4.18538132134192,0.43820724761695495,5.901591608109033e-12,273.625,67.8125,13.855456335587704
3.941992069958729,0.481535229642576,2.6942376798796e-16,262.6875,59.9375,14.111907654616916
4.022970308643364,0.4687491664426612,3.232963640638052e-13,274.125,63.0,13.85115326097263
4.001476314666835,0.474717633358094,8.195638163101049e-16,275.0,67.3125,13.85115326097263
3.993189595293958,0.477594226116112,1.089410491669353e-16,265.4375,63.1875,13.931828395728065
4.242647875860688,0.42452589264117113,8.687871389823282e-13,266.1875,69.9375,13.85115326097263
3.980755799027445,0.4644279912926467,2.832017271703969e-15,276.3125,63.5625,14.154079004381256
4.016647770336531,0.47879626789695023,1.3416931301932551e-14,271.5625,65.75,14.154079004381256
4.027337875560611,0.4670402463043381,1.9841165880597495e-14,276.375,66.1875,14.13295551715558
3.9974500260936874,0.45914522162231824,1.471341627838994e-14,270.1875,66.1875,13.851478380922476
4.123964979442191,0.39257130149930947,5.518734469715606e-10,264.3125,65.75,14.111270592997576
3.993218953522404,0.4547176018045452,2.428953979629784e-13,270.75,64.375,13.85115326097263
3.9284769620456834,0.46338411169771826,9.259314688659187e-13,268.5625,63.1875,14.157205579876488
3.980262745929686,0.46878342256093214,1.30718477312035e-15,277.6875,67.8125,14.154555100588627
3.92433320155572,0.43948848830812426,1.0357243896073513e-12,271.875,62.875,14.110254774030077
4.0404766600937005,0.44525870211057433,1.6126697915260586e-09,278.0,67.875,14.154079004381256
4.641443209474215,0.4432644904731158,1.6543931885833463e-12,272.8125,79.5,14.153802188972625
4.145692801542402,0.4478495051828209,3.0199166445074848e-12,274.0,65.0,14.110254774030077
3.985625103574592,0.46924406614730857,1.4548788150866113e-15,274.0625,63.75,13.982396202076668
4.13879723920598,0.43731665096170386,7.176163429967066e-12,269.875,68.5,13.852554291224543
4.240378144369524,0.4155854662840617,2.2027524136141418e-10,278.6875,71.25,13.984805686111098
4.094643731614476,0.4557484234593327,9.516624680650233e-14,278.875,69.125,14.157205579876488
4.15971307915369,0.44311578799341167,3.339570016739197e-10,274.0625,69.0,13.708638647771624
4.189539586643117,0.440444843521892,9.675350645990023e-12,277.5625,71.5,13.85115326097263
4.155762708566547,0.4440947774506944,2.552018536025839e-13,276.25,71.5,14.112222713339026
3.9984909608468056,0.4341875271128171,3.052392093515501e-12,272.25,65.1875,13.851478380922476
4.039641673340814,0.47425840788105145,2.5238845876963527e-14,274.75,65.9375,14.111318811273588
4.031544546464107,0.4635197693670262,8.859338106715116e-13,274.3125,65.1875,14.0748712795829
4.130681931600364,0.4439485266046724,1.1248288804971383e-13,263.1875,66.5,14.054256484044355
4.098739311333295,0.47234503434398073,2.008166845791899e-12,273.1875,69.25,13.85115326097263
3.9071017226204106,0.48822492535068146,2.1978522922909136e-15,272.625,61.75,14.111826249966281
4.2877441202698305,0.3931020145078833,8.16056790938809e-11,270.0,70.8125,13.85115326097263
4.011732852309445,0.4338385524336232,5.622547123960606e-13,271.625,67.8125,14.111318811273588
4.216804495828605,0.4464404379557912,1.8786948194851385e-13,275.625,71.6875,14.113627119817867
4.048800428137114,0.4595191084686718,1.23507621821816e-11,276.8125,64.875,14.152650157652888
3.957425308515619,0.45385414011079056,1.2517829763304242e-13,269.4375,61.3125,13.789448151838046
3.9570553349021766,0.43161442054819055,2.497962320771091e-13,275.875,64.4375,13.852350089049274
4.037523587092493,0.4616699394540765,1.465137712750574e-14,275.0,64.9375,14.149147972805052
4.226145045306716,0.4402905279776372,2.0149612765921704e-10,273.5,71.4375,14.067958610818755
4.103873730217786,0.45014548174716146,2.1682767753955367e-11,272.125,65.0,13.981526776553675
3.970120019749857,0.45519421665905846,2.5267152819542072e-12,274.25,65.625,14.135534093140798
4.3625896265306245,0.45489972384590593,1.212144752092825e-13,273.5625,73.6875,13.85458631633004
4.148459214809072,0.44750161705319175,1.0838077453174955e-12,262.6875,66.0,13.851478380922474
4.105613246709767,0.4655360013859615,2.3853006498507818e-14,273.625,68.125,14.110254774030077
3.97020776283312,0.4678322408308147,4.078153497074424e-15,262.5,63.4375,14.027671732235225
4.2234835602277006,0.4565402809509104,5.039129610959398e-13,275.8125,70.875,13.85115326097263
4.230488613743036,0.4028582480859608,4.056406428225644e-10,268.375,71.5625,13.981526776553675
4.113351760163078,0.4599921362849465,3.291414106337099e-13,275.4375,67.625,14.049262110164012
4.017012600804756,0.45535181736291896,7.9623722089091e-14,271.25,65.625,14.125509229346392
3.9989812059706167,0.4626383379430411,1.9589761665540473e-13,274.3125,62.375,13.85115326097263
4.016627609249586,0.4602404051927573,2.4076645301529307e-15,272.3125,64.5,14.125809564574652
4.049668798887202,0.45984812303194705,1.8557169006432163e-10,277.8125,66.0,13.984805686111097
3.9857214226206263,0.46554536604455454,1.2288894803205422e-15,273.5625,64.8125,14.112222713339026
3.958116166952089,0.4607382678908059,3.282941791345339e-14,278.375,66.4375,14.130538617655068
4.035012082372146,0.4469478120876852,5.6112775200454865e-11,276.4375,66.4375,13.984805686111098
4.500563235428598,0.38518428682347416,5.227775679481369e-10,260.6875,77.1875,14.152997217190206
4.233580777590884,0.4406553824386016,7.561294294295769e-08,268.3125,65.25,13.85115326097263
4.070022041194333,0.4344887413344659,5.8423850667834895e-12,265.875,66.0625,14.110254774030087
3.9953998186783672,0.443252889368264,1.6795025679631487e-09,266.3125,61.5625,13.851478380922476
3.9682079609943512,0.44146948219040943,3.4306313134528788e-12,268.5,61.3125,14.157205579876488
4.097227691355169,0.4613573473857732,2.141974793116446e-12,268.625,66.5625,14.110254774030077
4.120558924899672,0.43266423675214566,2.6062230496160847e-12,277.0625,67.125,14.149012919514705
4.030902885107266,0.4674777378182387,2.850645186999833e-14,275.125,64.5625,14.158146547241689
4.058056129011757,0.4703117125211876,6.973467206626492e-15,275.5625,64.8125,14.149072605692911
4.137315728808643,0.46662096363353295,1.3717891455186446e-14,273.9375,68.375,14.110254774030077
3.968458026801072,0.46501230563745555,2.575081972206854e-15,277.25,64.9375,14.15211586322875
4.062739806268809,0.4602066366285482,5.797266179609506e-13,277.25,64.8125,13.863770387622228
4.166106774229372,0.45224347179038527,3.2098086332849587e-12,278.0,69.125,14.154079004381256
4.00348843750655,0.4553296354732707,4.0442958233073965e-14,278.0625,65.0,13.85115326097263
4.113526972772064,0.4144664026978442,8.17699174436227e-09,274.75,69.8125,13.851478380922476
4.038744075214936,0.44552748581742585,5.010802231083778e-12,272.875,67.375,13.981526776553675
3.996979030204311,0.4248626987561605,1.8268086977200097e-11,275.375,65.8125,14.152721364178772
4.126845053968273,0.4577987567982952,2.680533982739407e-15,273.6875,69.4375,13.85115326097263
4.024118242219308,0.4804054070287584,6.461507221740597e-16,275.875,63.625,14.152062430392206
4.1013740855987315,0.4242248013394208,4.192892762060715e-11,275.125,65.25,13.881920989701156
4.069120424051336,0.4402998460699806,1.0634648071783587e-13,261.1875,63.5,13.926911433753808
4.105452328273541,0.45940478531134654,5.857587799060792e-13,272.875,66.375,14.146131621428767
4.038475296647382,0.44259868870802616,4.3534615490168314e-13,272.25,64.625,14.150863572088484
4.016820581925036,0.44983029572310057,4.7187819379840653e-14,276.9375,68.0,14.10711666618376
3.910980018628427,0.46886791546954815,3.067213309615891e-14,270.4375,62.125,14.154942967139476
3.9918854275438314,0.4783322837799419,3.153911855150248e-14,272.625,62.1875,14.110254774030077
4.224231775258187,0.4644902321158456,2.3072920467179736e-13,276.125,70.3125,13.853682414264602
4.078021719212912,0.45550946999628333,3.412052960672286e-13,277.8125,69.75,13.984805686111098
4.039132941036021,0.4335094389169501,1.6830875142214134e-12,269.5,64.6875,14.114565208532897
3.973174610236744,0.49124026312419894,1.5205919809677036e-17,273.875,64.0625,14.110549721541172
4.060111543984546,0.4505861213379194,1.7645560132119146e-12,271.5625,65.0,13.852350089049276
4.029278366812414,0.45502688295830784,1.9912341636619333e-12,273.8125,64.75,14.152721364178767
3.909629755099148,0.4563072249979673,5.54070756065044e-15,269.8125,64.0625,14.049204193419955
4.116097037551451,0.4013387552657586,1.0238654801399694e-10,271.8125,69.75,13.851153260972632
4.086888479566742,0.4479106394582093,6.588475098651014e-11,271.75,66.875,13.85115326097263
4.2439136912289435,0.42977363555535086,1.743259206531979e-11,269.875,66.875,14.154555100588627
4.049093911980247,0.4722933385079187,1.608875844333995e-11,268.8125,63.4375,14.152721364178767
4.04148977863513,0.4375015758454497,3.0939827033554526e-12,273.375,66.875,14.154079004381256
4.034709633846202,0.4542115207466548,2.5053261702971103e-14,275.8125,63.125,14.154555100588627
4.1093057616711,0.42726733301951575,9.801365706241632e-13,278.1875,67.75,13.85115326097263
4.153289775606782,0.43174021949978647,2.8837561402877546e-12,270.5625,64.375,14.111690147183912
4.036611378377686,0.4553025964783663,5.629256770264976e-13,272.375,63.125,13.85115326097263
4.6909378117028595,0.4267499139833488,7.605357820452334e-12,272.0,87.25,13.852350089049274
4.091658157096821,0.43874563244937376,1.6293065316131112e-11,274.8125,67.3125,13.85115326097263
4.0673286493665675,0.43518949506441057,3.239899759372191e-12,279.0,66.9375,14.112222713339026
4.0073676183842775,0.44006016660604097,2.880974138681283e-14,262.875,62.8125,13.851478380922476
4.092973566419558,0.45200095416896535,3.138492703183279e-13,274.6875,69.3125,14.113661306467458
4.040580879394125,0.4748055856094203,3.644254476198886e-15,263.0625,65.25,14.112937675506991
4.115487438496636,0.4319329262151241,5.295146476611818e-13,274.875,68.5625,14.137832320276125
4.068251278575658,0.4506636000919956,5.6639047900109983e-11,279.25,68.0625,14.15407900438126
3.945435580511416,0.47011785841836495,8.728048802498645e-14,269.375,62.625,14.054256484044355
4.043499866325348,0.45549338109777066,1.7271769838658977e-13,267.5,66.0,13.881920989701156
4.727017199572952,0.396361615024277,1.573483865665302e-10,275.9375,86.0,14.154942967139476
5.282312329421323,0.3882806849914692,1.2083336098295367e-10,265.6875,96.4375,14.137855656949524
4.025771289635696,0.47052233166884955,2.871878252022184e-14,273.9375,66.125,14.110254774030077
4.062200048365235,0.4469269431966648,2.321397740249653e-13,272.5625,65.6875,13.85115326097263
4.098594973448136,0.44718814323408984,8.043259958934084e-12,269.625,66.5625,13.853682414264602
4.043916092487615,0.4312218556482458,1.1410390074368287e-10,269.125,64.75,13.85115326097263
3.9545780103228863,0.49057698455167575,5.222439513781479e-14,272.75,63.5625,13.85115326097263
4.326560524366378,0.4274511415701773,7.385252093806077e-12,260.875,72.875,13.85115326097263
4.051237991682488,0.4791973573015785,2.7950437142087823e-16,274.75,66.75,13.85115326097263
4.156431951482664,0.40359841123869133,1.1208576778321232e-09,266.6875,64.875,14.154067323683233
4.05963062030912,0.45757643077910687,2.738536982173865e-13,262.5625,63.375,13.984805686111098
4.006047502707139,0.4546620928405557,3.724853627831313e-13,279.625,66.625,14.15407900438126
3.953689180425701,0.4739251132003983,4.021998252068971e-16,268.1875,61.25,13.851478380922476
4.278995607984645,0.4269180289027598,8.081584884292825e-13,262.75,70.375,14.156199989348666
4.084534917894393,0.4306014912076936,3.349762107701143e-12,271.5,65.5625,13.85115326097263
4.046249914295873,0.45585533891085794,3.361634694071745e-13,273.0625,68.0,13.852958783304135
4.09197729219767,0.46428728964828414,1.5872130947022372e-15,271.0,68.3125,14.05219699040962
4.055219973566219,0.46561519136128976,2.116476605725193e-13,273.5,64.375,13.85255429122454
3.9874195877530574,0.44656102218016214,3.638725107533902e-12,270.0625,63.0,14.153355559844442
4.189252156231676,0.4644245037471498,6.272958460039272e-16,276.1875,70.6875,14.111318811273588
3.9988900213843097,0.451911785697487,2.5363090475104283e-12,276.6875,65.125,14.154555100588624
4.0670605667013415,0.4532576285616757,1.5051977540058524e-14,272.1875,63.5,14.152115863228753
4.012392015512747,0.4587568787950442,1.2814791747295342e-13,263.875,60.75,13.857300817678464
4.047083882187952,0.46014823088816986,6.067519460380459e-15,280.5,67.0625,14.146131621428767
4.117713455254486,0.44986242754456096,4.008917405477223e-12,278.4375,70.3125,14.110254774030079
4.1492888404776345,0.44504573248969753,1.108085521775598e-11,273.3125,64.0625,13.85115326097263
4.35165503484152,0.4261296222273373,8.486394357852088e-13,272.875,75.4375,14.144465327687298
3.979865510415851,0.4641822977853398,3.516162084299386e-14,266.3125,62.0625,13.984805686111098
4.038668891631549,0.453285902327025,1.5506770793517472e-14,276.625,67.375,14.110254774030077
3.8719476914541535,0.4741981690812361,2.5664591831476444e-14,274.9375,62.0625,13.85115326097263
4.040722082167385,0.4609375035809875,1.1853443417366706e-13,267.5625,63.1875,13.85115326097263
4.941858707353741,0.4266559919081276,3.0282391393243196e-11,273.3125,92.75,14.110875622595374
3.8674768177671512,0.4619327513092335,2.382480334230638e-13,278.9375,63.9375,14.149957387003807
4.071233506657131,0.45600269987709025,5.42912518129132e-14,279.8125,68.125,14.113530990273446
4.051882970840811,0.4562887249337322,5.645600445772808e-14,275.9375,66.1875,14.14995738700381
3.965336073765564,0.4695213766123839,1.1410483889804052e-14,276.25,65.75,14.110254774030077
3.970416428924541,0.44976794246421115,1.6440222502476343e-13,258.75,59.9375,13.9236301119408
4.202012197866514,0.4542824599546143,2.5057545890507673e-13,279.25,67.125,13.851478380922476
4.179831303408236,0.4495675021445764,3.1625029130148215e-14,278.8125,72.0,13.853682414264602
4.093002965573806,0.44570998696502495,2.734510658541916e-13,271.1875,64.375,13.85115326097262
4.014670647251592,0.5001769628589474,4.982267071891335e-17,276.8125,64.25,14.110254774030077
4.28044762669387,0.4209226067554496,4.630225564199586e-11,275.875,74.3125,13.85115326097263
4.081121870269525,0.4365601534731064,9.157056056256195e-14,277.8125,67.625,13.85115326097263
3.998396921771539,0.44087961013917343,1.7206766050765548e-12,274.9375,63.6875,13.910128640740709
3.8875956156239377,0.47588026996024374,1.1860483213861467e-14,274.0,65.4375,14.157205579876493
4.054259146867057,0.46022971113376826,3.174194502496827e-13,270.0,64.0625,13.881920989701156
4.042698048370626,0.43966099452650786,9.918184328387205e-13,268.8125,63.9375,13.9093830765549
4.032545159123587,0.4642323140187457,1.0225884896987113e-13,273.75,65.8125,13.984158721489354
4.178038791019328,0.42769165715020946,7.459789003668117e-12,280.75,71.25,13.85115326097263
4.039676293801443,0.4386469637028174,3.1366096343255035e-12,273.5,64.875,13.85115326097263
4.81595023833266,0.41303177207468605,1.2690605386264831e-11,272.625,92.0,14.157131073923436
3.9846972608569495,0.46287633617065865,1.9092300652628928e-14,276.0,64.125,13.85115326097263
4.004439077939918,0.4638145756929726,1.7493487011628656e-11,273.75,64.6875,13.74557494313168
4.170251483729405,0.45460150444744635,1.1082326159448893e-14,271.9375,69.1875,14.13757294236516
4.222838262145356,0.4250811468152308,6.3843022317093826e-12,279.5625,71.0625,14.15407900438126
4.1268208539594315,0.4472909269838434,4.106786815939435e-10,271.25,66.0625,14.122807504144223
4.047171767740828,0.4626057487718896,2.0685987590838625e-13,276.3125,66.3125,14.154555100588627
4.096292446162466,0.4734231413316692,2.7648785654983474e-15,278.4375,69.3125,13.9848056861111
4.0425626018874805,0.4722701924999156,9.264186743101734e-12,274.3125,64.625,14.150863572088484
3.995088484972245,0.42551487403551413,1.3776317348489795e-12,273.5,64.0625,14.143254244382662
4.185277183687197,0.45891320373483746,1.0665096334227863e-14,272.9375,66.625,14.137784942407752
4.018913701368067,0.4599097305639642,4.256202128064179e-09,276.75,65.1875,13.85115326097263
4.119496199265608,0.46706280499155944,2.719947124414074e-15,274.875,66.25,14.10964581947574
3.939112895659709,0.4692383298160896,1.3493207764419418e-12,278.0625,63.0625,14.14099870539224
4.014400760752103,0.44186349981686046,3.196695656079841e-12,275.625,66.0,14.147360651833367
4.002277154983779,0.4424843022338501,3.2470662454395545e-13,274.9375,65.0625,14.152980478233893
4.062076127018994,0.4575505446803799,5.070724804474052e-14,275.75,65.25,13.85115326097263
4.152042858849656,0.43769636586197974,2.9227053439221946e-12,277.6875,73.5,14.137444766146452
4.098899389519321,0.4700338931096836,2.139042021125967e-13,275.9375,67.625,14.149957387003807
4.152149164428894,0.4590384150313871,1.4360483049517404e-12,277.875,71.25,14.113661306467458
4.066053581484371,0.4605991327732148,3.541198787176674e-14,273.25,65.3125,14.14700516288294
4.057725859549185,0.4484848384516208,3.225903553079348e-11,264.875,63.625,13.984805686111098
4.091468894164271,0.4499243220158364,1.5411391924650434e-12,277.25,71.0625,14.111318811273588
4.185623362934378,0.46808002412657435,1.2088047726229893e-15,269.0,69.0,14.114565208532897
4.021190904996205,0.46821503214101173,1.2759456243875938e-13,278.25,67.25,13.85458631633004
3.921881585656085,0.46208113586525545,3.464995622802882e-15,270.3125,62.875,14.110254774030079
4.061864259898177,0.42884444359703794,4.833190644194877e-10,270.0625,64.375,13.851478380922476
4.046220193326251,0.44548091031957554,8.19876305719026e-11,269.375,65.4375,14.148159028026276
4.007525681296401,0.4470707638480747,2.5228533177035983e-12,268.5,65.25,14.150985617914428
4.084357435308844,0.46819541484319904,1.1754387683452903e-15,267.4375,65.5625,14.113501171289384
4.0160968467630145,0.46064472225559455,7.862564986664433e-12,271.9375,63.625,14.108641589236543
4.032909262454476,0.45361707571653315,7.224946893621269e-12,272.125,65.6875,14.110254774030077
4.122255849336215,0.4717281769013765,4.071142938971692e-15,275.375,67.0625,14.109645819475732
4.07221329090024,0.4381514981030969,5.4601976294472654e-11,274.5625,67.3125,14.151775533753687
4.191588884447529,0.4512277344050103,2.9720373927504793e-13,270.8125,64.375,14.149729116860268
4.305815634050392,0.4520766076252864,9.211727892623077e-14,270.4375,72.875,13.853682414264602
4.133086422750367,0.44696011910196304,1.3963571788068893e-12,273.375,69.3125,13.851478380922474
3.8560629127186448,0.47937642706580574,9.661433554419871e-14,271.375,59.875,14.15315536201802
4.146786290555627,0.420001373198457,3.0683013959780526e-11,278.375,72.0625,13.720808714986225
4.046732943060251,0.4636705223638049,2.917457143169439e-14,273.6875,65.625,13.85458631633004
3.905853015068335,0.4701582067085668,1.7834906622207455e-16,273.75,65.6875,13.85115326097263
4.01783686780925,0.4566681542074909,1.0323550884767835e-13,275.5625,64.5625,13.83577337793516
4.6946393406988784,0.4386537005096842,1.824585774782211e-13,271.25,82.1875,14.139715351018712
3.9112220913675615,0.4363593151104649,9.402685438318622e-12,268.3125,60.6875,14.146131621428767
5.005396895971883,0.3754674735426938,9.321367195409792e-09,274.3125,93.125,13.921079431689268
4.040581681669649,0.4417790051171217,9.193262354008403e-13,276.75,68.0625,13.85115326097263
4.18132944759456,0.4140481024277182,9.792355765377584e-12,272.1875,70.8125,13.85115326097263
3.9987954046638183,0.4718347809135372,4.418760128204623e-14,275.0625,65.625,14.140224446288212
3.974058254467732,0.4769033072370023,7.566463307415405e-15,276.1875,63.625,13.85115326097263
4.023212221085597,0.4517560314259531,2.1372919818437604e-10,273.0625,63.6875,14.146462713835572
4.0664928492117145,0.45390615296318954,3.272867841388806e-13,271.0625,62.9375,14.157205579876493
4.082271709661395,0.4317813697560248,3.8255511556264616e-10,272.25,64.5,13.850983460050852
3.980691340197669,0.45194288856684534,1.1459532255895807e-13,275.1875,64.8125,14.130076082297215
3.9821420141213086,0.438090334471068,8.723583112000056e-10,274.0,61.5,13.85115326097263
3.973650821744237,0.45250428659467445,1.2050813461452601e-12,269.9375,61.375,13.854586316330042
4.004116138606894,0.4472539669281364,6.803312948503932e-11,269.0625,64.6875,13.85115326097263
4.022440831095362,0.47073223565758937,4.60732007966826e-13,270.5,62.9375,13.981526776553675
4.062342984426419,0.41175871699578687,8.448458542785083e-11,266.375,64.8125,14.156199989348666
4.152787524860058,0.4539782403576736,4.560780242362265e-13,268.625,67.1875,13.984805686111098
4.154564882394167,0.41254970558475734,1.8357245795217815e-09,275.125,67.3125,13.85115326097263
3.879904839834264,0.48991495402390733,3.9046961820796705e-15,277.5,63.3125,14.109645819475732
4.258363228697321,0.4585648002559292,1.0128592828145955e-14,273.5,70.625,14.150863572088483
3.9100219741737057,0.47853179179526534,5.835399487174686e-15,278.5,61.75,14.110254774030077
4.313244406730089,0.4243233771565781,5.397686085400764e-13,270.0,74.75,13.85115326097263
3.9801444181808496,0.4462393972672806,4.739618386637118e-14,271.0,64.4375,14.110549721541172
3.8639747909969016,0.46427225570627234,1.0395365130842805e-13,272.75,62.875,13.851478380922476
4.128141699801195,0.4685291258439747,3.2894211740266023e-15,273.1875,67.0,14.154555100588627
4.173098144379157,0.4475854176508108,1.9199326190315455e-14,275.8125,71.375,13.85115326097263
4.037936262144209,0.469824239822597,5.739491099795202e-14,276.0625,66.0625,14.110254774030077
3.992745474556562,0.44084841211179615,3.8529240591198646e-10,280.3125,64.9375,13.85115326097263
4.151004405599551,0.4260755925103012,2.3458925336596343e-11,278.1875,70.0625,13.85115326097263
4.239526630540229,0.44428774097437823,1.2555303877857858e-13,273.9375,71.5,14.14593535238362
3.9752605950180167,0.4705596973251735,2.478559263504884e-15,278.0,66.5,14.112222713339026
4.06028428705196,0.4502507656592096,2.586977526775314e-12,277.625,66.4375,13.851478380922474
4.013890953222041,0.46355871221227135,3.0866364685151053e-15,274.3125,63.0625,14.151663038025012
4.080959888022437,0.4625397280680342,5.1509513418148585e-15,275.375,68.1875,13.857300817678464
4.634916484140187,0.39197230907559394,1.4608983347523875e-09,266.9375,80.75,13.852281384012691
3.9922351533968055,0.45772053151864406,3.492505435112053e-14,280.125,64.5,13.85115326097263
4.008218526294977,0.457947420328737,3.888619838088767e-11,280.125,66.5625,13.85115326097263
3.897273448388338,0.42651759539386946,3.286506660561394e-12,270.0625,61.625,14.1536041971294
4.182467384824943,0.442766991560632,2.848922475010621e-14,267.9375,68.875,13.85115326097263
4.0574506127741525,0.44363802451533846,1.0288188831131785e-12,273.0625,66.125,14.150195751142302
4.295485671600418,0.40205251748148,1.8682257870675156e-09,265.625,68.9375,14.140179831852192
3.9340697354505574,0.4869838710595374,1.925595070675201e-15,272.625,62.5625,14.134555217667687
4.0615108651980245,0.45163869463319545,1.4848225122269073e-13,268.375,66.5625,13.851478380922476
4.135001440098121,0.4529212392036728,4.677477356073106e-13,280.3125,70.25,14.150863572088486
4.02853140627403,0.4659806465996097,7.877681060918638e-15,277.8125,64.6875,13.984805686111098
4.422674849781298,0.4010617000469981,8.822985589477659e-11,264.75,73.0625,13.851153260972632
4.055996017181816,0.45005972021605006,1.666797853007607e-13,272.125,65.125,14.111318811273588
4.031173896608261,0.4707848468727094,1.6151767073026142e-13,271.75,65.6875,13.857025942885388
4.1284697748845325,0.46983770522945895,6.1309840418135496e-15,280.5625,69.625,13.85115326097263
3.965858934556703,0.47525689653651015,2.195881163998009e-15,260.9375,61.8125,13.853682414264602
5.078557850737695,0.28302025716038115,0.11558101607395772,236.625,87.5,13.979284520238092
3.993721749550707,0.4107735147975708,1.0752684465325131e-10,265.6875,64.125,13.852350089049274
3.9159376625417432,0.4689008016641803,1.1763434047234896e-14,272.25,62.125,14.111132153175488
4.162144635064088,0.4592852636783643,1.5022710464262993e-12,279.125,68.5,13.984805686111098
4.06377664184401,0.4674820404559035,5.892025887954071e-14,272.75,65.375,13.955121197246172
3.869671192433623,0.4475743570112838,6.86713986660864e-13,273.5625,62.25,14.154079004381268
4.052740163731086,0.45327298374580255,1.8052214321712057e-13,270.75,66.1875,14.153155362018028
3.9895770661523255,0.4551164155453292,1.8228444429086767e-14,273.4375,64.75,14.119206628914917
3.9491219961926274,0.448002458463302,4.672262990475593e-13,276.5,63.9375,13.89231413765598
3.9783329367249047,0.4700273579281336,9.591834874274269e-14,279.0625,62.625,14.110254774030079
4.193318053628325,0.43256393093210066,9.281630840937301e-13,279.125,71.125,13.85115326097263
4.655311361534679,0.3769016242331823,1.14360581975159e-09,279.375,87.25,14.154920437312207
4.17124205376996,0.45506954587034654,3.551982189083599e-14,268.4375,65.5625,14.10841765182706
4.033457117124861,0.46519441663802413,2.9998004591916486e-11,271.0,65.1875,13.984805686111098
4.135318973643248,0.4617331451174395,2.8240871379911817e-13,259.5625,67.125,13.85115326097263
3.9218297597087113,0.4286264725869927,1.8052091828829784e-10,273.4375,59.125,14.108581782232225
3.9928189304234647,0.46707822648414055,1.8798390050310227e-15,275.4375,66.6875,14.15407900438126
4.103041493772845,0.44856081202625125,7.800429863366626e-14,278.0,67.875,14.141178411337014
3.960266869082071,0.43717839150060767,2.008704329337855e-12,273.5,62.0,13.85115326097263
4.40499689652885,0.434269169345282,2.3072306024030283e-12,269.75,74.6875,13.85115326097263
4.011005605788902,0.4798159992226744,3.337401112139541e-15,278.4375,67.125,13.85115326097263
3.9913007186993847,0.4566443611186995,1.6736115381459818e-09,277.125,66.3125,13.874398003533983
3.933091618323068,0.46590280661511646,3.655002642542512e-13,264.9375,62.75,14.108581782232225
4.014999608140533,0.4717528961061316,8.351604448129325e-15,277.0625,66.25,13.984805686111098
4.300692581279945,0.45085593632692256,7.05874225310587e-15,265.125,69.6875,13.92101054203664
3.9336644317059983,0.4715806601207847,1.253805588400392e-13,275.25,64.125,14.123981455636796
3.9301981577624026,0.44671151474671034,1.9490805484609554e-13,267.9375,62.6875,13.85115326097263
3.9526709647108462,0.44055609947982094,2.2239310179839708e-12,268.5,61.1875,14.146131621428767
4.118426084568377,0.45856748534473,3.2500279777013683e-13,276.8125,67.375,13.85115326097263
4.285120987482587,0.43012429020849846,5.691905357689169e-12,277.25,73.1875,14.139715351018712
4.024006337775521,0.4842996416860048,2.1403746486556933e-14,277.1875,67.9375,14.144598408758252
3.981871129564485,0.4594805998262157,2.9045181842319714e-12,274.75,65.0,14.131792986757008
3.992210075870543,0.4550779504233692,1.5587033081529883e-14,277.25,66.5,14.15407900438126
4.630349558346269,0.4504615492243163,4.4430535920558706e-13,273.125,86.5625,14.150195751142292
3.928152834763408,0.44609470803843343,2.9631257167089067e-12,273.25,64.5,13.85115326097263
4.069848870009098,0.4570000823057976,2.3959335088197124e-13,271.8125,65.0625,14.136124730602573
4.010808259729155,0.4709199281472976,1.4579683430373176e-15,270.5,64.125,13.921010542036639
4.108012420665931,0.4504352053592278,8.432314358619249e-14,280.125,66.625,14.146131621428767
4.162807766484244,0.4708337522085276,1.1720109804961435e-14,278.0,71.8125,13.922682235703135
4.1000087628823545,0.4296570870204516,2.3483833828733794e-12,275.8125,67.1875,14.154079004381256
3.996504169442452,0.4493418691803479,1.6191515696476688e-12,279.875,66.3125,14.110254774030077
4.057259385993963,0.450146174041221,9.034088317218847e-12,277.5,67.9375,14.112222713339026
4.339818309581183,0.44908484451948166,3.824318262109466e-14,277.0,75.6875,13.853867762321059
4.246539104294202,0.4509999586558535,1.979282533464267e-14,266.1875,71.6875,14.137455615275698
3.983655032786384,0.4482423737258198,4.4213478365074744e-12,271.4375,59.9375,13.852281384012697
4.112235008734447,0.4524157675943069,4.42015148437556e-14,272.25,65.25,13.851153260972632
4.050366876649379,0.44315617585538664,1.5202421945759197e-11,268.4375,66.125,13.984805686111098
4.088910249889246,0.44135621033002337,4.459381978661077e-13,275.9375,66.75,14.094097006461404
4.113453126252329,0.44524938361376826,2.6707299747526545e-13,279.1875,71.0,13.9280134806696
4.269310491663745,0.44407721297508845,4.138236907081294e-13,278.9375,69.0625,13.855332878369518
3.9934931976475423,0.42122815043359746,2.9706572234514377e-12,270.625,63.4375,13.85115326097263
4.117262531209238,0.42444382880740206,9.678473671429536e-12,275.6875,67.3125,14.15407900438126
3.964304228088252,0.4442079670528344,1.3898580474641617e-11,272.625,65.0,14.138712926834364
4.034382755291405,0.47154482290357375,8.405261384221996e-13,275.8125,63.625,13.851153260972632
3.9860680059701217,0.4697236780614407,1.400420797669787e-13,273.75,65.875,13.854432170530051
4.162542461967024,0.4060422842897304,4.783335276661418e-12,275.0,69.1875,14.151775533753687
4.085059227456668,0.4362227269419466,1.5028385805830086e-12,266.4375,63.875,14.113389066518051
4.136347945933491,0.4707861861704656,4.048030633535572e-15,272.0625,68.875,13.851153260972632
4.005248216784943,0.46392001684839707,1.994380548318623e-15,275.75,65.0625,14.137444766146452
4.006796615496332,0.4400730506148109,9.536387314675493e-12,272.0625,63.25,14.110549721541172
4.362735152974617,0.42058057157649587,1.283684998401804e-10,278.625,76.8125,13.852350089049274
4.040440459732742,0.4377402996358931,7.14926169751381e-12,275.375,64.4375,13.85115326097263
4.000284666743683,0.47635925949857755,3.3666857344415536e-13,275.4375,64.9375,14.112228442383069
4.117475200661251,0.4489948599183268,5.016102326920323e-14,277.0,68.4375,14.110254774030077
4.053323646478451,0.45123329871121737,5.3839009308285456e-14,274.8125,66.625,13.932609403206312
3.9804563078910222,0.4472218210491341,1.0272369833255063e-12,272.75,63.5,13.913375086787273
4.120817916150113,0.4459240327751546,1.384975937805267e-12,275.0,65.9375,13.85115326097263
4.0420298225772315,0.4313261758646106,5.655855766657647e-11,276.75,66.0,14.049636029775707
4.002672933531241,0.45296746951889794,2.2539478548968873e-13,269.0625,63.5,14.157205579876488
3.988494970162604,0.46867259043008447,2.79551329947297e-15,275.6875,64.75,13.979153404616625
3.999428200290009,0.44613394829695147,1.6595544028457093e-13,277.125,66.0,13.85115326097263
4.048682651754165,0.4353877542730265,4.964789808999443e-13,275.4375,68.0,14.15407900438126
4.0964798714949975,0.45312502450079983,1.216161687847056e-12,269.9375,67.1875,14.10058746408412
3.9793872710223024,0.4300679690100509,3.252417887154674e-11,278.3125,65.25,13.854007534214448
4.099732540949389,0.4444683882521261,1.396312560027487e-13,270.75,64.1875,13.875815341673908
4.033416704400376,0.46945272593961346,5.490289485089572e-15,278.3125,66.3125,13.857865225887464
3.9752738558529854,0.4700357587074618,1.7120989961656594e-13,273.125,61.125,13.85115326097263
4.070125124509883,0.45657746030352814,1.414788418439308e-14,272.9375,65.5625,13.935545327696866
4.377874991775805,0.42616991334490134,3.099732235238102e-11,272.1875,74.3125,14.110254774030077
4.06385359510445,0.4450898723684719,7.258506011732259e-13,278.4375,65.25,14.154555100588627
4.059399128781087,0.45961249701969087,1.178415718420357e-13,273.625,64.375,14.153155362018026
4.038300037597565,0.46248717154551366,1.5044912339474376e-14,265.125,63.25,13.851478380922476
4.021809551592868,0.47452151106394386,1.96323158755077e-14,269.5,64.125,13.8811284888199
4.069700104307358,0.4205532448206783,8.159747251685029e-10,272.5625,64.8125,14.054256484044355
4.031597726607995,0.45354594537474047,6.866182059389349e-11,277.75,68.4375,13.85115326097263
6.108953705697191,0.40980226880625614,1.314472565905668e-10,268.25,118.0625,14.154555100588627
4.074782768106932,0.45709438207181463,2.9812338908480867e-13,275.4375,66.9375,14.110254774030077
4.038915552132262,0.4526974856519644,1.2533586175947332e-14,276.5625,65.1875,14.152980478233893
4.509941039943357,0.4290907636635376,1.6147701399231127e-11,272.25,80.5,14.152628647382665
4.041655708606582,0.4381623283121336,1.4796335427368344e-10,274.375,65.9375,13.85115326097263
3.991963095734028,0.4443684233953033,5.299396123982748e-13,275.375,65.5625,13.851153260972632
3.9661051918439703,0.4496914387766374,1.2537657297224386e-13,265.6875,63.0625,14.11498709920032
4.065738793095002,0.4554806291827691,1.0637516159782765e-13,278.1875,68.0,14.139715351018712
4.836671227728315,0.40268295592866254,1.7638629201070892e-09,274.0625,87.25,14.152721364178772
3.958319412856492,0.4448645430265759,6.201986264456374e-12,276.4375,64.1875,14.144008608965688
4.045339030330212,0.4471379317728064,1.3000321673251592e-13,273.8125,68.0,13.982396202076668
4.120092867551423,0.454198891717314,2.2603099931774311e-10,273.75,66.0625,14.109645819475732
4.072493746203551,0.43867029967957005,2.5715099247382238e-12,265.75,65.5625,14.154142481645907
4.095809858200758,0.43395364083896226,4.467888351387852e-12,278.0,66.875,13.718055492581595
4.164374718993673,0.42038171309502925,2.6137079191964118e-11,266.0625,68.9375,14.15208375232873
4.007853249162658,0.4474806826244104,1.124767384000919e-12,269.5,63.875,14.118055211322751
4.145010236101992,0.450365024041237,2.831311624337673e-12,281.0,67.1875,14.138506106123284
4.149840611346069,0.47700186247227505,2.620311990652402e-15,276.9375,69.0625,14.149998498286548
4.3320006315049895,0.4131487423858351,4.266708842833321e-11,270.875,76.125,13.85115326097263
3.9997787355625314,0.4630883960885936,1.0153195291010932e-14,278.125,68.6875,13.854995885361117
4.076897836575455,0.4520049015350122,1.1997553075407267e-14,269.1875,64.375,13.853682414264602
4.134900489153479,0.43760000629525087,2.8257638035432694e-12,273.0625,65.75,13.853682414264602
3.941775023044495,0.44473609691448673,1.1678883177681524e-12,278.9375,64.375,13.85115326097263
4.007130665343258,0.4590644683258131,7.501675183855147e-13,274.9375,66.25,14.15396638297006
3.835046348462947,0.43102508401028994,2.372987554121192e-11,273.25,61.6875,13.85449678959342
4.145849892946628,0.41788859814707013,2.756213537258779e-12,275.4375,68.3125,14.154942967139476
3.998310870131652,0.4530625386583103,1.3343902350636892e-13,276.0625,66.625,14.054256484044355
3.9013548906186295,0.45303923295313286,5.175947765506708e-12,274.625,63.25,13.85115326097263
4.058743505303342,0.4465182904556847,6.007857265314781e-12,278.125,65.625,14.151190422650473
4.060773346297643,0.4511392210595811,2.4660618405573534e-14,274.5,66.0625,14.154555100588627
3.9647738653743616,0.4340766955988875,6.527628655949405e-12,273.125,64.25,13.914145556407972
4.005141383823536,0.4681251082841995,7.857012634320893e-15,275.9375,64.5625,14.109645819475732
4.108866395009284,0.4440926942802259,1.9838072657098984e-11,268.75,67.6875,14.110254774030079
4.082849794999358,0.4307772200882735,3.3625427535627956e-12,275.875,66.875,13.851478380922476
4.086297773849737,0.46049107068424006,2.779444626498051e-12,275.6875,65.0,13.855332878369518
4.067753985101543,0.4511783153171348,1.6040500152906768e-13,263.5,67.375,13.85115326097263
4.030328961916261,0.47562480745248753,2.9856705648492465e-15,273.125,65.125,14.149220017663737
4.10156544766393,0.4424940537258534,1.0279757402422037e-13,262.125,67.375,14.111318811273588
3.91238389616562,0.4980737044143476,2.173966625995298e-16,280.4375,66.75,14.150578596308998
4.082010990486414,0.4601307709518315,2.4849452315283767e-14,273.375,66.8125,14.136477508249198
4.029073669278393,0.46642350830492046,1.3171606912232852e-15,274.1875,66.9375,13.85115326097263
4.278562059684564,0.4250774349722476,2.3176382226897816e-11,274.3125,72.375,14.157205579876488
3.96316169354563,0.44421966152520326,8.730327674124317e-13,273.5,64.625,13.931724152494125
3.8881051529104074,0.4736828496017645,3.906742666803769e-15,272.8125,61.625,14.112222713339026
4.0408700366033035,0.43268709356751106,4.776482893877518e-11,266.625,63.1875,14.113661306467458
4.054713978180214,0.47386894527065954,2.6453811665423348e-14,279.25,67.6875,14.114565208532897
4.027069806546473,0.4428298104656515,3.395186406332498e-13,271.875,64.125,13.85115326097263
4.092024010672287,0.4274825947663464,6.658087551535798e-09,267.1875,62.25,13.857300817678464
3.981794529861336,0.43480978383719254,1.1264998088448282e-10,275.625,64.875,13.85115326097263
4.283965551193138,0.44166556514163013,1.4427095500659381e-12,272.75,73.6875,14.154555100588627
4.059583968146827,0.4626825886381445,5.4164500582419096e-14,273.1875,63.9375,13.852350089049274
3.9343853076552167,0.4592206444640307,1.80666469232694e-11,267.25,63.6875,14.054256484044355
3.9571503872703833,0.4613173236214622,2.7994746877908767e-14,273.6875,63.25,13.85115326097263
3.9382430606913927,0.47422740429612387,1.795186060790605e-16,272.4375,63.875,13.851478380922476
3.9591649226788337,0.4544194347692101,6.6566094921288485e-12,265.9375,62.25,13.85115326097263
4.182410431363525,0.45508247686071,1.1804992991293547e-13,269.6875,69.1875,14.144598408758252
4.063865021471537,0.4693661245314719,1.0193290675904355e-14,270.375,66.8125,13.984805686111098
3.895074183122072,0.4633846535675597,3.878893534430022e-14,270.875,61.625,14.125348511703766
4.0288235818796405,0.46362152324885775,2.3031967217251344e-12,272.1875,64.625,14.13463675573492
4.031773361207711,0.4600967833458128,2.204140392138778e-15,277.1875,69.0625,14.111318811273588
4.199817532755084,0.4348980475224886,2.050815498226603e-08,271.875,67.375,13.85115326097263
4.020343934406573,0.4703705065055937,1.589269370033934e-14,275.625,63.4375,13.92251750509954
4.6678341021625345,0.404371537946386,2.6099325313775117e-11,271.3125,83.875,13.85115326097263
4.146669523431393,0.4513117909978277,9.884667941731735e-13,272.8125,68.625,13.8534567316002
4.084712052489389,0.4195711508305821,1.0462549348087976e-09,271.0,67.375,13.851478380922476
4.189195653075632,0.44670040925783583,4.552588080352709e-12,276.625,69.3125,14.143719768262688
4.10146482388853,0.45710540460253607,1.1687630112883069e-13,276.5625,66.9375,13.85115326097263
4.029197073804214,0.460605162988744,2.18132147056225e-15,273.875,66.625,14.146131621428767
4.0226482409345525,0.4428341172329613,3.27102315361803e-11,273.1875,65.625,13.859336483188311
4.012699700138624,0.44037680149621583,3.8444883611347397e-13,257.375,63.75,14.113501171289384
3.9778832647352,0.4543895609542119,3.996950985414895e-12,274.75,65.25,13.881920989701156
4.059256055036407,0.43833951211353134,3.1539687978638298e-12,269.5,65.8125,13.851478380922474
4.075160257380095,0.4810679148659,4.666027572101078e-15,278.75,68.0,13.880778885401183
4.0379185117122764,0.4639941448532689,6.492169996670333e-14,273.125,65.8125,13.919698086311776
4.034548280439221,0.4297676865672188,1.7044219438824725e-12,272.125,64.0,13.85115326097263
4.073125676173449,0.4361606067839051,1.2041085232439767e-11,273.5,64.625,13.851153260972632
4.011887772559361,0.4634297754158963,2.3409413673036245e-14,277.6875,63.8125,13.851153260972632
4.01030457420134,0.46433865619629144,2.2377207337706187e-13,274.9375,65.8125,14.13045269463447
4.12260078723958,0.4496947730899792,1.4119602750443664e-14,272.3125,67.5625,14.146131621428767
3.9633703977127137,0.46959496990908023,6.022622316849061e-15,276.25,64.125,14.110549721541174
3.9723877976964586,0.4630092027671488,3.0497525844492885e-14,270.5,65.875,14.139150071635596
4.017616194931563,0.4762073299473156,5.371436109428184e-13,272.625,65.5,14.112222713339026
4.077104460369256,0.46760855311205834,2.2585792361077085e-15,278.9375,67.3125,13.85115326097263
4.380414978285267,0.4581554872723244,1.822926083526953e-13,279.75,75.9375,14.154942967139476
5.377137985340118,0.3970283475971054,2.761161297814753e-10,258.8125,100.1875,14.153155362018026
4.159755725324186,0.4552163858364979,2.719129818865897e-12,284.0,68.875,14.150863572088483
4.299592454400712,0.4279634960779057,1.3646992254640392e-12,268.375,73.1875,14.146131621428767
4.107554323543325,0.466753382075933,3.065158840148805e-15,274.3125,66.75,14.111318811273588
3.9537099772524367,0.4705512994587831,7.510452301054398e-15,272.5625,59.75,13.85115326097263
4.068653010764702,0.44832960036449215,2.5306770552462584e-11,278.5625,65.875,13.85115326097263
4.005677760717488,0.47558805005947535,7.248464323495017e-13,271.75,65.0,13.85148182248604
3.9594580589610446,0.4705545303743168,2.9254117849627177e-16,275.375,62.25,14.147953355900087
4.115075716060195,0.43275775630345753,3.44296041539762e-10,272.625,70.5,13.851153260972632
3.9331474335179344,0.4762652404560967,1.0664356432597701e-15,275.125,61.25,13.851478380922476
4.727876548758574,0.3940331033192348,9.38378959326006e-10,268.125,85.5,14.146131621428767
4.090361245866462,0.4539286504471304,1.2970363981147999e-14,276.3125,66.375,13.91975567610832
4.154954361898926,0.42955796704107607,1.502173189684275e-12,268.5,68.5,13.85115326097263
3.9764766662619233,0.45707136629854817,7.278115267946648e-13,269.5625,63.1875,14.157683746152323
3.960194580309068,0.4599364473436392,1.525229005916331e-12,277.0,65.1875,14.143686338803384
3.946587334164776,0.44744722373857543,2.534012586184083e-12,270.5,61.625,14.156199989348666
4.088798499015862,0.4343999544983176,4.4214891726842355e-10,277.9375,64.9375,14.157205579876488
4.098161199189801,0.4537874920454511,7.029904587905058e-14,277.0,67.9375,14.138373838183735
4.131905259614319,0.4462675499138975,4.684167085522708e-12,275.75,68.1875,13.851478380922476
3.940907645572735,0.4605014722313814,2.3627984502907207e-14,273.125,61.9375,13.85115326097263
3.9826619702914754,0.4531619048908631,3.667490230035734e-14,273.375,65.6875,14.112222713339026
4.097681641301525,0.4295652268968296,2.6520754248415274e-12,279.3125,67.375,14.154079004381268
4.1676887936329425,0.43404767939302685,4.430083278568677e-13,275.0,67.625,14.110549721541172
4.098509904829183,0.40545229879142153,1.35253632782776e-09,270.375,67.5625,13.85115326097263
3.92673109079982,0.4378817606161704,9.587681492386613e-13,276.75,62.0,13.85458631633004
4.137135420201366,0.4521854418082554,1.1665318200123508e-14,274.0625,70.5,14.112704953385748
4.117325332146871,0.44483039506668265,1.812000292706368e-12,272.1875,68.125,13.851478380922476
3.9233122203498914,0.47367171627752025,1.9919926543111952e-15,267.3125,61.5,13.851478380922476
4.138480905863841,0.4019030538809776,2.1406578687566472e-10,271.6875,63.0,14.154089853510502
4.198513395907194,0.4516488132347148,2.506709111513199e-12,276.5,72.8125,14.133137396516185
4.251773534403814,0.4421202471618455,1.9192975451412467e-11,271.875,66.6875,13.895568786571411
4.52513685715796,0.4361688414711952,3.2135010165714705e-13,266.3125,77.625,13.922665595215811
4.040358946754939,0.45456869822101864,1.867375649194285e-13,274.125,67.0,14.152721364178772
3.912172974838928,0.4594577907729361,3.2737878058791656e-14,270.9375,63.625,14.110254774030077
4.097064488769543,0.44719373517427385,8.077313011548159e-14,271.875,69.4375,14.153155362018028
4.256666641165977,0.4522617554102888,1.6422091252747935e-14,266.25,75.8125,14.082688515868812
4.00819619249029,0.461872517152169,4.303353138559619e-14,277.5,65.25,13.85115326097263
4.0590109790290265,0.46102862700291847,2.901263025041612e-14,280.8125,65.75,13.935545327696866
4.138528728206579,0.4459984482291719,4.236870426774041e-13,277.6875,67.625,13.851478380922476
4.063966419598183,0.44646219770098944,2.2532100233388315e-13,275.5625,67.4375,14.137444766146452
4.069011457009873,0.4551093102944317,4.1666369382798795e-13,275.0,66.375,13.851478380922476
4.049422899766645,0.4589041416094771,6.2447347271375424e-15,269.8125,65.3125,13.85115326097263
4.051502111798083,0.44844405191564535,2.069211681616218e-12,276.625,64.9375,13.984805686111098
4.7957081191016195,0.4200331408647292,2.851853924568522e-11,271.4375,89.75,14.148196795123782
3.9582613727942286,0.47103573405769694,1.4574578287763633e-12,277.3125,66.0625,14.15407900438126
4.074768204771428,0.4562309565012504,1.8971668772702577e-13,276.5625,64.25,14.146131621428767
4.05403194778018,0.4312034413486771,1.764341374472465e-12,274.875,67.25,14.152980478233893
4.132349074440363,0.440629531535676,1.60050769563371e-12,273.8125,66.0,13.85115326097263
4.0023338429080395,0.46225307824489986,3.232778803029649e-14,278.25,65.4375,13.85115326097263
4.045889632477172,0.4548443102611604,9.073171552575852e-14,268.5625,65.3125,13.984805686111098
4.081267134424812,0.4401074428612626,2.7071344927766325e-12,277.0,68.875,14.15407900438126
4.028406659202541,0.46853538546930307,1.4279311344413545e-14,270.3125,63.25,13.85458631633004
3.929068933096149,0.47730914161581417,1.91693704782588e-14,268.625,61.0,14.111318811273588
4.114639111352167,0.4569445580731438,2.8891897458784708e-11,273.1875,66.75,13.984805686111098
4.012366017150791,0.4187556322773606,7.517397123780404e-10,271.125,65.0,13.732162045313984
4.234366467919661,0.4249614619180749,4.9948487629269584e-11,263.1875,72.0,14.139253863506427
4.069085563536462,0.4453744597003166,1.8187053571246486e-12,276.0,67.125,14.112222713339026
4.170070422321317,0.4431164128924891,1.868601417636249e-10,276.8125,66.6875,14.110254774030077
4.090810019069462,0.4554357521908994,5.094046099771676e-10,270.1875,63.8125,14.155122889903438
4.115463181769224,0.4526313987646376,1.039198431833376e-13,273.375,69.3125,13.85115326097263
4.50800919843098,0.43187763608942,2.533874829369317e-12,276.125,80.0,13.81762376061269
4.1854476160667025,0.42376418700578794,1.204754955772647e-12,275.625,71.6875,14.112222713339028
4.090354418028638,0.46423587199633515,3.977413979229e-12,276.125,63.5625,13.851153260972632
4.047180722800841,0.44984449107442426,6.848409902244166e-11,270.75,66.1875,13.85115326097263
4.053968760039449,0.45211389358048626,6.687514957481799e-13,276.0,66.4375,14.107049707261032
4.0538225351103785,0.47608544721101426,7.712636452312975e-16,273.6875,64.875,14.049262110164012
3.997480537528269,0.4548605471133458,1.229308228245658e-13,274.25,66.0,14.119140512893944
4.459261313923989,0.4238329380300296,1.5275452746083162e-11,272.9375,78.0,13.853682414264602
3.9232397595128696,0.44593384979538714,3.738775772370254e-12,272.125,63.8125,14.158146547241689
4.178374101009661,0.41746365683819314,4.302245995215657e-09,266.9375,65.1875,13.907581733054812
4.367888212049847,0.4169934274042406,2.0601367191998538e-08,262.75,74.5,13.851478380922476
3.971481657442983,0.4643097499880728,1.983288300158861e-14,270.1875,65.25,14.143871719363828
3.9373739875820375,0.45774420565941726,5.456537280505764e-14,273.1875,62.375,13.723385030591311
4.008148454166546,0.4390714702151749,1.4876878079097406e-11,275.75,64.625,13.85115326097263
3.91206328780692,0.47187505730401,6.475367548949171e-16,281.75,63.5,14.12673043651782
4.1587320789408855,0.4683609853977104,4.559995937990007e-15,268.75,69.4375,14.109645819475732
3.990078558892572,0.4602877551977018,3.159466316587094e-14,278.6875,67.0625,13.85115326097263
4.130653695990136,0.4484331512406552,1.0360014985436381e-13,277.0625,68.625,14.112222713339028
4.002262318904673,0.46714977083516673,1.7843087996528152e-12,274.9375,63.9375,14.10009697543399
4.024381666613458,0.4807591956820981,3.564248463152676e-15,272.9375,61.375,13.85115326097263
4.172562587489955,0.469241810925786,4.583748262485759e-12,273.0625,68.0,13.932609403206312
4.145991523881405,0.4432314569364223,8.925438579699446e-14,276.375,69.125,14.110254774030079
4.02239118913558,0.47396213293414063,1.8707913323717213e-15,275.75,66.5,14.15407900438126
3.9678332728171246,0.4320525539490784,2.7349901630139117e-12,274.4375,65.125,14.156199989348666
3.980184287832172,0.45821253693047787,9.249458943085676e-14,273.0,63.5625,13.723070198417924
3.982149205081495,0.4619964170406318,3.3009704826261635e-12,271.9375,64.1875,13.858940356016236
4.011590653822071,0.46104390028962206,1.7429509577594023e-14,270.5,63.8125,14.141652646255656
4.047700866518407,0.4354134859455781,7.764333884304e-11,274.375,67.5,13.854432170530051
4.179104597743759,0.4641807884169938,2.303719327409759e-13,274.0,67.8125,14.15407900438126
4.115980935857582,0.4608612971169622,5.076491271442716e-14,274.3125,66.5625,13.984805686111098
3.874874900007085,0.47273322447726385,2.5239898992087203e-15,277.625,61.5625,14.142769562010164
3.906910765825968,0.46207977298796366,1.2828502040524358e-12,275.0,65.375,13.851478380922474
4.427030184459553,0.4284927666325655,9.404078988291075e-11,271.3125,73.25,14.154942967139476
3.9816696627128736,0.4314060587388257,9.75659779848927e-12,271.625,64.0625,13.984805686111098
4.002216652920998,0.44433134883825887,1.0654008756437717e-12,278.0,67.3125,14.14569503643251
4.323788594204376,0.4253197017948979,4.790976530866327e-13,261.875,72.3125,13.85115326097263
4.149883067222949,0.44421056514482826,1.5139147907963285e-11,279.1875,68.1875,14.13483097130368
3.958906481340109,0.43693234148959104,3.017020440440317e-12,268.0625,64.0,14.153416132445535
4.0216754455976265,0.45676721300349427,6.3585233244533076e-15,267.0625,63.8125,13.984805686111098
4.05261958420645,0.4281653741470175,1.439193017184732e-13,275.375,67.3125,14.140698510053111
3.9160661303279234,0.478924763298172,6.886865147222166e-15,274.0,64.0625,14.110549721541172
4.1853938751177875,0.4690118994080676,1.7006509447956467e-11,257.625,69.0,13.857625937628308
4.067386301486244,0.4578272671179441,7.998898746808064e-15,273.1875,65.5,13.85115326097263
3.9870797008705567,0.4541718544341004,3.832423999891741e-13,275.625,63.8125,14.149236992327632
4.032089875020159,0.44782187808930546,3.5840189737103755e-12,272.4375,64.25,14.143553951199149
4.088829202239627,0.4487528084816328,2.586225285941399e-12,269.75,63.875,14.147706708357003
4.246577448400683,0.4819883672346236,8.230269043363186e-16,255.4375,72.25,14.155635891925872
4.099783913405025,0.4607983809972463,4.291313660477515e-14,279.5,67.9375,14.110254774030077
4.040198537617485,0.4618263964367793,4.297261676482151e-14,272.75,67.25,13.851153260972632
3.9513195173034417,0.4537026281716613,1.310858299194139e-13,265.9375,62.5,13.85115326097263
4.088329000423716,0.45337403904401385,2.6058162507051105e-13,274.8125,68.75,14.157205579876488
4.017123901328061,0.4635067486700209,1.6152225980087955e-12,272.3125,65.5,14.154079004381256
4.1607395693738844,0.42298789954600213,2.2378774925925103e-12,270.625,68.5625,13.854879242341246
3.996386809687864,0.453597552686021,1.3261593099155414e-13,266.0625,64.0,14.14700516288294
3.955058935561671,0.4612078400530931,4.017889737236116e-11,275.125,65.1875,13.92940281865307
4.01995565969786,0.4496570543015652,9.220615064448625e-14,275.625,67.9375,14.112222713339026
3.9864327356156632,0.4476174052464776,1.0883165906157943e-10,269.6875,63.0625,14.113841577572428
4.644920698496267,0.4524669134876763,6.24865783077699e-14,274.4375,81.125,14.14661671247756
3.9705578532163095,0.473314884488212,1.5279396035957748e-14,273.0,64.25,13.791842265044348
4.074044287114609,0.44818605300479153,1.834889283293561e-12,275.1875,66.5625,14.139150071635596
3.894900089838933,0.47480281506153743,4.007847606969575e-15,274.875,61.625,14.111318811273597
3.868989256660796,0.4545248079501474,5.800262332178538e-13,270.8125,62.6875,14.109035612405837
3.941363084924321,0.4698338154197656,6.64628295600818e-15,272.125,63.5,13.904655476834767
4.140154293351556,0.4439355280608218,9.364824863694934e-12,272.625,68.875,14.139089579705328
3.9494536064559846,0.4985084996055505,1.308295369652734e-16,266.125,62.125,13.859030344107154
3.97990384303276,0.471249851405526,2.1052371530325175e-16,277.6875,66.0,13.791842265044346
3.987130452168936,0.4723426890699935,3.8253993729403603e-13,276.8125,64.3125,13.863177513599329
3.937827666930003,0.47252136292920066,4.622561487779071e-15,273.4375,63.3125,13.85115326097263
4.426500863067309,0.44062020739910845,9.09546654547288e-14,257.0,74.0625,13.919221922590564
4.200426277490781,0.46509477317785214,9.299166662813712e-14,276.75,74.875,14.132906134600988
4.290285609779743,0.47533424657213824,1.0346517217434796e-13,269.625,73.6875,14.150195751142302
4.0284923093602245,0.44000717518778226,7.183196441041319e-09,276.5625,66.5,13.85115326097263
4.569425756429831,0.4672305329059337,9.559300550933638e-13,277.3125,78.8125,13.441481529831288
4.112489618711666,0.43223876812909834,1.243709515354438e-13,278.75,68.75,13.85115326097263
4.0476322665145155,0.4666637899982619,2.4472239813840103e-14,276.0,70.375,14.153155362018026
4.008167886573596,0.4611836560025575,8.122558411216636e-14,273.125,66.375,14.144368703739971
4.076598759916986,0.46688138873213625,1.0612596461282033e-15,272.3125,65.0,14.157205579876488
3.9410031577918496,0.4336877072811508,1.2168722376428266e-13,278.375,65.25,14.127198311161575
4.0149249214546465,0.4508399601095181,6.833100594744623e-12,267.0625,62.9375,14.147660059513123
4.175839956646514,0.41863334722573686,2.8794130971668704e-12,270.125,75.625,14.110254774030077
4.097578163393801,0.4420246973825667,3.1129698465130905e-12,272.625,64.3125,14.110254774030077
4.14315726929115,0.4155576211817988,6.504742748857283e-11,270.75,68.1875,13.85115326097263
4.024876854015871,0.45228556810911696,9.903642427955073e-12,273.9375,63.0625,13.923474661570763
4.0297410878954825,0.4428324587668214,1.1252355453028905e-11,272.8125,65.0625,13.923137868243405
4.171648143432451,0.4586946290207686,3.942668026029938e-12,263.1875,64.8125,13.85115326097263
4.16897953767878,0.42015922938901135,5.239407546322822e-12,272.5,68.5,13.851478380922476
4.189580959763038,0.4221202605323815,4.992214490530481e-12,282.375,72.9375,14.153155362018026
4.094017649528303,0.4558609056479127,7.601575052137299e-14,277.625,66.375,14.108581782232225
4.132522493608883,0.4562215428880701,1.1680603909923487e-14,265.9375,65.5,14.150863572088484
4.0406891996008,0.4493632436232624,5.54374107305437e-13,269.4375,63.0625,13.85115326097263
4.011615136885059,0.4444820429917626,6.904992823164298e-14,267.1875,65.0,13.984805686111098
4.026289931988736,0.45779208612585903,3.082541277434776e-12,267.25,63.6875,13.85115326097263
3.9606788536297866,0.4586011595807608,8.882195567960353e-13,276.9375,66.4375,14.137444766146452
4.1515012072072155,0.45267134032178846,2.38931614602389e-13,281.1875,70.4375,14.110254774030077
4.049426434228287,0.4155700373919483,1.6538788590598398e-11,262.375,63.875,14.150195751142302
4.097394154180725,0.426186154701808,1.9788980619595945e-09,272.5,66.5625,14.137444766146452
4.216725843033084,0.4176116804848242,1.963503805387605e-09,273.0,71.5,14.153177891845296
4.07014039794106,0.445266584438379,3.6143564462039275e-13,268.5625,66.9375,14.109331538497674
4.002913282272944,0.42092839867387893,2.0219475817660326e-12,269.5,63.625,14.107858151271758
4.0412362613972785,0.446359104350165,1.8621589018016132e-13,279.25,66.5625,13.857764860179055
3.946161731131187,0.4530622002160362,1.6525265941186421e-12,260.5625,60.3125,14.156199989348666
4.123872919633016,0.4294754929390937,5.529539402240468e-12,258.125,67.25,14.112222713339026
4.148423926067287,0.4382178897460291,1.2167531389755662e-11,277.5625,69.25,14.155054443311109
4.100674851540204,0.4517660467433221,1.3303102654792534e-13,272.125,64.375,13.85115326097263
3.986679612597398,0.45647372512841183,1.2893183966859144e-14,271.75,65.875,14.150509945469185
4.001920428623594,0.4348561644340967,1.5172980875198001e-12,266.8125,64.9375,14.110254774030077
4.059220445111419,0.44245328335305806,2.63390017298779e-12,278.125,64.5625,13.984805686111098
4.00218574628967,0.47332128937219714,3.2967517972746574e-15,276.875,66.375,13.984805686111098
4.039942771941926,0.472411679221158,1.9932250965608078e-15,277.1875,65.4375,14.14992185308868
3.8780014377415415,0.46328215734568245,2.275825512001434e-14,261.4375,59.1875,14.116991174079242
4.070708102580145,0.45078271844049855,2.347854779914228e-12,275.4375,66.4375,14.15211586322875
4.494516218610088,0.3690121157079272,5.081933965443339e-09,267.4375,79.0625,13.982233014680272
3.9464406615523537,0.4976400204919259,4.726989285924307e-17,270.75,62.125,13.85115326097263
4.027941509162563,0.45965075721640447,1.5580596697532315e-15,276.0625,67.0625,13.984805686111097
4.07270688000358,0.46007816660228174,2.0495286955289903e-12,278.3125,67.4375,14.110254774030077
4.032142692674014,0.440560356518466,1.7093695357003338e-13,272.75,65.0,14.149236992327632
3.98325563274538,0.4596658218548136,9.077195191184088e-14,271.9375,60.75,14.157205579876488
4.105937304523247,0.4603333878611675,1.2296020275553118e-13,275.8125,69.625,14.108581782232225
4.006257996976787,0.42261340020395693,1.940822630823249e-12,276.4375,63.6875,14.110254774030077
4.15102518387578,0.4549112417934531,4.352020699750068e-13,275.875,71.0625,14.15464224944035
4.0295965381740775,0.45150730102971376,2.6202291660296235e-13,275.5625,67.0625,13.791842265044348
4.131644256133879,0.4591600133970724,2.464603284930048e-14,278.375,71.5,13.85115326097263
3.9796917986434304,0.45087365287223213,2.4648047907898824e-10,272.8125,62.4375,14.141716819036146
4.1161990825991985,0.448959479398684,2.9235470969438035e-12,265.0,63.3125,14.107858151271758
4.2890209127512975,0.4487024418325656,5.6792910396014684e-14,273.125,73.875,13.85115326097263
3.93365171547322,0.4577387561666515,3.098145156543242e-14,269.1875,61.1875,13.853682414264602
4.05859071227428,0.4573820804316283,7.918411959321845e-14,276.6875,65.1875,14.113661306467458
3.9976929098336766,0.47539145990010273,4.509847661324496e-15,280.5625,62.5625,13.91902452836046
4.713777798606845,0.44973942723292815,8.026471323654721e-15,263.5625,83.25,14.154067323683233
3.9361827220965697,0.4927748692140562,1.6926349830015486e-14,274.625,62.625,14.156199989348666
3.907050769309528,0.4785889292495509,1.591168733413559e-13,271.1875,60.375,13.984805686111098
4.134339624791476,0.44446126766085187,8.609322016371437e-13,272.25,65.75,14.138233303470471
3.9578311487962976,0.4804526007721435,3.856098742627738e-15,280.0,66.1875,13.981526776553675
4.910107279442873,0.3949613890865666,1.3247409606267908e-11,271.125,90.3125,13.85115326097263
4.0828342541787945,0.4610763274877832,2.5748188587833722e-14,274.4375,67.75,14.151775533753687
4.258208583913583,0.4336770912113781,6.7370329898829475e-12,268.875,68.875,14.156199989348666
4.089113606012325,0.44685356461435377,8.961173652957991e-14,276.3125,68.9375,14.054256484044355
4.138753430947816,0.4425517214808991,2.0075301881359179e-13,270.75,65.0,14.154942967139476
4.132417485832172,0.44230978338504984,5.95385332392886e-12,271.5625,67.625,14.150556074058906
4.039653284883176,0.44050655038117975,1.0906155691888853e-12,277.1875,69.5,13.85115326097263
4.091979112335281,0.4503421915454134,9.903381456293956e-14,273.5625,67.0,13.983841096310492
4.045728613249779,0.4315730371841304,2.6917543358100557e-12,270.125,62.5,14.13012724983279
4.030237771475541,0.4664211398922653,7.044145514574238e-15,277.875,66.125,14.15407900438125
4.034815119362219,0.4413870337002864,1.0265453507791105e-12,270.375,64.4375,14.110254774030079
4.1837589230481385,0.4374459112500389,6.842820916628984e-12,271.9375,68.6875,14.110254774030079
3.974359098599381,0.47312887894464545,6.500482615594078e-15,265.5625,63.1875,14.114565208532897
4.014891068596742,0.44770412535902937,1.1798506550909378e-13,264.0,64.5,14.112557360949632
4.189985589749072,0.48071532156676666,2.241396653414026e-15,271.6875,70.125,14.117310962712768
4.210890137260641,0.42128617388484174,2.5299276711663688e-11,273.0625,69.0,13.851153260972632
4.160610913022462,0.43592649821323126,4.9287881685764447e-14,280.1875,71.0,13.85115326097263
4.047432281571503,0.4625855619165729,2.2612888221762263e-14,276.75,65.75,14.146131621428767
4.330299641263607,0.46336225085648686,2.3398104894948432e-14,265.125,71.5625,14.049636029775707
4.082340012327546,0.4590428221362915,5.174625073371866e-13,272.125,65.0,14.153155362018026
4.996987072416107,0.4242572594016998,1.6677309293412972e-11,268.875,91.25,14.079361418269135
3.9779802641670727,0.4490680976632675,2.6435329724079292e-11,280.6875,67.4375,13.85115326097263
4.0762770386859515,0.44459593565925754,3.543902269235256e-13,276.9375,67.0625,13.981526776553675
4.013504004647116,0.4616162122577419,4.2828343151967585e-13,275.0,65.1875,14.110254774030077
4.089984312521078,0.43784883554507337,5.058243649677445e-13,276.1875,67.8125,14.14700516288294
4.215598880297117,0.44043267048376167,4.156847084407556e-12,267.9375,68.125,14.157205579876488
4.042317130120521,0.4478281743853212,6.291581350323151e-12,266.625,61.8125,14.157205579876488
4.021930408098156,0.4816696514956805,1.7100857641675583e-16,273.6875,64.5,14.147791368264116
4.000778230619491,0.45893959633180326,6.684111615725273e-14,272.0,60.875,14.146131621428767
4.141071048272606,0.451572994787704,1.8587134241645244e-12,275.375,68.75,14.111423798230833
4.2291695641454,0.4577065933590213,6.693708536806767e-13,269.625,69.3125,14.110254774030077
3.9822766106353953,0.47252111158638327,2.0812960546163064e-15,265.5625,61.8125,14.1104115925266
4.23105496362555,0.4562234495491899,2.7590005782406434e-14,274.6875,70.25,13.85115326097263
4.028203306585459,0.48106294373050146,4.1070952501103326e-16,280.9375,64.9375,13.85115326097263
4.329470588168174,0.41757137329148064,7.63381837367792e-12,272.5,74.4375,13.85115326097263
4.422413317941407,0.42373705946603246,2.8366938137352392e-11,272.875,78.3125,14.135254644581758
3.9643228859197728,0.47548551735400446,1.3412422057782006e-14,271.125,62.1875,14.154642249440352
4.28071779709426,0.3969818630136682,5.655149116265759e-11,275.0625,74.1875,13.85115326097263
3.942300724367795,0.46728407503709407,1.241286849395019e-13,273.75,64.6875,13.851478380922474
4.045329414867705,0.4555150356087433,1.1907088124090616e-14,276.625,65.5625,13.851153260972632
3.968142344946183,0.4574265534385568,5.09472045015503e-12,266.6875,62.1875,14.111318811273588
4.083797536373826,0.44612803838049814,6.141793733379308e-13,270.1875,66.0,14.111318811273588
4.088005001457088,0.45353892231553183,1.1716469558577964e-14,277.5,68.8125,13.979534460754827
4.007636495446126,0.449898317218572,1.4139386247798657e-14,275.75,65.6875,14.054256484044355
4.103829785029549,0.4408817730831354,1.5957404225412404e-11,271.75,65.125,13.918151452001496
3.975520514311439,0.44983850544053183,3.667484152023241e-13,273.8125,64.375,14.153155362018026
4.247940551267551,0.4394069612751739,5.499676808317515e-13,277.25,71.5625,14.094413822754248
3.969052598370145,0.4858548865077043,3.769941798678871e-15,272.1875,62.75,13.876504812176188
4.004173837484076,0.4518097289473688,1.1338263828801285e-13,273.1875,67.0,14.137444766146452
4.080081368822856,0.4482468315866115,1.5327298957681361e-12,277.125,67.1875,13.85115326097263
3.9331102982228745,0.4319525346098058,9.556089486651742e-11,271.9375,64.375,14.108202179171773
4.040766080522526,0.45699013081799006,2.987875826796745e-10,274.75,67.375,14.153155362018024
5.225941140289262,0.42258021440025967,5.004160999515603e-12,252.5,92.4375,13.85115326097263
4.116520569273065,0.42985636024317886,5.717780842847141e-12,280.8125,70.6875,13.88359777549782
4.008386851760188,0.4524851857746022,5.163756923087163e-13,272.0,64.6875,13.85115326097263
4.042853837268493,0.4606385011541761,9.48738481653674e-14,277.125,65.1875,13.85458631633004
3.9811418120503457,0.4481015199705225,2.1756271494908276e-12,272.1875,65.75,14.05311849819845
4.097112041570245,0.4412854271043708,5.685340662738333e-12,279.0,67.5,13.981526776553675
4.063794357458204,0.46922470040831527,1.1291437688935427e-14,272.5,63.75,14.12993289012518
4.010855681339324,0.4822409179621453,1.649361754570663e-16,271.0,65.0625,14.138326525914374
4.03575715658508,0.4476478626708746,4.09080341820691e-12,279.1875,67.4375,14.153155362018028
3.9868735310849046,0.46183394085775104,1.0123403302501464e-14,267.5,63.5625,13.910882646987863
4.154644323784305,0.4505927219239012,9.985549458941024e-11,275.75,69.4375,14.113530990273446
4.048197841876576,0.45083378143841074,5.655276383501772e-11,271.375,66.875,14.15407900438126
3.9940374918296,0.4586706523803421,1.0382684958985305e-12,277.5,63.625,13.85115326097263
4.059127155200948,0.4724338230732448,2.930016877952626e-14,267.0,65.25,14.112877294420135
4.00038378563413,0.44929378302675727,2.3034369575086595e-14,276.8125,68.375,14.157205579876488
4.084189700056662,0.4582621280130299,1.9817629987080077e-13,276.9375,66.9375,14.151882803887837
4.0953807286244865,0.427064448230318,1.7331220599862987e-12,277.875,68.0625,13.933801198471015
3.9345335269612582,0.4818950775501982,6.209651353354251e-15,274.75,63.875,14.110254774030077
4.038907785050948,0.4691840703094702,2.0306794188418033e-11,273.1875,66.125,13.791842265044348
4.039982738422434,0.47887964680063144,4.8826831729665925e-17,277.1875,67.5,13.85255429122454
4.106372044519013,0.4632418628107778,2.5196390109992743e-14,272.4375,65.125,13.856722035562871
4.08482195127036,0.45363401537678366,4.4387322069374116e-14,269.125,66.1875,14.156199989348666
3.926606285206762,0.4671485715240023,2.6646809839202666e-13,266.6875,63.1875,13.85115326097263
4.025457310142371,0.45869024784893986,1.6908466406107458e-14,278.1875,64.25,14.139715351018712
4.095038388711088,0.4517859997756557,2.5288194809036853e-13,278.375,68.375,13.984805686111097
4.488406862741363,0.40610972370881954,1.000438178406958e-10,275.9375,76.375,13.851153260972632
4.021830312694179,0.471079478702937,3.1329228809314395e-12,274.1875,67.75,14.111318811273588
4.0987514982176165,0.4315407796821168,6.017589742745129e-13,280.125,67.3125,14.112222713339026
4.1978938650375355,0.41189060211990536,3.112092488698766e-10,278.3125,73.5625,13.85115326097263
4.070609974326107,0.44727452952032254,3.1189727571049277e-12,280.5625,66.6875,13.88003942148582
4.177050689328992,0.45648652900521264,2.2477122887936988e-12,278.8125,68.4375,14.10711666618376
3.9814277049728934,0.47373025525060114,2.9523051331785033e-13,274.875,64.125,13.857300817678464
4.115990671398531,0.42696685849761234,5.950202181388002e-12,273.0,68.25,14.154079004381256
4.3455096293642095,0.40887886188726386,4.64050102298309e-11,276.0625,76.5,13.85115326097263
4.0948525702699845,0.44675643404061693,6.532709621613325e-13,273.3125,68.375,14.111318811273588
4.134393719527777,0.4282275758227332,1.0472615474068551e-11,268.6875,68.25,13.981526776553675
3.9796815003246735,0.46883138126623497,2.459663397353255e-13,276.625,64.8125,13.85115326097263
4.192983211141601,0.46293083375978095,3.665912365578839e-15,274.5625,69.8125,13.85115326097263
3.990117677180656,0.4571154974075882,6.368660627218615e-15,274.625,63.875,14.152721364178772
3.9476581800513824,0.4748525829933956,1.3183616259049517e-12,274.9375,62.8125,14.100681368012369
4.166686977730996,0.42683378105365827,7.055847138811979e-13,268.4375,72.4375,14.153155362018026
4.151157672483027,0.470388583802592,2.3594461901417958e-15,274.0625,69.5625,13.85115326097263
4.819531989197614,0.41305643116030416,4.662720421441988e-12,269.4375,89.125,13.80858089344178
4.992808280134186,0.38613886439855233,6.059787118630965e-10,259.9375,91.3125,14.156020746172873
4.052991054140419,0.4585823379067763,1.2712655941232033e-11,270.6875,63.6875,14.111318811273588
5.00063415413614,0.37017166944378127,1.0020833462678508e-08,264.5625,89.75,13.853445050902172
4.049558913907535,0.4579179265245674,1.038774795830303e-12,277.4375,67.0,13.85115326097263
4.330846673348313,0.43085706797827333,7.111592408903274e-13,272.625,75.6875,14.108581782232225
4.021341346847351,0.46352836120893987,1.5630906390896104e-13,272.6875,64.5,14.151663038025012
4.099681111503117,0.4512831056173304,3.419348387256384e-14,273.125,65.625,14.146131621428767
4.055577019350498,0.4672614058238747,1.1919528546878316e-14,275.8125,66.1875,14.112597269223947
4.199841111539155,0.4311260086257164,5.462171030382438e-12,273.75,69.4375,14.110254774030077
3.929471466036535,0.4747986766478556,5.3174040114921276e-14,275.0625,63.1875,13.92072510231913
3.9314527911308064,0.482541129031852,1.40489220639143e-15,283.3125,66.0,13.984805686111098
4.19725084538505,0.46034463532747855,8.060427174283645e-14,262.1875,64.0,13.85115326097263
4.117784596486357,0.4606326601528136,4.753545002281098e-13,269.625,64.625,14.14726718404227
4.214843236530004,0.43714766982706305,3.8119752956097067e-13,273.25,70.875,14.108244789223823
3.9425419025223287,0.45052954293249414,1.6940987546634954e-12,279.8125,64.8125,14.110254774030077
4.01647757063809,0.4151663362413354,3.1065604618996154e-12,262.75,62.8125,13.91058473977704
4.032456954069229,0.42362803388875814,7.952165678012724e-12,265.625,63.3125,14.10607515663319
3.9234949184042174,0.44862201903559307,5.414750165868694e-13,281.125,66.25,13.88003942148582
3.9631103700585135,0.4429846795015549,1.0598670984981276e-10,276.125,65.75,14.109645819475732
3.9575265611874624,0.45143173196652664,9.025642976826294e-13,276.4375,65.25,14.157205579876488
3.945119155109031,0.45605523186004754,5.508862837947619e-14,275.0,64.4375,14.109645819475732
4.243106659207948,0.45396804317142014,3.15413634355935e-13,280.8125,73.8125,14.111318811273588
4.224547919602936,0.41437183681907275,8.247821028274495e-12,271.75,67.5,14.146131621428767
3.947636083758999,0.4610621549098397,8.84084942728354e-15,270.5,62.0625,13.85115326097263
4.452190188516573,0.4134001778159945,8.201385128128248e-10,275.375,76.5,14.110254774030077
4.136396927458828,0.42082854543507775,2.1965345172077514e-11,277.625,71.875,14.139715351018712
4.004112913580498,0.44414406055033007,3.003864680697849e-12,269.4375,63.625,14.110595180313123
3.9616700335822745,0.47011641288124767,7.970567661502423e-14,272.6875,64.0625,13.898553282529535
4.116421163512427,0.4577152250778707,5.15144130210086e-13,275.0625,66.625,14.143719768262688
3.9927810424039327,0.4724699485693697,6.629426773397729e-13,267.375,63.0,14.156199989348666
4.008307195110995,0.4619279465867709,7.390767051522673e-14,276.25,68.4375,14.157205579876488
4.099552965062623,0.46860840995625375,1.161260595037477e-14,272.0,67.8125,14.109645819475732
4.034389861517644,0.4635775395388621,1.2969571114872165e-13,275.125,67.6875,14.150863572088484
4.735150004091801,0.4108896812529552,8.861184848668168e-12,261.3125,81.625,13.911703046291413
4.0789187018406095,0.426978244577156,3.3694263864599794e-13,273.5,66.5625,14.148720530478275
4.047951639268118,0.43130836539552014,1.805247204997384e-12,279.625,67.25,13.91902452836046
4.114687700815791,0.44756900255127935,8.965442092339852e-12,268.5625,65.8125,14.114565208532897
4.063328489689296,0.4155974972619847,2.0682256438856173e-11,272.5,64.3125,14.146131621428767
4.066263369516235,0.44772529989103704,8.589134280602635e-14,277.875,67.375,13.984805686111098
4.1022869526950325,0.45045061615176807,1.800462032141946e-12,275.25,66.0,13.880159477095148
4.073119590881613,0.44836847789672774,2.4531607120989717e-12,273.5,65.25,14.110549721541172
4.061824267646657,0.45541407943470336,1.8421864187808878e-09,280.9375,67.4375,14.151775533753687
4.059319847046578,0.4451960457076739,4.3869683415636e-14,270.3125,63.8125,14.150195751142302
3.929447862862683,0.429259576991687,6.283919676013312e-13,277.6875,64.8125,13.984805686111098
3.9971665359163913,0.4549395352845096,1.5728138977158198e-14,270.75,63.375,14.112222713339026
4.07172247386388,0.4054029452713323,1.5947088457103815e-10,268.9375,66.9375,13.984805686111098
4.111622288439267,0.45483153164376205,2.24541911307038e-12,274.8125,64.375,14.154079004381256
4.0772188721998,0.45549444874289213,4.786322666688355e-13,272.3125,65.1875,13.851478380922476
4.067334023777967,0.4666429160169015,2.2360272521808792e-15,279.3125,67.125,13.984805686111098
4.0008034964984605,0.4651741575861564,3.67853784656014e-14,279.4375,64.9375,14.150195751142302
3.959816148228108,0.44820332175124367,6.746465702463363e-14,267.6875,62.6875,14.150574284688908
3.9195224399510655,0.46756759108016355,6.085700441856452e-14,269.9375,63.0625,14.155054443311109
4.022826694170861,0.46922119512051286,1.3364948166894494e-13,277.375,65.5,13.854007534214448
4.031664167948415,0.44664158639924095,2.9868219637283993e-13,273.8125,65.375,14.15407900438126
3.8936972866332495,0.46626302514535406,2.7068216378954963e-13,267.0625,60.375,14.156025638510807
4.207058633651217,0.4281263267844203,5.273778842583995e-09,281.8125,70.625,13.984805686111097
4.031585131268573,0.4602372163050737,8.344348728115104e-15,278.875,68.25,13.85115326097263
4.056685541628477,0.4408195987670827,2.3840542468274317e-12,271.5625,65.875,13.85115326097263
4.104310486123097,0.4438149267527784,5.5790282596296457e-14,274.375,68.25,13.981526776553675
4.173528223754113,0.43965387568300635,8.465579707410868e-12,272.9375,68.625,13.791842265044346
4.095055213505645,0.44571867380403174,6.188369426983637e-13,281.6875,69.4375,14.140439308228695
4.080260916639165,0.4628125133805384,8.120149045441495e-13,261.5625,64.25,13.85115326097263
4.053413606177183,0.4452011892626069,3.855696044012896e-12,275.6875,66.0,14.130369142023415
4.149979327166353,0.4193592699905747,2.9744829699567583e-11,271.6875,69.125,14.02977639921312
3.982094943877285,0.44085383205793366,2.2580779707833314e-12,266.9375,64.25,14.157205579876488
4.069262655397136,0.4396687936048952,1.7831601754512994e-11,275.8125,68.375,14.154942967139476
4.083169131562646,0.41250634293042,8.103106271157882e-09,274.8125,67.1875,13.85115326097263
4.056271911159343,0.46134752817578456,3.054143092990032e-14,275.75,67.3125,14.108581782232225
4.172277700017964,0.4239910500949474,4.917359322527649e-11,274.625,68.875,14.150863572088484
4.152672415964488,0.48290770857634335,1.622471521563869e-15,270.25,66.375,13.926230918113124
4.202790623413168,0.39087831173592374,3.2011123040291006e-09,271.1875,69.5,13.851478380922476
4.162425438160634,0.46725414038223506,1.627379181622256e-14,275.1875,67.8125,14.154089853510504
4.237126338368792,0.43053388921039726,2.837313845143416e-10,278.5,73.25,14.125275514042903
4.0970434662410975,0.43044176817104024,6.625443749474421e-13,266.6875,67.5,14.10841765182706
4.404733949599397,0.41062124923465504,2.4381441946954506e-12,271.9375,75.875,13.85115326097263
4.04014520778261,0.4403675807076207,7.580676797218225e-12,278.625,67.875,14.108581782232225
3.9729785951822674,0.4590988363557156,6.615437196559367e-13,270.75,61.8125,14.110254774030077
4.061022082542761,0.4393398104101584,2.0347996975754355e-12,272.4375,65.25,14.121426373702814
4.131023814314838,0.4558558107589656,1.9657640492716472e-11,277.25,66.6875,14.151190422650473
4.033056116483754,0.44752054681514586,4.854036825958466e-12,277.5,64.5,14.157205579876488
4.112226253318913,0.43753979446277474,3.022498870019389e-11,274.5,67.8125,14.146518408412057
4.023887366819389,0.46282855967072745,1.4591381992599853e-12,275.8125,65.125,13.984805686111097
4.057033201061769,0.465127363367373,3.184178810317427e-15,273.25,64.75,13.85115326097263
4.412495856673193,0.43054286644418327,5.41310629459359e-13,272.8125,76.5625,14.148777826157964
4.441431710159262,0.4005002871927687,1.1212071867052744e-08,271.5625,77.25,13.85115326097263
4.065164803190706,0.4720622384825455,3.139131181512878e-14,268.9375,64.375,14.111318811273588
3.976721159921491,0.4504619657358892,1.16886207046004e-13,273.6875,64.5625,14.157205579876488
4.054889388699167,0.4823826251160219,5.986591624144312e-13,271.1875,68.0625,13.852350089049274
3.9972419946534337,0.4460295690474141,1.2691810851516437e-11,272.625,64.5,14.104102858196512
4.063918439225778,0.4400833000355352,1.7839400559110268e-12,270.25,65.5625,13.984805686111098
4.113753647515585,0.4605183875015378,2.39128165746128e-13,280.0625,70.3125,14.157205579876488
3.9356787510761735,0.433533954217876,4.6421738191572647e-11,265.25,62.3125,13.85355089100857
4.141784400695609,0.46262962411761743,9.858624667286465e-11,271.125,70.875,14.153966382970063
4.081757928946423,0.4539078315810969,7.834463696670743e-14,274.125,67.625,13.85115326097263
4.047910943402775,0.4427682177328537,4.145100507356781e-12,273.1875,65.75,13.85115326097263
4.025084167315868,0.4505328630808933,1.4514466250843467e-12,259.8125,62.0,13.881920989701156
4.049714662211019,0.460235827251844,2.4198028745779057e-13,270.875,62.875,14.154079004381256
4.065979276726947,0.4555907071115702,6.791416985712367e-13,274.9375,65.875,13.85115326097263
4.2781080043211155,0.4283483877370958,1.2126286005938636e-11,270.0625,73.25,14.079361418269135
4.073138761602202,0.45004899007875343,1.7654544745657686e-11,272.75,66.1875,14.146131621428772
4.318479650132355,0.44011810671165535,2.2105667035032234e-12,263.5,68.125,14.140179831852194
4.142498952813126,0.45393681715443907,2.668914139043294e-10,281.0,69.9375,13.85115326097263
4.29238506615186,0.42114494438675926,6.342065974138596e-10,274.8125,70.625,14.104402164835337
4.056223868055076,0.46623088840337634,2.981386867533157e-14,278.0625,66.3125,13.97821342397056
4.040317347882995,0.44304304496335295,9.549544149718245e-13,269.9375,64.4375,13.903697016109042
3.96291275288086,0.5042129732760136,1.4668852202704662e-16,269.3125,63.125,13.85115326097263
4.131832318294706,0.41950655569765544,1.4388043108342602e-09,273.625,68.625,14.112597269223947
4.047157316467712,0.4411889621148224,1.9464298377408458e-13,279.5,67.3125,13.851478380922476
4.095325181737949,0.44857724855873793,4.657717299697673e-13,275.0,65.375,14.152115863228753
4.043937241929611,0.43015007047079656,1.5847883292643596e-12,268.25,64.3125,13.981526776553675
4.072466892599454,0.47238148918873224,7.188864824668843e-15,270.4375,66.6875,13.85115326097263
4.172015817894745,0.4280498463680808,1.1387479583518806e-10,272.25,68.375,13.791842265044348
4.194122024768338,0.47255846058474216,1.6717418300962404e-16,268.5625,72.375,13.851478380922476
4.0949264961165515,0.47056827116569544,4.260105233202565e-15,278.875,67.625,14.157205579876488
4.143060294726614,0.46492676295652746,3.532414854263888e-12,273.875,67.625,14.1439251601805
4.259300376241629,0.3953764002611087,6.743469990687834e-10,271.6875,70.375,13.85115326097263
4.2856432910747015,0.4377139257452717,8.578291042247975e-12,261.375,68.0625,13.87810392790787
4.0783603863824585,0.46981731525787174,4.1303042334396656e-15,275.8125,68.0625,13.979988544224712
4.139532556435886,0.4653560221707664,2.1322832347366202e-14,271.9375,67.0625,13.857300817678464
3.986168543333775,0.45409701464056806,1.3740564449668734e-12,280.125,66.75,14.110254774030077
3.948759580085128,0.48075273219947706,8.351105085702969e-15,272.4375,62.5,14.150033781747972
4.5024794759719695,0.4157887658428549,4.3856712060714127e-10,273.8125,81.4375,14.110254774030077
4.038878480458108,0.46340399106317354,1.0341997281291053e-14,274.6875,67.1875,13.85115326097263
4.227171290023485,0.4266825681645493,3.4655648920458537e-10,276.1875,75.5,13.85115326097263
3.9713064782679086,0.4859029187761973,1.8303879508013515e-15,279.6875,66.5,13.85115326097263
4.000929118874392,0.4576475136733882,2.8562468603907853e-11,271.0625,64.5,14.11366130646745
4.097620181021458,0.44443027700281834,3.9960184088938503e-10,277.875,68.875,13.856396915613027
4.6801993695674335,0.3786525642869665,4.6323690242474797e-10,273.4375,87.75,13.9351650687702
4.324405243416291,0.4222417796393438,1.6301109755042293e-11,270.6875,73.5,14.143686338803388
3.961812924053648,0.4669150169272824,3.16693846122916e-14,272.3125,63.0,14.082747968042716
4.010278640470281,0.45126250744997454,3.620171021766424e-14,272.1875,65.4375,14.14995738700381
4.216357835208074,0.43160366836323416,3.4615832172219545e-13,276.9375,71.25,14.133841575351134
3.980715905686848,0.47852800093040465,4.861895771478579e-14,277.0625,63.3125,13.981526776553675
4.188858228761749,0.4111664999461912,1.5867686775692204e-11,274.3125,72.5625,13.85115326097263
4.064355965445657,0.4476965046473744,1.5989638009514218e-13,271.125,66.125,14.112222713339026
3.9921550213971977,0.4480184084173733,3.961789851233848e-14,276.4375,66.0,14.13451262917219
4.6113363292489336,0.4445283974087282,1.4693257836288206e-13,269.25,78.25,13.932609403206312
4.097721028152453,0.46264013908221346,5.049525716456955e-11,271.8125,66.625,14.110254774030079
4.093318378616231,0.4258114524798236,3.568634218152443e-12,272.6875,66.375,14.110254774030077
4.022879830814701,0.44250234447064585,3.4048079754457116e-10,272.375,65.3125,13.9768279597453
3.9316899144076336,0.4534832558256012,1.277313380185265e-13,267.25,61.4375,14.130109016063447
4.020072395491631,0.4421484509761675,2.770470211417354e-13,263.0625,61.8125,14.114622155965343
4.174752611897802,0.4163983658109032,2.996064979760553e-12,277.375,70.875,14.152997217190208
3.9774184748618513,0.43389127540009687,2.4003950217635736e-11,270.125,63.125,14.111132153175486
4.0672047648626775,0.4766740537532389,3.620765761785694e-15,265.8125,65.8125,14.152980478233893
4.079505943966729,0.4618922330892888,2.6872708263715466e-13,276.625,64.5625,14.1511404242989
4.3193490849009875,0.3881504575445748,2.822068070540596e-09,274.0,73.5625,14.112222713339026
4.021841059694963,0.48025015192819925,6.147276815304027e-13,275.5,65.1875,13.85115326097263
4.016398883006751,0.4459419841722779,1.1435852883225908e-12,275.0625,63.375,14.142068975379596
4.146075821392799,0.41279769138619826,4.981003857272807e-11,276.8125,68.8125,14.158146547241689
4.019670744084622,0.45008064791721625,9.223476676278213e-13,278.5625,68.5625,14.112597269223947
4.066302441433275,0.4501578036246814,4.374673659469498e-12,275.1875,63.125,13.984805686111098
4.02959179450114,0.4483033361500113,2.485846780285877e-13,273.75,63.1875,13.984805686111088
3.9105791219635018,0.43964481928745586,2.081538494950217e-13,278.8125,64.625,13.85115326097263
4.096993382108288,0.4624988076235894,1.3618764803235034e-12,274.25,65.6875,14.15095582073228
3.9947124597635897,0.44522885076223073,8.114445743025018e-13,264.375,61.6875,13.85458631633004
4.06516358277408,0.47345965598718703,3.037676957287874e-15,275.6875,66.1875,14.154555100588627
3.9855245325890944,0.4423103208110488,5.488248031887887e-12,282.1875,65.0,14.15407900438126
3.980840182335182,0.4595931256859804,1.1094220505465449e-13,267.3125,62.0625,13.931305888973297
4.135260732689539,0.4444339017610997,9.895592447397785e-12,273.5625,68.3125,13.85115326097263
4.155265726736009,0.44832305429482255,9.493268571616407e-14,274.875,71.5625,14.150863572088483
4.194549589112063,0.40273014002649415,5.2487296801735446e-11,271.125,68.4375,14.10607515663319
4.406289765524001,0.4191949556355688,9.878175730808514e-11,266.6875,72.875,14.156199989348666
4.117310956830627,0.4117591671849882,6.383575402700694e-10,271.125,68.0,14.152980478233893
4.032316743792729,0.46217293590102,1.3763068166488964e-14,266.3125,65.125,14.107858151271758
3.9370590537079,0.459968488243576,4.575076062633621e-14,273.375,63.625,14.151561404316787
3.9709336956424033,0.4497359022543886,4.0494427941139394e-14,275.5625,67.4375,13.791842265044348
3.925163865647832,0.43703790287210453,4.388897681859995e-11,269.625,59.0625,13.982003723930447
4.065989735550346,0.48053941450688753,2.0007010344516756e-15,277.5625,67.5625,14.113389066518051
4.0372042835751785,0.4248117279618967,9.130138414733416e-13,270.5625,67.625,14.111132153175486
3.971812002713776,0.4694880593995595,7.537538733610878e-15,270.75,62.6875,14.117119547855626
4.111863191486797,0.46851194776809835,3.635465088021298e-15,271.4375,66.9375,14.144197482864074
3.998743426668256,0.4500998408767728,1.0701796276428709e-13,270.9375,63.375,14.107725620738107
3.8068431014925967,0.47354013401263023,1.212244146887792e-14,275.6875,62.1875,13.85115326097263
3.9821176606588424,0.4785935115396863,4.191239465885205e-15,276.8125,65.125,14.137444766146452
4.322298749524828,0.40975596367432254,5.985970812335516e-11,268.0,69.5,14.050170537835408
4.119741538350853,0.43377186179640687,2.6330282272125364e-13,276.25,69.5,13.85115326097263
3.9913516552569384,0.4693177968466892,4.1285266086215404e-13,276.5,66.8125,13.85115326097263
3.8996308938146416,0.4866443156510487,1.944368897059228e-15,272.3125,60.375,13.999589807441327
3.96256526627568,0.4642138605412784,7.811862731044979e-14,267.5,63.875,14.146131621428767
4.17236676397139,0.4406364882022191,1.5977848053747397e-12,277.375,70.0625,14.112222713339026
4.09179070120855,0.4496291309809401,5.649131023290743e-13,277.75,67.0,14.091384160817581
4.009338612057434,0.4709025064937992,2.15980906567475e-15,272.1875,64.4375,14.1273595730616
3.9431325880752497,0.468207859858988,4.019887002202162e-13,273.0,63.125,13.912490334792507
4.279390137293627,0.4561435651833659,1.916748953746584e-13,270.75,72.625,14.154555100588627
4.043898864710548,0.4500303342882448,8.510260287503471e-13,275.125,68.0,14.143675393251325
4.093752732757329,0.46399323793426805,2.211631927234057e-15,278.875,69.625,14.146131621428767
3.9757410588370794,0.44368882303259055,2.1302529595872974e-12,272.375,64.6875,13.851478380922476
3.8824255465113886,0.46630166237490894,9.140923625522099e-14,271.0625,63.0625,14.110254774030077
3.9914260583718626,0.44985487729958173,2.462571203654876e-13,270.8125,63.75,14.15814654724169
3.983776950441368,0.4595854588869074,8.875282562192135e-13,278.75,65.8125,14.12191171923668
4.211157298833177,0.42487183657391775,2.4497099897554262e-09,274.875,72.4375,14.154555100588627
4.127506331897764,0.44301012898260017,7.300691254878295e-13,277.1875,70.4375,14.108581782232225
4.032204210717783,0.44676005024660453,6.796850974840045e-14,274.0,65.25,14.110254774030077
4.014229314673919,0.4790405283811048,1.118357025027721e-14,276.5,65.9375,13.984805686111097
4.044020019975842,0.4438248822475091,1.501295651156219e-11,275.4375,65.375,14.156199989348666
3.981299148286877,0.4788200193461489,3.2488646285086076e-15,281.0,66.8125,13.805007666367883
4.118147370775328,0.4388606860595088,2.8480073560942155e-11,267.5625,67.625,14.131792986757004
4.047759059331799,0.4958292536087749,2.541196898651726e-16,277.375,66.6875,13.984805686111098
3.952716767818632,0.46647343990231455,7.26828629564511e-14,274.3125,63.4375,13.85115326097263
4.079942789779049,0.45885270621492286,1.3968776931670874e-11,277.375,68.1875,13.922394593067168
4.017843079590859,0.43690561511386294,1.5550275290257087e-11,269.25,62.625,14.146131621428767
4.03339200819706,0.4521515671568731,4.816354737799449e-12,272.625,64.3125,13.85115326097263
4.050899149741149,0.46865261190835034,8.462138846143175e-15,275.875,65.75,14.150985617914424
4.02652561318091,0.4517745809604677,1.565307372165568e-13,271.0625,65.875,14.148836953671331
4.049129679224882,0.4733295965950058,1.9167249243818565e-15,276.125,63.125,14.15494296713948
4.034620441549129,0.4426068636491765,2.3390183669345913e-12,270.1875,63.6875,13.85115326097263
4.0783274645210765,0.4465717908773942,1.2546806321419792e-12,277.3125,69.0625,13.856396915613027
3.9501836623740023,0.4721424899623262,2.9283826709443114e-15,271.5625,63.4375,14.15407900438126
4.092222947665336,0.4329757819622526,7.826764055454131e-14,280.5625,68.0625,14.111318811273588
4.162658576711383,0.42202265177226606,2.5659845226252436e-10,270.5625,67.0625,14.108581782232225
4.1625854081767155,0.3927688328162872,9.885977049020148e-10,269.3125,66.5,14.112597269223947
3.97627697386739,0.4565388962688679,2.548051610507806e-14,276.5625,66.6875,13.881920989701156
4.74206592407741,0.4047864356979241,1.3359815000782155e-09,272.5625,85.6875,14.1252755140429
4.03387523289709,0.4437794882876051,1.2950539212549824e-09,274.625,65.875,14.15407900438126
3.941539523262073,0.47033314760885214,9.995769427902148e-16,277.6875,65.0625,13.85115326097263
4.123653672658731,0.4594236690524619,2.093195403237767e-12,272.6875,67.5625,14.11063684443598
4.112607391959537,0.47720883339935394,1.0722426536086823e-13,273.5625,68.0,14.13262349446948
