epoch,g_loss
0,0.6478136637144618
1,0.6310447214378251
2,0.6384323057201173
3,0.6488724441991912
4,0.6766105078988605
5,0.7191063612699509
6,0.7424126639962196
7,0.816089460419284
8,0.8237533652120166
9,0.8357592887348599
10,0.8324640641609827
11,0.8066585564778911
12,0.7973738101621469
13,0.823934885362784
14,0.7685227298902141
15,0.7491141706705093
16,0.7401430726879172
17,0.7108297213498089
18,0.7208601962774992
19,0.7054388924605317
20,0.6855221442464325
21,0.6759188266264068
22,0.6632628465692202
23,0.6458578251509203
24,0.6322040730673406
25,0.6267906348738406
26,0.6248067708479034
27,0.6270821847849422
28,0.6187666645273566
29,0.6216509331845574
30,0.6032899614009593
31,0.6113231653968493
32,0.6200675699445937
33,0.6189311055673493
34,0.6103797343870004
35,0.6090415327085389
36,0.617179621838861
37,0.6025692419045501
38,0.6138791640599569
39,0.6118209349612395
40,0.6108087139825026
41,0.602708577281899
42,0.5930519505507417
43,0.5947501038511595
44,0.6017814179261526
45,0.5828637931909826
46,0.5813470306909747
47,0.5798715642756886
48,0.5909952558577061
49,0.5757529938386546
50,0.5790156655841403
51,0.5759747450550398
52,0.5719337459239695
53,0.5760657203694185
54,0.5825873584383063
55,0.5738844917052321
56,0.5763842997451624
57,0.5749259069561958
58,0.5689913411107328
59,0.5831263971825441
60,0.584353882405493
61,0.5888235933250852
62,0.5987315343485938
63,0.5882882210943434
64,0.5985994107193418
65,0.5947848368022177
66,0.5864509758022096
67,0.6065427876181073
68,0.597152923544248
69,0.6062057614326477
70,0.5888007465336058
71,0.5947696458962228
72,0.5723939115802447
73,0.589410137799051
74,0.5846125665638182
75,0.5933235738840368
76,0.5977792830930816
77,0.5879138658444086
78,0.5881567456656032
79,0.5815175581309531
80,0.5844835440317789
81,0.5846960130665038
82,0.5777254708939128
83,0.5662283686300119
84,0.5678804218769073
85,0.55163489571876
86,0.5445422410137124
87,0.55168949564298
88,0.5355228434006373
89,0.5338661182257864
90,0.5392800445357958
91,0.5454953420493338
92,0.5531252328720357
93,0.5542187591393789
94,0.5728799369600084
95,0.5846260951624976
96,0.5811389096909099
97,0.588934052321646
98,0.5939492409427961
99,0.5998473283317354
100,0.6057234423028098
101,0.6015231882532438
102,0.5983130815956328
103,0.6058425779143969
104,0.5972094875242975
105,0.5935976935757531
106,0.5718058298031489
107,0.5735282707545493
108,0.5845048998792967
109,0.5689159511691995
110,0.5731303683585591
111,0.5710811764001846
112,0.5676185546649827
113,0.560675825095839
114,0.5551548765765296
115,0.5744884817136658
116,0.569627164138688
117,0.5658906789289581
118,0.5676383881105317
119,0.5667366103993522
120,0.5820997613999579
121,0.577687543299463
122,0.5964859401186308
123,0.6064697942799993
124,0.6179015123181872
125,0.623639777302742
126,0.6117164012458589
127,0.6030973204308085
128,0.5986289266082976
129,0.588825547032886
130,0.5763365005453428
131,0.5609217956662178
132,0.5758179736634096
133,0.5727680971225103
134,0.5824931752350595
135,0.5801821053028107
136,0.5708761281437345
137,0.5888019179304441
138,0.6010009679529402
139,0.6067672512597508
140,0.6130344155761931
141,0.6011877324846056
142,0.6073266027702225
143,0.604325415359603
144,0.5948941368195746
145,0.6024063610368304
146,0.595044769346714
147,0.5954400656951798
148,0.6050643399357796
149,0.5848923756016625
150,0.5807823431160715
151,0.5891990347041024
152,0.5571564692589972
153,0.5607219603326585
154,0.5645515703492694
155,0.5744086686107848
156,0.5742779696981112
157,0.5625700818167793
158,0.5659889305631319
159,0.5804703947570589
160,0.5943671978182263
161,0.5910894903871748
162,0.5951394298010402
163,0.6049977151883973
164,0.6203591434492005
165,0.6141868498590257
166,0.6230946580568949
167,0.6192009250322977
168,0.6044104256563716
169,0.6090385922127299
170,0.603956530491511
171,0.6040392716725668
172,0.5997946808735529
173,0.6040614056918356
174,0.595964597331153
175,0.595475762254662
176,0.5918255721529325
177,0.5790514242317941
178,0.5906494524743822
179,0.5760564381877581
180,0.579840884440475
181,0.5828811418679025
182,0.5735354034437073
183,0.5787153012222714
184,0.5738085131678317
185,0.5528447421060668
186,0.5410030239986049
187,0.5299078445467684
188,0.5365722986559073
189,0.5344871940712134
190,0.5358526582519213
191,0.5380666972034507
192,0.5332450626624955
193,0.5473624546494749
194,0.5452870275411341
195,0.5515395642982589
196,0.5406921452118291
197,0.5530560678905911
198,0.5483657274809148
199,0.5553431337078413
200,0.5546657509273953
201,0.5662363428208563
202,0.5570065892404981
203,0.5624178068505393
204,0.5687994998362329
205,0.5644645612272952
206,0.5577975747485956
207,0.5429618143373065
208,0.5435739755630493
209,0.5442864228453901
210,0.5278770989841886
211,0.5408778116106987
212,0.5395159390237596
213,0.5379206124279234
214,0.541265469044447
215,0.5448902746041616
216,0.5377413622207112
217,0.5393027568029033
218,0.5401837250424756
219,0.5224209158784814
220,0.51909429497189
221,0.5183892978562249
222,0.530111700296402
223,0.5350534046689669
224,0.5323859449062083
225,0.5293621193203661
226,0.5235257343285613
227,0.513345082807872
228,0.5102557637211349
229,0.5057215051104625
230,0.508279774338007
231,0.5258677477637926
232,0.519039746787813
233,0.5164147781001197
234,0.5109738248089949
235,0.5046368063324027
236,0.5093547590076923
237,0.5208365528119935
238,0.526724381165372
239,0.5251236905654272
240,0.5591807729668088
241,0.5619846549299028
242,0.555684412519137
243,0.5516845691535208
244,0.5401630935569605
245,0.5296674946116077
246,0.5294576142397192
247,0.53482193665372
248,0.5403123518659009
249,0.5478333946731355
250,0.5439512290888362
251,0.5519635495212343
252,0.5400069836113188
253,0.5380811654031277
254,0.5282144173979759
255,0.5248948095573319
256,0.5104758081336817
257,0.5214164215657446
258,0.4893976811112629
259,0.503093703960379
260,0.5062738040255176
261,0.5043268067141374
262,0.5125906589544482
263,0.5410585593846109
264,0.5399675783183839
265,0.5570138436224725
266,0.5445813975400395
267,0.5406986499826113
268,0.5174328738616573
269,0.5223779939115047
270,0.5115097595585717
271,0.514516127606233
272,0.5086955316364765
273,0.5026085293955274
274,0.5081349238753319
275,0.5177363856799073
276,0.5394689068198204
277,0.5378228715724416
278,0.5792430746886466
279,0.5869273311562009
280,0.5847631394863129
281,0.563788529071543
282,0.5282387443714671
283,0.5226115079389678
284,0.519996737026506
285,0.5077181791679727
286,0.496722125965688
287,0.49373604564203155
288,0.516893420368433
289,0.5157763328817155
290,0.5223770021564431
291,0.5310992987619506
292,0.5218679379257891
293,0.5213349353935983
294,0.518406028755837
295,0.5215960459576713
296,0.5346638829343848
297,0.529708361874024
298,0.5405036451088058
299,0.5297179362840123
300,0.5327175681789716
301,0.5257273883455329
302,0.5229202190207111
303,0.5253464024927881
304,0.5180777232680056
305,0.5310470548768839
306,0.5486422657138772
307,0.5651317917638354
308,0.5639244905776448
309,0.5465784292254183
310,0.5304469329615434
311,0.5137679887314638
312,0.505634828367167
313,0.5005720628218518
314,0.5092230662703514
315,0.5186294938127199
316,0.5245390944182873
317,0.5428008880052302
318,0.5259550458027257
319,0.5373435306052367
320,0.5388599481019709
321,0.5221799338857332
322,0.523367321325673
323,0.522911012172699
324,0.5038890766186847
325,0.5061704731649823
326,0.5069074098848634
327,0.5135769355628226
328,0.5066571136315664
329,0.5202935905092292
330,0.5332716152899795
331,0.5374432806339529
332,0.544714566734102
333,0.5288617155618138
334,0.5102352470987372
335,0.5080069404923253
336,0.5144492561618487
337,0.518023201988803
338,0.5178682323959138
339,0.5215017878346973
340,0.5284994087285466
341,0.5228568373454942
342,0.5057962056663301
343,0.49408478372626835
344,0.49711892505486804
345,0.5220843516290188
346,0.5049564263059033
347,0.5183168330954181
348,0.5288475739459196
349,0.52943298055066
350,0.5185611003802882
351,0.5121336289578013
352,0.5067664020591311
353,0.5021696053445339
354,0.5159937447557846
355,0.5131818254788717
356,0.5022764435658852
357,0.5106394038432174
358,0.5151959529353513
359,0.5006993924164109
360,0.5013765789982345
361,0.4861620865348313
362,0.4884519390761852
363,0.4930060901161697
364,0.49240174310074913
365,0.5009639499088129
366,0.4944479734533363
367,0.52933669090271
368,0.5379224051203992
369,0.5488812948266665
370,0.5343349414567152
371,0.5068518709805276
372,0.5047243229217
373,0.5141710351324744
374,0.5172318269809087
375,0.5166050630311171
376,0.5193044278356764
377,0.501477701175544
378,0.5107861653798156
379,0.5138574288123183
380,0.522533735467328
381,0.5115604023966525
382,0.5191529782281982
383,0.5088019544879595
384,0.5000853840675619
385,0.5009717154834006
386,0.5067755317108499
387,0.4992548781964514
388,0.518774303711123
389,0.5045680850744247
390,0.5229093030922942
391,0.5283668513099352
392,0.5099010297821628
393,0.4950032393551535
394,0.4856196211444007
395,0.4853345782806476
396,0.4890077860198087
397,0.5008911281410191
398,0.5108254036555687
399,0.5300055680175623
400,0.5360545379420122
401,0.5185266157819165
402,0.507405836135149
403,0.5046898730927043
404,0.4937632017665439
405,0.5013123044951094
406,0.5129220129715072
407,0.5212989366716809
408,0.5377277098596096
409,0.5368001444472207
410,0.5201812620378203
411,0.5012961936493715
412,0.48361261406292516
413,0.49539349352320033
414,0.5008378196507692
415,0.5206984985205863
416,0.5120652096552981
417,0.5177447615812222
418,0.5110035712520281
419,0.490265553817153
420,0.49394952826615834
421,0.4973948775894112
422,0.5131693983243572
423,0.5006967085517116
424,0.5128642482062181
425,0.5044758377803696
426,0.5029414267175727
427,0.5080864932388067
428,0.4986458503537708
429,0.5044915400859382
430,0.5136432190322213
431,0.5119460709393024
432,0.5152230525596274
433,0.5071383557385869
434,0.49223637860268354
435,0.49226370816015536
436,0.5007460982435279
437,0.5026593375951052
438,0.4918466270383861
439,0.4964420118679603
440,0.4937864341255691
441,0.5000379863712523
442,0.516195300138659
443,0.5017623346712854
444,0.5191861767735746
445,0.5476329566703902
446,0.5235899599889914
447,0.5200288006001048
448,0.5118353774564134
449,0.5198896341025829
450,0.5079189497563574
451,0.4951621980095903
452,0.4954918639527427
453,0.5015736925933096
454,0.5088758557620976
455,0.5209339141017861
456,0.5117534510791302
457,0.5096758924838569
458,0.49650587596827084
459,0.49484041415982777
460,0.49381766375154257
461,0.49612263817754054
462,0.49795306163529557
463,0.5011979941692617
464,0.5142034254968166
465,0.5042817325641712
466,0.5030237894712223
467,0.4994611389314135
468,0.504548736434016
469,0.5113450787547562
470,0.5084502088526884
471,0.49717014303637874
472,0.49867276495529544
473,0.49111910516189206
474,0.5048250918173127
475,0.5034026344203286
476,0.5017296843644645
477,0.5155907875547806
478,0.5145419397287898
479,0.5265102759003639
480,0.5233942791819572
481,0.5299959058562914
482,0.5224822987284925
483,0.5290260917196671
484,0.5288992511729399
485,0.5349462144076824
486,0.5226722189949619
487,0.5209978315979242
488,0.5168562094784446
489,0.5153383426368237
490,0.5130236961154474
491,0.5063908841047022
492,0.5121368660281101
493,0.511403649010592
494,0.5101524784954058
495,0.5204361490905285
496,0.5188710004505184
497,0.5188345573842525
498,0.5071545069416364
499,0.5281148619121976
