error,corr,pvalue,number,error_num,RMSE
3.1844385236599195,0.2121402219027209,0.0031368084689837,192.0,13.0,0.0
3.0064226445688207,0.239529889295665,0.0008731731929465,190.0,15.0,0.0
2.9885337538451973,0.2134944691571862,0.0031006975455428,190.0,15.0,0.0
2.984584724640802,0.2349497251600225,0.0008894803641963,197.0,17.0,0.0
3.1388843047505905,0.1708165655953908,0.0166768646178424,196.0,17.0,0.0
3.077918181586008,0.2066744876375335,0.0043264067947363,189.0,17.0,0.0
3.1509290325179538,0.1633158587201258,0.0236103071037398,192.0,17.0,0.0
3.0847173326743267,0.1680886607880959,0.0201070112615267,191.0,17.0,0.0
3.138859794978042,0.1790214246348856,0.0132144955769176,191.0,17.0,0.0
3.025836795908733,0.253075731490346,0.0003704423166571,194.0,17.0,0.0
3.122103920896959,0.2047133540657928,0.0046080800530547,190.0,17.0,0.0
3.137481885498977,0.1850113667677045,0.0103986658625796,191.0,17.0,0.0
3.148053044052731,0.22616797389699,0.0018551364457222,187.0,18.0,0.0
3.0064304161517765,0.1922344309727197,0.0077174447638331,191.0,18.0,0.0
3.0048066060599457,0.2056078529664342,0.0040265801487368,194.0,18.0,0.0
3.2838820262459483,0.1629294080345567,0.022162129316145,197.0,18.0,0.0
3.034719831704219,0.2060002804337374,0.0040511882665318,193.0,18.0,0.0
2.988556438264339,0.2258294224561213,0.0016352856849046,192.0,18.0,0.0
3.0027438125772363,0.1921848356226861,0.0072617025941798,194.0,18.0,0.0
3.171184196647429,0.1786523526724532,0.0115807192385276,199.0,18.0,0.0
3.075637110240659,0.2672498592695163,0.0001651849970826,194.0,18.0,0.0
2.9744410757651383,0.2791000188079273,9.638482141572018e-05,190.0,18.0,0.0
3.104912276982745,0.1650927081355288,0.0221154513505716,192.0,18.0,0.0
3.0318789338753547,0.2105464829232564,0.0033754926978818,192.0,18.0,0.0
3.0799235489486168,0.1619421371721596,0.0244470274138647,193.0,18.0,0.0
3.095736509882641,0.1976217575491118,0.0057438373856932,194.0,18.0,0.0
3.122986748548282,0.2197666942224672,0.0023143063112047,190.0,18.0,0.0
3.067029915247194,0.1805163268117938,0.0124553902818366,191.0,18.0,0.0
2.96924600468214,0.2149699587827893,0.0031309417921718,187.0,19.0,0.0
3.0964547283548143,0.2078670960850636,0.0035459283640514,195.0,19.0,0.0
3.107960240383113,0.2528511505640192,0.0004320650452661,190.0,19.0,0.0
3.018201122779512,0.2308483975897189,0.0013941221359689,189.0,19.0,0.0
3.060496573573984,0.2043521672494483,0.0042615146416152,194.0,19.0,0.0
3.054905654746145,0.1937258886745659,0.0072474039777603,191.0,19.0,0.0
2.9961144067527306,0.171765200925731,0.0163493739341773,195.0,19.0,0.0
3.1713057156104743,0.1949764521193092,0.006305479678651,195.0,19.0,0.0
3.0382856564384007,0.2581822735065785,0.0004024501124776,184.0,19.0,0.0
3.0703810687683406,0.2288611241483112,0.0012902254496499,195.0,19.0,0.0
3.088646383225642,0.1956859943379092,0.0063851993436377,193.0,19.0,0.0
3.0186324126959634,0.2106227610912097,0.0034485851753309,191.0,19.0,0.0
3.1921940124493795,0.1970183517348018,0.0061619145484076,192.0,19.0,0.0
3.041823689195965,0.1807859506822559,0.0120937242680619,192.0,19.0,0.0
3.191471867142522,0.1584696666640104,0.0265261014356377,196.0,19.0,0.0
3.0939484475140424,0.1722085831321379,0.0169181453149328,192.0,19.0,0.0
3.0465615423507515,0.2109890109890109,0.0030687896549912,195.0,19.0,0.0
2.942090578531034,0.2061371588056193,0.0040262211721788,193.0,19.0,0.0
3.1121632966729926,0.226925841864203,0.0013425505963608,197.0,19.0,0.0
2.8708331898774007,0.2645454113881127,0.0002089087451616,192.0,19.0,0.0
3.132691714558826,0.2669612333742855,0.0001747347084077,193.0,19.0,0.0
3.21998180429506,0.1949437293058125,0.0070327336304263,190.0,19.0,0.0
3.221034295261139,0.1511711215210802,0.0373443133233736,190.0,19.0,0.0
3.177585139902241,0.2139959828649638,0.0031087878206698,189.0,19.0,0.0
3.1108638142132947,0.2115414791230418,0.0027739459226731,198.0,19.0,0.0
3.050267146219438,0.1963075227335354,0.0064937393714878,191.0,19.0,0.0
3.05242847122581,0.2280914163681454,0.0015059593057805,191.0,19.0,0.0
2.9910268502888404,0.2306617568505956,0.0012497721512467,193.0,19.0,0.0
3.049584130322061,0.1660217803536136,0.0210268109462128,193.0,19.0,0.0
3.011079561448651,0.1536406156435611,0.0319984938837212,195.0,19.0,0.0
3.0799597250787536,0.1568641546449367,0.0273154693205086,198.0,19.0,0.0
3.1260969846262925,0.165450861195542,0.0228947020888356,189.0,19.0,0.0
3.1434023442405303,0.1872888586361072,0.0104746943708842,186.0,20.0,0.0
2.93721197414148,0.2371504677925179,0.0009861555155397,190.0,20.0,0.0
3.105290867701532,0.1665457233540406,0.0209544364993576,192.0,20.0,0.0
3.02483159922836,0.2229096900642224,0.0017834291127638,194.0,20.0,0.0
3.099882217570836,0.1670313732677764,0.0192866086282643,196.0,20.0,0.0
3.1971955832493517,0.2000690298430803,0.0051585007769984,194.0,20.0,0.0
3.012881974133552,0.1757837155480748,0.0139683970078165,195.0,20.0,0.0
3.1723889180197,0.1982282340276037,0.0055934934903454,194.0,20.0,0.0
3.28327388488405,0.1963011691940428,0.0063551943934998,192.0,20.0,0.0
3.05846127325616,0.1842828602920914,0.0107101432846814,191.0,20.0,0.0
3.0143190760146354,0.244278726922017,0.0006602390339804,191.0,20.0,0.0
3.127216559168672,0.2205133599831684,0.0019501134557977,195.0,20.0,0.0
3.2138722966183018,0.2244385505648939,0.001800176234668,191.0,20.0,0.0
2.9334588651670277,0.2106227789382307,0.0033637026281051,192.0,20.0,0.0
3.0459112084061526,0.1919678846872906,0.0073290707943695,194.0,20.0,0.0
3.1719933705135994,0.1649105311271197,0.0229825515472547,190.0,20.0,0.0
3.1893129669234845,0.1780780941189039,0.0129842780747437,194.0,20.0,0.0
3.1662476559445167,0.1548544627393188,0.0338450192706289,188.0,20.0,0.0
3.2447694771934548,0.1915809917878781,0.006307999945646,202.0,20.0,0.0
3.077284967910611,0.2246847431720034,0.001634705278235,194.0,20.0,0.0
3.2011412615528925,0.1901537186526309,0.0075958509896211,196.0,20.0,0.0
2.9727493192395387,0.1615012709077659,0.0264091896680261,189.0,20.0,0.0
3.206336236675275,0.1568809759094065,0.0293456615073807,193.0,20.0,0.0
2.986810385173823,0.206871756521882,0.003801952270429,194.0,20.0,0.0
3.163887929510344,0.2031260657509255,0.0045027421577155,194.0,20.0,0.0
3.0829819541555765,0.2110096949949254,0.0032229043344151,193.0,20.0,0.0
3.064322515510661,0.2070477612470893,0.0042552173583388,189.0,20.0,0.0
3.1383059651525635,0.2146376138684241,0.0026528264411239,194.0,20.0,0.0
2.9710507623828817,0.2010568224117561,0.0048264660867741,195.0,20.0,0.0
2.977721306844046,0.1724747714510485,0.0167463414395977,192.0,20.0,0.0
3.1213152019886348,0.2347064344888855,0.000900838342217,197.0,20.0,0.0
3.0698625903592296,0.1993573650322755,0.0053229404919585,194.0,20.0,0.0
3.3404481934736334,0.1936295316242968,0.0068269809539329,194.0,20.0,0.0
3.128932776513856,0.1705621361038405,0.0177143008686268,193.0,20.0,0.0
3.1814166625314138,0.2028370745601967,0.004456810379971,195.0,20.0,0.0
3.1094158291571814,0.2239797910573835,0.0016002989571547,196.0,20.0,0.0
3.0144251254705474,0.1711031386485093,0.0176481477950649,192.0,20.0,0.0
3.088806265318188,0.2047667058383633,0.0042825650319587,193.0,20.0,0.0
3.016697429342964,0.1670543634538697,0.0205606567227937,192.0,20.0,0.0
3.1159464479640047,0.1755742444647448,0.0135938588972398,197.0,20.0,0.0
3.245996213380818,0.2141295203247689,0.0027877696653747,193.0,20.0,0.0
3.0760271722612487,0.2810910254359302,8.92801141464015e-05,189.0,20.0,0.0
3.1976072746059407,0.1655660755301533,0.0213871118677105,193.0,20.0,0.0
3.195729863851085,0.1790886571230169,0.0127026993632713,193.0,20.0,0.0
3.241876655334248,0.1825130686691805,0.0106567578724197,195.0,20.0,0.0
3.005530131125193,0.1951202475212944,0.0064028809266399,194.0,20.0,0.0
3.117296807871542,0.2079674375697939,0.0035296062766293,195.0,20.0,0.0
3.099639750891129,0.1940167343701953,0.0065727282102975,195.0,20.0,0.0
3.2030389645208426,0.1525432508028592,0.0323579007314297,197.0,20.0,0.0
2.986950001692002,0.2311756704151303,0.0013315509091029,190.0,20.0,0.0
3.154604742699751,0.2303341250158555,0.0013882426273201,190.0,20.0,0.0
3.037168790556995,0.2004126766676613,0.0053165600428823,192.0,20.0,0.0
3.128471927974211,0.2243202820362159,0.0017116511044644,193.0,20.0,0.0
3.209233657516004,0.2048119316616147,0.0044807769534432,191.0,20.0,0.0
3.193204303177721,0.1994674840676656,0.005297192707904,194.0,20.0,0.0
3.0887127780497914,0.2178675808117432,0.0021015902939005,197.0,20.0,0.0
3.1693080593403518,0.1709608506368447,0.0168663173222713,195.0,20.0,0.0
3.043695022303228,0.2136820469662884,0.0027047264475063,195.0,20.0,0.0
3.0159695984190025,0.1579293802644056,0.0270523538000214,196.0,20.0,0.0
3.0372713435708314,0.2512013016835282,0.0004723811923234,190.0,20.0,0.0
2.991404735343937,0.2183076987631067,0.0027585197792173,186.0,20.0,0.0
3.3053549526487416,0.1649148530946935,0.0208948757801148,196.0,20.0,0.0
3.1660184366140647,0.1688430811382687,0.0192262750810786,192.0,20.0,0.0
3.193726345322652,0.1607680391826537,0.0251328046703217,194.0,20.0,0.0
2.9542167282351754,0.1942504406815875,0.0067911386007164,193.0,20.0,0.0
3.159684701480515,0.2202783381887062,0.0020266848390234,194.0,20.0,0.0
3.121864866345219,0.225091844826749,0.001557623501129,195.0,20.0,0.0
2.9967195544527443,0.2138067878459467,0.0026209012888634,196.0,20.0,0.0
3.088501891495248,0.1640155690272802,0.0233757734187619,191.0,20.0,0.0
3.060367007667097,0.2408600236288012,0.0006941547893537,195.0,20.0,0.0
3.117248619791844,0.218824056213833,0.0023555711089039,191.0,20.0,0.0
3.1349081653116992,0.1558372370717369,0.0317910765404736,190.0,20.0,0.0
3.0509138108730123,0.192681430244882,0.0068163278174525,196.0,20.0,0.0
2.942077103049278,0.2096075263073553,0.0034377618645611,193.0,21.0,0.0
3.07131741199075,0.1977802164729372,0.0066611817622294,187.0,21.0,0.0
3.133607785708844,0.1905857646441161,0.0068671610784088,200.0,21.0,0.0
3.167803540498615,0.1884707026113842,0.0081579131062741,196.0,21.0,0.0
3.1669719545881634,0.154081646279579,0.032398572069549,193.0,21.0,0.0
3.0919120525888046,0.2075646132934022,0.0034256751251041,197.0,21.0,0.0
3.041466722105957,0.1872195969367833,0.0085993627974064,196.0,21.0,0.0
3.107730935000712,0.2276520494805089,0.0014950444363499,192.0,21.0,0.0
2.966858161826164,0.2878036543721373,4.50788214119704e-05,195.0,21.0,0.0
3.136534841893869,0.1985059969676176,0.0055258205492264,194.0,21.0,0.0
3.208757537427683,0.1888597645335431,0.0087036238850962,192.0,21.0,0.0
3.156490509040451,0.1866920606587031,0.0087917669834238,196.0,21.0,0.0
3.2148604903055062,0.1879000546486257,0.00869949819884,194.0,21.0,0.0
3.161454032658986,0.1946987888569591,0.0071059588536826,190.0,21.0,0.0
2.8947072025750877,0.2686707770735739,0.0001712328226701,191.0,21.0,0.0
3.059350316964897,0.1677055359433894,0.0187974030555213,196.0,21.0,0.0
3.241205987624209,0.1888569591518062,0.0090658476230947,190.0,21.0,0.0
3.0646120716464527,0.1993767463310094,0.0055628166832367,192.0,21.0,0.0
3.200539903176668,0.157660514929758,0.028540539137038,193.0,21.0,0.0
3.114639411700328,0.2619568265584103,0.000233185699774,193.0,21.0,0.0
3.143529441462491,0.1976332625229585,0.0057409520176902,194.0,21.0,0.0
3.170116678595575,0.2221577584894167,0.0016122458079122,199.0,21.0,0.0
3.167205822967708,0.2113426819735739,0.0028711466261276,197.0,21.0,0.0
3.074225661893952,0.1744214384915335,0.0152652029956306,193.0,21.0,0.0
3.0499845343173924,0.2066922200352222,0.0036533860471249,196.0,21.0,0.0
3.0687380411316667,0.210353982687959,0.0035790462633132,190.0,21.0,0.0
3.1604880841461265,0.1715878268438021,0.0156437810402994,198.0,21.0,0.0
3.151901198522556,0.1910739795595865,0.0086230742979668,188.0,21.0,0.0
3.114513288502346,0.1648625108871469,0.0233912165247537,189.0,21.0,0.0
3.237051127403157,0.1947827684394232,0.0070807769257381,190.0,21.0,0.0
2.972824614624783,0.2102647543815909,0.0035935609859791,190.0,21.0,0.0
3.053985041196833,0.188241146306287,0.008751281285736,193.0,21.0,0.0
3.115643817145892,0.2216074058489374,0.0018488998879473,195.0,21.0,0.0
3.294177266832909,0.1519844840527952,0.0383714541537599,186.0,21.0,0.0
3.0129838561450555,0.2003428044037181,0.0047617265051446,197.0,21.0,0.0
3.174903294063166,0.1760856791838042,0.0143038808472905,193.0,21.0,0.0
3.1711406590904456,0.195429539637891,0.0057946233566368,198.0,21.0,0.0
3.061990627446445,0.2194727216818527,0.002051043783147,195.0,21.0,0.0
3.2283291696391023,0.1739361319750575,0.0142574021100325,198.0,21.0,0.0
3.28263813730861,0.1644450397417464,0.0226505925872794,192.0,21.0,0.0
3.202057096690983,0.2184951088454119,0.0023924942271026,191.0,21.0,0.0
3.2321551625708542,0.1517890470857996,0.0370686105175727,189.0,21.0,0.0
3.138407825607292,0.2152022997621548,0.00232875780971,198.0,21.0,0.0
3.0955956125429687,0.1508352031912241,0.0377739063951024,190.0,21.0,0.0
3.1111480876388504,0.1959895774328763,0.0060339281364435,195.0,21.0,0.0
3.236656059832561,0.1962530580369594,0.0058364758422984,196.0,21.0,0.0
3.08603506058831,0.1764595908338229,0.0140953331811748,193.0,21.0,0.0
2.989755850298258,0.2355933463676643,0.0010672021155987,190.0,21.0,0.0
3.214014504908646,0.2193940987702004,0.0021149752473344,194.0,21.0,0.0
3.200709006358172,0.2264811626597855,0.0014958019647132,194.0,21.0,0.0
3.167177161623696,0.1849745041561717,0.0098210309766085,194.0,21.0,0.0
3.1790400688739666,0.1500054041940849,0.0373241683243372,193.0,21.0,0.0
3.0929487197435668,0.2077730222744511,0.0037383778616104,193.0,21.0,0.0
3.28577353855475,0.1709527585816245,0.0168715894657713,195.0,21.0,0.0
3.073620494567755,0.2047063393160594,0.0040962537829713,195.0,21.0,0.0
3.1228898457940253,0.1686406242482296,0.0200241756537037,190.0,21.0,0.0
3.1036242909749943,0.202149989242085,0.0044917061744785,196.0,21.0,0.0
3.19457534673216,0.1960429849973295,0.0060199076196444,195.0,21.0,0.0
2.986700663766553,0.1812437267721021,0.0118742655432299,192.0,21.0,0.0
3.110092180835042,0.1527159685863874,0.0349351202959198,191.0,21.0,0.0
3.0950575659895514,0.2080626237690909,0.0037803113452413,192.0,21.0,0.0
3.015297666749243,0.2183276801452913,0.0022862352717889,193.0,21.0,0.0
3.166299512081313,0.1630608161135376,0.0231032502515918,194.0,21.0,0.0
3.127891835679379,0.2423300859175011,0.0006632414466251,194.0,21.0,0.0
3.2215395904911377,0.2016130155590533,0.003745519391282,205.0,21.0,0.0
3.089571007497506,0.1502684807622431,0.04009362834705,187.0,21.0,0.0
3.1101650755749186,0.2376315682391558,0.0009037657995052,192.0,21.0,0.0
3.079880139160719,0.1651253939426313,0.021740595385493,193.0,21.0,0.0
3.1951784005865247,0.1834439672003123,0.0100627303177424,196.0,21.0,0.0
3.2288591881611985,0.1760187038003394,0.0140879979009913,194.0,21.0,0.0
2.9613726057852747,0.1749873811450731,0.0136724512791504,198.0,21.0,0.0
3.11722286466318,0.206529002480022,0.0041501014486888,191.0,21.0,0.0
3.17357302624774,0.1529981064590784,0.0327320787989717,195.0,21.0,0.0
3.1638239062989317,0.1851437916284879,0.0097528078489223,194.0,21.0,0.0
3.0133827941261533,0.2262779002480022,0.0016460414597423,191.0,21.0,0.0
3.29933053314364,0.1720325847340865,0.0173267406690875,191.0,21.0,0.0
3.0670012664215824,0.2198003637302761,0.0024390405378804,188.0,21.0,0.0
3.087678975844013,0.2303382584564614,0.0010333285433651,200.0,21.0,0.0
3.1917138235896765,0.1559555986677089,0.0286390727560543,197.0,21.0,0.0
3.211644526340613,0.2219874942354122,0.0019710062476844,192.0,21.0,0.0
3.309035727998855,0.2064920923849399,0.0038682110604216,194.0,21.0,0.0
3.326671663640989,0.1500158193390392,0.0368154380496537,194.0,21.0,0.0
3.077569019613434,0.166579625328592,0.0216151910969478,190.0,21.0,0.0
3.002258168781614,0.196357853993664,0.0060688275890117,194.0,21.0,0.0
3.0339327913034526,0.2392927728219646,0.0007783580804778,194.0,21.0,0.0
3.141310482016048,0.2027464016139834,0.0045798888667917,194.0,21.0,0.0
3.034366931967767,0.1899001409516275,0.0075225801519323,197.0,21.0,0.0
3.0625509259465944,0.1519237393221273,0.0359016773787671,191.0,21.0,0.0
3.2197522945264185,0.2200436675391271,0.0021059928151158,193.0,21.0,0.0
3.107365772662261,0.2355826200685012,0.0008344618289585,198.0,21.0,0.0
3.0370584730194423,0.2236359878754477,0.0018714640388062,191.0,21.0,0.0
3.147775421098662,0.2008940223505587,0.0043390373019471,200.0,21.0,0.0
3.1862516561965863,0.166733529205789,0.0188870835689138,198.0,21.0,0.0
3.027548069090051,0.1943043576089402,0.0058337891174566,200.0,21.0,0.0
3.0044034540696853,0.1509411479498547,0.0356557124206852,194.0,21.0,0.0
3.194425998410149,0.1788666735729825,0.0121286805670079,196.0,21.0,0.0
3.23187273591761,0.1998277762468999,0.0055789103492272,191.0,21.0,0.0
3.213092136755998,0.1666126943005181,0.0205674298334586,193.0,21.0,0.0
3.144424249187631,0.2037046015786467,0.0043874300544793,194.0,21.0,0.0
2.9965002518182597,0.2089613212787641,0.0038117304260292,190.0,21.0,0.0
3.203583854322781,0.199678059431504,0.0050172305860473,196.0,21.0,0.0
3.091879821297543,0.1746497399144244,0.014103295464267,197.0,21.0,0.0
3.197889778305804,0.1926202941909748,0.0077551664960728,190.0,21.0,0.0
3.1143575242409764,0.2569298977290003,0.000298736986116,194.0,21.0,0.0
3.0408351980432777,0.1767822751622456,0.0134261104108868,195.0,21.0,0.0
2.997553537256495,0.2056282722513089,0.0043207206765575,191.0,21.0,0.0
3.0275131706690184,0.2582893403722071,0.0003326893691204,189.0,21.0,0.0
3.0016037436435483,0.2047208583132138,0.0043939267250111,192.0,21.0,0.0
2.984454570203217,0.1809911625720182,0.0111274652824009,196.0,21.0,0.0
3.0655436755650958,0.173747598640461,0.0136354918273387,201.0,21.0,0.0
3.3421243111953647,0.1858332627005578,0.0089355735560231,197.0,21.0,0.0
3.0682225321446825,0.1671077291091794,0.0189216636277543,197.0,21.0,0.0
3.183692082712652,0.160774571525676,0.0247497160525707,195.0,21.0,0.0
3.067368376992041,0.2000936833584662,0.0051528867783451,194.0,21.0,0.0
3.0084400943220344,0.2161915638800061,0.0021629323670573,199.0,21.0,0.0
3.0285251843832466,0.1933628963084044,0.0067605423020617,195.0,21.0,0.0
3.149784340520315,0.2019501853080645,0.0046376588738079,195.0,21.0,0.0
3.2680126465772785,0.1681279353091756,0.0191128198189154,194.0,21.0,0.0
3.181566529338876,0.150514622354422,0.039231638613683,188.0,21.0,0.0
3.2173402963740583,0.1544253303415607,0.033392054247524,190.0,22.0,0.0
3.173861003112759,0.1860226792786619,0.009041393175623,196.0,22.0,0.0
3.0182148128998065,0.1856871961967843,0.0097261664570203,193.0,22.0,0.0
3.23663114544773,0.1537919843238112,0.0341321471967008,190.0,22.0,0.0
3.105167064954221,0.1951364012124552,0.0068265016472231,191.0,22.0,0.0
3.2056530696848884,0.2131046017840927,0.00292446272491,193.0,22.0,0.0
3.107235730749128,0.1577473158485123,0.0284520686216438,193.0,22.0,0.0
3.183287209131118,0.1852081218951979,0.0099193749175931,193.0,22.0,0.0
3.1879224381871083,0.1826040529448796,0.0104167310809996,196.0,22.0,0.0
3.1411706588139694,0.2075166833952744,0.003874954472852,192.0,22.0,0.0
2.991210798975452,0.1557502270177875,0.0301144565153625,194.0,22.0,0.0
3.0446937057229206,0.1628429008399552,0.0229322569721654,195.0,22.0,0.0
3.179137080991042,0.1646797302905416,0.0217567061210047,194.0,22.0,0.0
3.0278017886631616,0.2161118940884979,0.0024741548616867,194.0,22.0,0.0
3.03194564502307,0.1664798822159228,0.0193806586982387,197.0,22.0,0.0
3.0065405794479507,0.2108877721943048,0.0027907244706846,199.0,22.0,0.0
3.1100643194784445,0.1593184124779658,0.0264935159487999,194.0,22.0,0.0
3.1495524693597003,0.1617600431958663,0.0231506773246149,197.0,22.0,0.0
2.993652174628118,0.2471030064962012,0.0005136646019689,194.0,22.0,0.0
3.023661144864241,0.180021766999626,0.0122383138922055,193.0,22.0,0.0
3.1268615000507967,0.2306785997507646,0.0011769396645015,195.0,22.0,0.0
3.063087476971141,0.1936121891161775,0.0065477777799472,196.0,22.0,0.0
3.0889530181528744,0.1879390123390844,0.008861904635965,193.0,22.0,0.0
3.07873949734037,0.2030407607150511,0.0049606069213958,190.0,22.0,0.0
3.1042987049341235,0.189050731798515,0.0084608715584075,193.0,22.0,0.0
3.1683866166483146,0.1597667817011989,0.0276749257225352,190.0,22.0,0.0
3.1720151087147364,0.1560372188915715,0.030675856324075,192.0,22.0,0.0
3.159842333391404,0.1614138438880706,0.0241752026497895,195.0,22.0,0.0
3.283262579122713,0.1673791809366347,0.020985452721171,190.0,22.0,0.0
3.094148964051889,0.2045174022732821,0.0044340279263431,192.0,22.0,0.0
3.116428564544528,0.160194120600212,0.0249047364063292,196.0,22.0,0.0
3.156103193380691,0.1652947935716713,0.0209278110927783,195.0,22.0,0.0
3.163748586703818,0.1878666999085847,0.0094418128773382,190.0,22.0,0.0
3.156119255691856,0.1869327192024799,0.0087035250658808,196.0,22.0,0.0
3.2185908186788708,0.1827145985791357,0.0107730275709353,194.0,22.0,0.0
3.1445627471937336,0.1637954908720359,0.0224835301740171,194.0,22.0,0.0
3.0246274834725697,0.1947198559236268,0.0062405175558804,196.0,22.0,0.0
3.04395874476242,0.1785148402259201,0.0150502284124345,185.0,22.0,0.0
3.142656778162977,0.1777685693566767,0.0124487905635167,197.0,22.0,0.0
3.1144505360393,0.1755927430448785,0.0140742658798835,195.0,22.0,0.0
3.103350876160196,0.1698501885359303,0.0185085328954872,192.0,22.0,0.0
3.1567566946052787,0.1624785888632242,0.0208717247888586,202.0,22.0,0.0
3.093467569860554,0.2440925297793921,0.0006241284411179,193.0,22.0,0.0
3.197837497333387,0.1711066308600754,0.0164902097737074,196.0,22.0,0.0
3.120783067525762,0.1676656918136251,0.0188260135529528,196.0,22.0,0.0
3.166186367361184,0.2037820047972332,0.004172424472137,196.0,22.0,0.0
3.187980021289297,0.2248172286574614,0.0017182579443181,192.0,22.0,0.0
3.031558852232912,0.171152099863173,0.0170280967274622,194.0,22.0,0.0
3.0330526612227557,0.1951816714561272,0.006962244963822,190.0,22.0,0.0
3.1815283475627987,0.166157406658143,0.0202595778177847,195.0,22.0,0.0
3.242867900901645,0.1520238230105682,0.0338717050451483,195.0,22.0,0.0
3.0735777759826517,0.233663947101797,0.0012123775085854,189.0,22.0,0.0
3.0654736724578684,0.2234981553319046,0.0018321483037339,192.0,22.0,0.0
2.9887208106239656,0.1944489158412291,0.006314460476013,196.0,22.0,0.0
3.177997777853871,0.1573970818455621,0.0283939369416317,194.0,22.0,0.0
3.2316934130987973,0.182134419183722,0.0110301952018464,194.0,22.0,0.0
3.2167135519131635,0.1660546982639845,0.0216861996417553,191.0,22.0,0.0
3.1206229741887577,0.1706385806906654,0.0179630091762479,192.0,22.0,0.0
3.064764940278371,0.1798245264525177,0.0116678605325915,196.0,22.0,0.0
3.1054168480731823,0.2126998475590965,0.0029054518740747,194.0,22.0,0.0
3.029755245951718,0.2080467790182148,0.0036920633042687,193.0,22.0,0.0
3.161834165223586,0.1963164964637718,0.0059485610239753,195.0,22.0,0.0
3.1491996906843256,0.1591984706530724,0.0278230361821601,191.0,22.0,0.0
3.081345445486343,0.2008069917369634,0.0049928089960404,194.0,22.0,0.0
3.0411977118804354,0.2161110056153867,0.0026070928954335,192.0,22.0,0.0
3.253542262634725,0.2393613750020229,0.0007513122429881,195.0,22.0,0.0
3.086658388138588,0.2123133780246781,0.0030341077162633,193.0,22.0,0.0
3.109951955573905,0.2208683521631303,0.0021374784564584,191.0,22.0,0.0
3.1697887125087183,0.2021612915154926,0.0047011088694897,194.0,22.0,0.0
3.260700278535415,0.1569826344494974,0.0284043467603152,195.0,22.0,0.0
3.183088563217945,0.1661753768906164,0.0205734633134443,194.0,22.0,0.0
3.152845759523123,0.212873725544227,0.0031102595314124,191.0,22.0,0.0
3.047072684559305,0.1818106782760685,0.0109665891044416,195.0,22.0,0.0
3.076051673629361,0.1815833911018681,0.0123975372311788,189.0,22.0,0.0
3.0600914903269474,0.2392366860744618,0.0008058313513088,193.0,22.0,0.0
3.0568017450133955,0.2012273488655398,0.0043720608636753,199.0,22.0,0.0
3.1535804064551334,0.1824614891545076,0.0108845621097541,194.0,22.0,0.0
2.9949242535016163,0.1720429135524482,0.0164530412720448,194.0,22.0,0.0
3.175633778612926,0.1542281556031793,0.0326884492791962,192.0,22.0,0.0
3.021252458602871,0.2061596724336046,0.0038343113093223,195.0,22.0,0.0
2.990226545138466,0.1918183457080284,0.0075316041567605,193.0,22.0,0.0
3.086765367638681,0.1855094868872969,0.009237005134619,196.0,22.0,0.0
3.1266041859288136,0.2232729185242405,0.0017520275638349,194.0,22.0,0.0
3.0903618505620214,0.1777646559680178,0.0141386184750714,190.0,22.0,0.0
3.141270178102728,0.1650183052351739,0.0214838259597088,194.0,22.0,0.0
3.1168564714654234,0.1575605680868839,0.0299258767027076,190.0,22.0,0.0
3.215993018922952,0.2166903678868871,0.0022247647775664,197.0,22.0,0.0
3.1716941922072035,0.1926466781442477,0.0071201230729334,194.0,22.0,0.0
3.2782342463393253,0.2260600059680438,0.0016169031751012,192.0,22.0,0.0
3.208889232327495,0.1502251193331686,0.0355847762712426,196.0,22.0,0.0
3.2301328134585265,0.1660101312531356,0.020372341602862,195.0,22.0,0.0
3.07424349642686,0.1693424395928077,0.0179497270012994,195.0,22.0,0.0
3.107575579238213,0.1911100681351049,0.007444851499906,195.0,22.0,0.0
3.0243601345292115,0.2028888925009075,0.0052315145489825,188.0,22.0,0.0
3.0411914474846578,0.2303245702810605,0.0011634366891202,196.0,22.0,0.0
3.168492769976302,0.1591661770204583,0.0270388079552645,193.0,22.0,0.0
3.1906778479660503,0.161949312318585,0.0248183983209961,192.0,22.0,0.0
3.1067733019780346,0.281515224579774,7.974473026087754e-05,191.0,22.0,0.0
3.147763836057459,0.2183786758160837,0.0021622614563024,195.0,22.0,0.0
3.151805228395121,0.1721648909466168,0.0158245795540418,196.0,22.0,0.0
2.9735277824687967,0.2048002071566136,0.0040788608144523,195.0,22.0,0.0
2.986836686578936,0.1599912605803621,0.0254696400739318,195.0,22.0,0.0
3.1539549392903585,0.1755846509896583,0.0140787673243912,195.0,22.0,0.0
3.042798705568585,0.1651906664533249,0.0200333641689582,198.0,22.0,0.0
3.109396742447688,0.1898363786434478,0.0078584333520878,195.0,22.0,0.0
3.2499899583258607,0.1688618709895305,0.0205290128724682,188.0,22.0,0.0
2.984499980745257,0.2466529617785899,0.0004448036377457,199.0,22.0,0.0
3.1990446745440755,0.156330945163957,0.0307997351020725,191.0,22.0,0.0
3.1489591337435674,0.1642166054151353,0.0201462084818682,200.0,22.0,0.0
3.142593532231586,0.1575636440143067,0.0278160956373716,195.0,22.0,0.0
3.179112490182204,0.1739658877525444,0.0152690967322619,194.0,22.0,0.0
3.197837662351815,0.2133967202606698,0.0028121953744101,194.0,22.0,0.0
3.2703330147332226,0.2006179814523385,0.0050347855492585,194.0,22.0,0.0
3.1547226628321297,0.1543587065621355,0.0325395464528618,192.0,22.0,0.0
3.189683684057619,0.1755377170693812,0.0141049005715702,195.0,22.0,0.0
3.258333774256765,0.2136545339785398,0.002708238793755,195.0,22.0,0.0
3.1522952373860957,0.1552780051619426,0.0289337806163644,198.0,22.0,0.0
3.185881021405397,0.1925261070455637,0.0073090445423935,193.0,22.0,0.0
3.117293332709704,0.238714724213283,0.0007070159372026,198.0,22.0,0.0
2.9632244791087765,0.2113110747867743,0.0030230312453789,195.0,22.0,0.0
3.186878539024042,0.1751665376355373,0.01563653148189,190.0,22.0,0.0
3.1921106618461046,0.2076404524862328,0.0038533128743787,192.0,22.0,0.0
3.174674524658605,0.1513942611144378,0.0346258704438764,195.0,22.0,0.0
3.1195105022387857,0.1726697501559829,0.0166214639053491,192.0,22.0,0.0
3.194846796595203,0.1591326893287258,0.0266723291040584,194.0,22.0,0.0
3.201089133636029,0.1935062640473676,0.0068631463667704,194.0,22.0,0.0
3.090090889415108,0.2202538960913871,0.0026620062745182,184.0,22.0,0.0
3.1456037993754773,0.2410565420643808,0.0008335499452052,189.0,22.0,0.0
3.262695427331517,0.1678633209107008,0.0193053452898108,194.0,22.0,0.0
3.192435576478616,0.1738297548347799,0.0140710025595731,199.0,22.0,0.0
3.0602296577669423,0.2195058613732829,0.0021036258855178,194.0,22.0,0.0
3.1541630758369026,0.1557459219533186,0.0292711533939447,196.0,22.0,0.0
3.1232830419332465,0.1579364556159335,0.0266526779175249,197.0,22.0,0.0
3.089033172260674,0.2302020318476521,0.0013172462730149,192.0,22.0,0.0
3.326959752203412,0.2010796406273793,0.0044015089848548,199.0,22.0,0.0
3.2209147570978045,0.1679783706491681,0.0192214329223762,194.0,22.0,0.0
3.184833361184233,0.166700345978384,0.0215190767446347,190.0,22.0,0.0
3.050819696433808,0.2207253886010362,0.0019833364380319,194.0,22.0,0.0
3.151851477576081,0.1865355469826398,0.0097727424462158,191.0,22.0,0.0
3.226933452323529,0.1794770501586957,0.0127410104490023,192.0,22.0,0.0
3.031313190587463,0.163458277948078,0.0234873646026962,192.0,22.0,0.0
3.1622062096983234,0.1848211621409,0.0102765471421437,192.0,22.0,0.0
3.120681837164641,0.189759403075986,0.0072647636475811,199.0,22.0,0.0
3.1602048190062235,0.1613137036565272,0.0246363898594785,194.0,22.0,0.0
3.0403446919220274,0.1527881259198632,0.0368330526339512,187.0,22.0,0.0
3.16268145293754,0.2148714229932504,0.0024915630229591,196.0,22.0,0.0
3.0803450534523336,0.1698654477389252,0.0184978393852715,192.0,22.0,0.0
3.147480794004344,0.1508857721443036,0.0329495704015095,200.0,22.0,0.0
3.173007042650108,0.1524009127838288,0.0334266893266343,195.0,22.0,0.0
3.129080429925238,0.1947453686342158,0.0057209610521009,200.0,22.0,0.0
3.10910572953781,0.2745516272951883,0.0001317569573257,189.0,22.0,0.0
2.983370668427023,0.1806750919852823,0.0128498684764334,189.0,22.0,0.0
3.223770281155147,0.1891926179157096,0.0084108650633832,193.0,22.0,0.0
3.0923552785689195,0.1755848019295484,0.0143307539640148,194.0,22.0,0.0
3.2407292704924084,0.1601272685259247,0.0277357268269655,189.0,22.0,0.0
3.109517732141589,0.2080221824193992,0.00388057892131,191.0,22.0,0.0
3.099067243501304,0.1681772904397995,0.018461512693903,196.0,22.0,0.0
3.168804845087552,0.1544222243223364,0.0315658737304,194.0,22.0,0.0
3.040660633533552,0.1544386599992603,0.0315475531931009,194.0,22.0,0.0
3.2999774580194328,0.1626704211910883,0.0223778714245385,197.0,22.0,0.0
3.3464974673137458,0.1677136644613623,0.0181888263843033,198.0,22.0,0.0
3.0305700625586653,0.2401798015982364,0.0008178380505663,191.0,22.0,0.0
3.0199348839845026,0.1625393270410068,0.0254433992505376,189.0,22.0,0.0
3.2425504288034324,0.1767817557822765,0.0139177869849358,193.0,22.0,0.0
3.190575356733592,0.1636765458375321,0.0215497755747867,197.0,22.0,0.0
3.049792846000951,0.2307869679624556,0.001279292273761,192.0,22.0,0.0
2.9316966394642674,0.2578394532709254,0.0002542260964103,197.0,22.0,0.0
3.1936567003164096,0.1786813605042465,0.012910205010333,193.0,22.0,0.0
3.1484507025218624,0.156678837145219,0.0304247177000455,191.0,22.0,0.0
3.004896230231365,0.1639465724439139,0.0230700229751703,192.0,22.0,0.0
2.9908759482029854,0.2358790827248708,0.0009295329265487,194.0,22.0,0.0
3.2223763489916,0.1759381432620725,0.013161640295099,198.0,22.0,0.0
3.11518595614082,0.169077196473059,0.0172547939726458,198.0,22.0,0.0
3.1897284483501576,0.202637584798571,0.0042936420681564,197.0,22.0,0.0
3.2665209435471985,0.1745332781368516,0.0151988755780721,193.0,23.0,0.0
3.0917104016725507,0.218085743417113,0.002192957045335,195.0,23.0,0.0
3.0372286467000964,0.1819216726370901,0.0117769743149076,191.0,23.0,0.0
3.230754534154491,0.184767515253524,0.0097138436413618,195.0,23.0,0.0
3.095053344631282,0.215511658031088,0.0026126021175051,193.0,23.0,0.0
3.199484188001197,0.1973602505208055,0.0059392316543997,193.0,23.0,0.0
3.2259644691136526,0.2376668986389163,0.0008211434865242,195.0,23.0,0.0
2.9615380481723697,0.1942140493177441,0.0069488303778669,192.0,23.0,0.0
2.9611174429898712,0.2983934598364959,1.7735147362030702e-05,200.0,23.0,0.0
3.1232469336776765,0.1627781224704465,0.0233456020386145,194.0,23.0,0.0
3.107581873845144,0.2243360468691838,0.0016169856141329,195.0,23.0,0.0
3.159165748956421,0.1711619612693273,0.0170216362311569,194.0,23.0,0.0
3.08180444111982,0.1673137786443031,0.0200336858661089,193.0,23.0,0.0
2.982445064678541,0.2270662727582763,0.0014529445571981,194.0,23.0,0.0
3.3077222858186213,0.1530860037884235,0.0330859304713501,194.0,23.0,0.0
3.1187267546626987,0.1639028121986787,0.0217040291138321,196.0,23.0,0.0
3.1083382949764555,0.1582417582417582,0.0267470101001157,196.0,23.0,0.0
3.203822695635424,0.1577442734235239,0.0297326671056354,190.0,23.0,0.0
3.1881368881021754,0.170230947255984,0.0173476759499527,195.0,23.0,0.0
3.1625422451284164,0.1703587065394725,0.0187763817976114,190.0,23.0,0.0
3.1207425950692502,0.1881942532655635,0.0085932567776718,194.0,23.0,0.0
2.9901541795137843,0.1742340143552599,0.0162069863523172,190.0,23.0,0.0
3.171181181573964,0.1710537468332972,0.0162471812153998,197.0,23.0,0.0
3.1525925467702405,0.1821685476253686,0.0123465040038651,188.0,23.0,0.0
3.06186187928196,0.2339252386284861,0.0011966628536592,189.0,23.0,0.0
3.2055276267596726,0.1577072914998948,0.0268762711713701,197.0,23.0,0.0
3.1056389087799667,0.1671532996675884,0.0198302660324915,194.0,23.0,0.0
3.01554433297008,0.2491964589166356,0.0004429914461803,195.0,23.0,0.0
3.0884299468420573,0.1627897988635687,0.021936889164683,198.0,23.0,0.0
3.1651088979658164,0.1625596789072488,0.0231741221082597,195.0,23.0,0.0
3.1869157360588423,0.1769429989879591,0.0131027337712959,196.0,23.0,0.0
3.4033769100149014,0.1581422262829298,0.0256894786719019,199.0,23.0,0.0
3.1509707029837624,0.1982331647306808,0.0055922857564046,194.0,23.0,0.0
3.059025857879853,0.1849286336408397,0.0108499783526189,189.0,23.0,0.0
3.07090754260577,0.2085888006120058,0.0033472565169271,196.0,23.0,0.0
3.0269074994534386,0.1970188868568838,0.005768791198135,195.0,23.0,0.0
3.195781395697185,0.1646172747182308,0.0218073688536027,194.0,23.0,0.0
3.171475744336195,0.156609947643979,0.0304986680284443,191.0,23.0,0.0
3.025599204669526,0.2152438136237841,0.0025119919436967,195.0,23.0,0.0
3.0656984671698795,0.1882477009467488,0.0089273604131645,192.0,23.0,0.0
3.047019746371588,0.1668328039675723,0.0200712310199854,194.0,23.0,0.0
3.268696952886878,0.1627557534941764,0.0256406080397926,188.0,23.0,0.0
3.270346133344197,0.2176275315973808,0.0020166543672833,199.0,23.0,0.0
3.184036299510236,0.1534510033950124,0.0350215308329952,189.0,23.0,0.0
3.116422855135893,0.1948396766405339,0.0067658998609428,192.0,23.0,0.0
3.253938106147381,0.2068520337095733,0.0038053689255819,194.0,23.0,0.0
3.2529255644505635,0.1888364563240562,0.0088908936303313,191.0,23.0,0.0
3.128503030577056,0.1971349019817317,0.005997588617014,193.0,23.0,0.0
3.062883124697078,0.189420322184169,0.0088579295396629,190.0,23.0,0.0
3.142406181498953,0.168700055111601,0.0196522151399971,191.0,23.0,0.0
3.076799741895324,0.1828018882290239,0.0097575190495508,199.0,23.0,0.0
3.0862024434732303,0.1868656855937182,0.0092649802523152,193.0,23.0,0.0
3.1408440039081547,0.1983259851198677,0.0059540548870128,191.0,23.0,0.0
3.1829222572143148,0.1774896968850283,0.0132916068553838,194.0,23.0,0.0
3.070103650628878,0.2259765873782219,0.0015336850260861,194.0,23.0,0.0
3.125714236572695,0.1664611463213006,0.0213623334683652,191.0,23.0,0.0
2.965286568425826,0.2015679635785399,0.0048269664737781,194.0,23.0,0.0
3.171449085911817,0.1842006212191086,0.0105392727388468,192.0,23.0,0.0
3.1893203279145363,0.2227419770501587,0.001900499966012,192.0,23.0,0.0
3.308310482955979,0.1597737834517387,0.0264522385422016,193.0,23.0,0.0
3.1165181884205126,0.1527417835368563,0.0358830791463666,189.0,23.0,0.0
3.207647394088605,0.1917761716166357,0.0070868967858251,196.0,23.0,0.0
3.12914134738556,0.2364440007659732,0.0008225608368932,197.0,23.0,0.0
3.0479153224225954,0.1624001019011969,0.0236730964402807,194.0,23.0,0.0
3.1889657368031368,0.1581746434485337,0.0280199309603917,193.0,23.0,0.0
3.166059422572033,0.2307293866394664,0.0011396759072769,196.0,23.0,0.0
3.1669543221912044,0.1861816545413635,0.0082998427984215,200.0,23.0,0.0
2.9841381297197955,0.1891310868502257,0.0082625721162569,194.0,23.0,0.0
3.2549748687955806,0.1597316414833302,0.0268919496300642,192.0,23.0,0.0
3.1427363205269034,0.2287726511344602,0.0011535774922944,199.0,23.0,0.0
3.2091053475688605,0.159067147874217,0.0263420196018757,195.0,23.0,0.0
3.0874335965746864,0.2008857032209818,0.0050900631203453,193.0,23.0,0.0
3.0735379718373608,0.1996992271122926,0.005243371340788,194.0,23.0,0.0
3.1949223519015706,0.1878254910918227,0.0078933282096016,199.0,23.0,0.0
3.166873234075209,0.1873796306785997,0.0087142302465334,195.0,23.0,0.0
3.142460962486571,0.1977123163485148,0.0066803118127032,187.0,23.0,0.0
3.118135012706115,0.2004183136584584,0.0051959970045592,193.0,23.0,0.0
3.286495216236569,0.1528096789701404,0.0338725676913867,193.0,23.0,0.0
3.15702836906288,0.1745378493094961,0.0149316234796783,194.0,23.0,0.0
3.018118375775199,0.1828856609236879,0.0115498484526531,190.0,23.0,0.0
3.2426559311431293,0.1672676366343523,0.0194267683354174,195.0,23.0,0.0
2.991048881129857,0.1914032305620413,0.0072011183604567,196.0,23.0,0.0
3.0940781711794383,0.2062123393590359,0.0044160291278126,189.0,23.0,0.0
3.1308947426319342,0.1900313322301494,0.0082891883399097,192.0,23.0,0.0
3.093598569481202,0.2464814779141222,0.0007439647838705,184.0,23.0,0.0
3.223585908189261,0.1747449388387372,0.0148110525325053,194.0,23.0,0.0
3.0810656543995965,0.2416419812620556,0.0007580250015552,191.0,23.0,0.0
3.2467299144292308,0.2059068025212328,0.0040683189965438,193.0,23.0,0.0
3.252658349298582,0.1859049129666174,0.0087351253086599,198.0,23.0,0.0
3.2240916833516424,0.1577110032748086,0.0280756905419433,194.0,23.0,0.0
3.1078686063408374,0.2316916831365845,0.001186586998807,193.0,23.0,0.0
3.101816355711643,0.2047354928524844,0.0038114964840289,198.0,23.0,0.0
3.2085258154296934,0.1711263420757438,0.0173361963183954,193.0,23.0,0.0
3.2458830391689237,0.1963792459873087,0.0067632765134837,189.0,23.0,0.0
3.1211933352819865,0.162240932642487,0.024556226679776,192.0,23.0,0.0
3.046711749959321,0.161726239147317,0.024266704420985,194.0,23.0,0.0
3.110623007533676,0.1902612753676583,0.0089158026820732,188.0,23.0,0.0
3.1174775440094464,0.1947074302145783,0.006804206238379,192.0,23.0,0.0
3.2142433414756364,0.1634618466304807,0.0227631691844039,194.0,23.0,0.0
3.239642388122677,0.222511946682664,0.0018184026134617,194.0,23.0,0.0
3.178564815644865,0.1697535469169628,0.0185763831743964,192.0,23.0,0.0
3.212179428454772,0.1579849717747327,0.0262192160775498,198.0,23.0,0.0
3.1351606045916736,0.1920503649516904,0.0071520714180136,195.0,23.0,0.0
3.0877405191210494,0.1826340637622086,0.0108084059878156,194.0,23.0,0.0
3.114212310945966,0.1590606742300409,0.0263482200880754,195.0,23.0,0.0
3.033450315387075,0.1831952092884464,0.0109775380773089,192.0,23.0,0.0
3.219634390441673,0.1751624050326042,0.0145705819125818,194.0,23.0,0.0
3.0374622508875877,0.2330538073406939,0.0011414768760947,192.0,23.0,0.0
3.1061210240937807,0.1834032806265701,0.0091575170809386,201.0,23.0,0.0
2.9332199300084056,0.2613083620615269,0.0002330202166538,194.0,23.0,0.0
3.1524302867727263,0.1846490777530786,0.0099533643889214,194.0,23.0,0.0
3.106834788035402,0.2215500637495591,0.0020129668406935,192.0,23.0,0.0
3.255065006722316,0.1541283852358314,0.0323454646274277,193.0,23.0,0.0
3.3556519439993164,0.1516094893435179,0.0353151618543131,193.0,23.0,0.0
3.1918950313395458,0.1738693467336683,0.01380664739096,200.0,23.0,0.0
3.249287638130507,0.1651969495334252,0.0206740347308019,196.0,23.0,0.0
3.1500744715541096,0.1684003857812069,0.0198740033572126,191.0,23.0,0.0
3.182695410857028,0.1726219886758186,0.0163676723003495,193.0,23.0,0.0
3.18126153035671,0.2257341354628492,0.0015969152253345,193.0,23.0,0.0
3.200708304195069,0.153360530954543,0.0332273830636118,193.0,23.0,0.0
3.1481252461969143,0.1658663309134665,0.0201580696673014,196.0,23.0,0.0
3.2111340578134,0.1737548222650868,0.0162216281916109,191.0,23.0,0.0
3.2666708604085586,0.1898870252657443,0.0081698907423362,193.0,23.0,0.0
3.128754594117656,0.1764440272540419,0.0136076981348525,195.0,23.0,0.0
3.0788392726658365,0.1716681801185833,0.0166928510208097,194.0,23.0,0.0
2.8926137329273747,0.1996269101338274,0.0052601138124395,194.0,23.0,0.0
3.200934114286136,0.1629124925148488,0.0228731613065166,195.0,23.0,0.0
3.147221668429512,0.1661445976962963,0.018120211449558,202.0,23.0,0.0
3.1521878207283205,0.1875641295376199,0.0086472038046834,195.0,23.0,0.0
3.1869125368422933,0.2223299785692971,0.0019387110695255,192.0,23.0,0.0
3.1365999055804914,0.1899943421335734,0.0076475591664756,196.0,23.0,0.0
3.069011915846866,0.1987579008762173,0.0057147514745011,192.0,23.0,0.0
3.182665783180415,0.170494748256162,0.0171723418355634,195.0,23.0,0.0
3.025704794749784,0.2008467162195155,0.0052163189359912,192.0,23.0,0.0
3.12067340354155,0.1862827840393141,0.009304588371611,194.0,23.0,0.0
3.0157603864181857,0.2167297532054602,0.0022796102768187,196.0,23.0,0.0
3.285375254401743,0.1586237032481509,0.0267696558473595,195.0,23.0,0.0
3.192042805156063,0.1544008362966754,0.0334204213519305,190.0,23.0,0.0
3.2407590063397524,0.1611370284257106,0.0226400658784314,200.0,23.0,0.0
3.097360975547762,0.1676370040401947,0.0188466365044907,196.0,23.0,0.0
3.1336029109392274,0.1628445188942842,0.0240211467623577,192.0,23.0,0.0
3.3202829923530945,0.1511120533091181,0.0359281353682189,193.0,23.0,0.0
3.166217836247332,0.1813234137210753,0.0118364235791381,192.0,23.0,0.0
3.0847194187665687,0.2120656250555467,0.003395372685504,189.0,23.0,0.0
3.1103727368267053,0.1612924630597678,0.0242833966686948,195.0,23.0,0.0
3.2397211341146672,0.1918495478134386,0.0073660510844064,194.0,23.0,0.0
3.1345504246845177,0.236142948213656,0.0009755417180391,192.0,23.0,0.0
3.170979437911209,0.19900638120123,0.006046499223664,189.0,23.0,0.0
3.174050950167354,0.1873974332000841,0.0087077427623127,195.0,23.0,0.0
3.011032765837572,0.1854501629186475,0.009821340974172,193.0,23.0,0.0
3.060941898176571,0.1739356871961967,0.0155562241810838,193.0,23.0,0.0
3.065576934711886,0.2374672827306233,0.0008833457313126,193.0,23.0,0.0
3.183109761184451,0.1580273491319922,0.0290076173612824,191.0,23.0,0.0
3.173060013019141,0.1779491495249963,0.0128158819292792,195.0,23.0,0.0
3.1745631970546,0.1635916884781795,0.0226539897923418,194.0,23.0,0.0
3.256885090512309,0.1508789425570908,0.03771773471352,190.0,23.0,0.0
3.175181209261116,0.1756113943235051,0.0150996288098075,191.0,23.0,0.0
3.064272350526596,0.1893945969766572,0.0083401317566747,193.0,23.0,0.0
3.085051185252583,0.223865089255369,0.0016550130620711,195.0,23.0,0.0
3.273234699992082,0.1547402561180661,0.0303442553525665,196.0,23.0,0.0
3.2102546516288357,0.1644494736590458,0.0212636605835372,196.0,23.0,0.0
3.2195598297764776,0.2387125420650606,0.0008281139521549,193.0,23.0,0.0
3.184829458645246,0.2175320534374688,0.0020803348047536,198.0,23.0,0.0
2.992194717809763,0.2018003122990723,0.0052374792812414,190.0,23.0,0.0
3.105902982054344,0.1524640308145462,0.0333526887298512,195.0,23.0,0.0
3.098260154134908,0.2277859921079645,0.0012854453643193,197.0,23.0,0.0
3.0958297124414016,0.2066381678396697,0.0044389665173937,188.0,23.0,0.0
3.205258466905995,0.169166670090766,0.018373077736482,194.0,23.0,0.0
3.073804822005026,0.1940442473579439,0.0065649282259286,195.0,23.0,0.0
3.102052324884776,0.1606661379857256,0.0248483201003377,195.0,23.0,0.0
3.015445014931388,0.1831643063803867,0.0096110422507347,199.0,23.0,0.0
3.2894686539879863,0.1576106272262907,0.0273670016958722,196.0,23.0,0.0
3.21642090814962,0.1731295214358542,0.0155040910670174,195.0,23.0,0.0
3.177228418946334,0.2291626481124276,0.0014284209333582,191.0,23.0,0.0
3.3287796154437723,0.1722110552763819,0.0150061297606432,199.0,23.0,0.0
3.2517876766633678,0.1710788607090275,0.0162312742350049,197.0,23.0,0.0
3.041756528362204,0.1559021080187379,0.0312674204189065,191.0,23.0,0.0
3.205128248963247,0.1670410590881872,0.0195942771543649,195.0,23.0,0.0
3.224756071231805,0.1657800697205492,0.0222611814161039,190.0,23.0,0.0
3.1666657936464744,0.1637115603758098,0.0218599427460728,196.0,23.0,0.0
3.080909611346215,0.1673936518463722,0.0184142988136139,198.0,23.0,0.0
3.1685913639804104,0.185462708616651,0.0108304529991442,188.0,23.0,0.0
3.105411631593066,0.1967098597557724,0.0066690895248344,189.0,23.0,0.0
3.102163496955347,0.1808283027723381,0.0114132379960841,195.0,23.0,0.0
3.1388440239999014,0.1728022418263324,0.0159763017474106,194.0,23.0,0.0
3.1450021320376025,0.1539585763502699,0.0329977565163714,192.0,23.0,0.0
3.110842946574289,0.1528427389988509,0.0329115996649005,195.0,23.0,0.0
3.2944755553682104,0.1574785668500614,0.0287267500106886,193.0,23.0,0.0
3.053556469106607,0.2242623462750592,0.0016690313390795,194.0,23.0,0.0
3.315383352457481,0.1923654574982279,0.0066258056920122,198.0,23.0,0.0
3.0065538711814344,0.201347454083214,0.0044486594375561,198.0,23.0,0.0
3.084486729340628,0.1953930797582311,0.0063278593721905,194.0,23.0,0.0
2.9707773681574623,0.1965090622213638,0.0060291003212449,194.0,23.0,0.0
3.155719959354278,0.1563126122772661,0.0290958909863066,195.0,23.0,0.0
3.232876364401597,0.1567134178354459,0.0266859196012819,200.0,23.0,0.0
3.068825007202534,0.198011257411463,0.0057734860704734,193.0,23.0,0.0
3.3212273232392087,0.1805075182949628,0.0120025261084136,193.0,23.0,0.0
3.183399946174876,0.2072412721433751,0.0034773603739724,197.0,23.0,0.0
3.109541902857317,0.1645535613135024,0.0215171561821366,195.0,23.0,0.0
3.212767920628528,0.1755622168570111,0.0148619979019871,192.0,23.0,0.0
3.05334997706082,0.1647170796106966,0.0238911080194005,188.0,23.0,0.0
3.33082225736574,0.1917193273248386,0.0069576050153049,197.0,23.0,0.0
3.1720758490958083,0.1555777473347259,0.0311767490596447,192.0,23.0,0.0
3.0428015950230605,0.1691799983975214,0.0186709789883293,193.0,23.0,0.0
3.1217730566601314,0.1756778084042002,0.0161731705318719,187.0,23.0,0.0
3.2273001179275105,0.2288914358570924,0.0014060554749919,192.0,23.0,0.0
3.035507867577678,0.2038138801010447,0.0041663972487801,196.0,23.0,0.0
3.070785512876336,0.1717256022648363,0.0169423088298474,193.0,23.0,0.0
3.2088401541794918,0.1700507614213198,0.0168936782580699,197.0,23.0,0.0
3.072396199404322,0.1966908818973345,0.0061140754432548,193.0,23.0,0.0
3.0647816779585426,0.1737477544546763,0.0151337910500544,195.0,23.0,0.0
3.2502846515649093,0.159487699950282,0.0263314230755376,194.0,23.0,0.0
3.2442316428561355,0.1778813738899269,0.0157026314134429,184.0,23.0,0.0
3.212927058522798,0.150090473265317,0.0372152526091849,193.0,23.0,0.0
3.102514133059208,0.1877611019179123,0.00910885498914,192.0,23.0,0.0
3.1948793159103044,0.1866905483604298,0.0097109943534684,191.0,23.0,0.0
3.254317395318952,0.1838344003472316,0.010697089734525,192.0,23.0,0.0
3.29066341411162,0.206130541034812,0.0038394099331744,195.0,23.0,0.0
3.117327447363527,0.1823314466534191,0.0103357125114584,197.0,23.0,0.0
3.1921417531501803,0.1721536195762999,0.0161047271205586,195.0,23.0,0.0
3.107108473754421,0.204619130293248,0.0044139363792051,192.0,23.0,0.0
3.1682743960477886,0.1923174509908658,0.0073740410909797,193.0,23.0,0.0
3.024816849775148,0.2051412268232409,0.0037409904651183,198.0,23.0,0.0
3.066353270779699,0.1700367379306996,0.0174777498358308,195.0,23.0,0.0
3.218153392486552,0.174437600108376,0.0144738459379779,196.0,23.0,0.0
3.188835064748521,0.1564503868547455,0.0293724092238945,194.0,23.0,0.0
3.154357724133447,0.1959492973270873,0.0065939549462061,191.0,23.0,0.0
3.085402165905305,0.1771050918264927,0.0139918141215739,192.0,23.0,0.0
3.091875791968005,0.1731382612289886,0.0166099858400041,191.0,23.0,0.0
3.2125502053642148,0.1643858500964453,0.0230608016139447,191.0,23.0,0.0
3.28768813211423,0.2054968961422913,0.0038590785741349,196.0,23.0,0.0
3.2429671504131967,0.156625447781758,0.0304820158645137,191.0,23.0,0.0
3.234492282570161,0.1582179554488862,0.0252453292154565,200.0,23.0,0.0
3.1139414659061284,0.1692329908428531,0.017437258699301,197.0,23.0,0.0
3.1896768312769868,0.203208244135545,0.0044861983118584,194.0,23.0,0.0
3.183601009543318,0.1721882375281447,0.0169313397295753,192.0,23.0,0.0
3.083847299550158,0.1545242680736053,0.0310124574438647,195.0,23.0,0.0
3.111144096975484,0.1689834217027835,0.0176061523171699,197.0,23.0,0.0
3.1413631051072426,0.1710217953260114,0.0183131633008223,190.0,23.0,0.0
3.047718531089789,0.1738133783411407,0.0161851600119902,191.0,23.0,0.0
3.120878794346493,0.2315201115056082,0.0010624281632388,197.0,23.0,0.0
3.2083357263668497,0.184966012957311,0.0094482363137898,196.0,23.0,0.0
3.2280468669370106,0.1614373794433728,0.0256732682714146,191.0,23.0,0.0
3.061418291678408,0.2084137044181133,0.0039068997819577,190.0,23.0,0.0
3.304220421244795,0.1671174365880675,0.0192235483735542,196.0,23.0,0.0
3.0978053883226013,0.1658616107765407,0.019527680346816,198.0,23.0,0.0
3.1778397326705967,0.182054091352004,0.0128837016244193,186.0,23.0,0.0
3.1020789546198824,0.1741312427094919,0.0157109846339328,192.0,23.0,0.0
3.1431398473252954,0.1725228353186261,0.0161503054230854,194.0,23.0,0.0
3.072768771807604,0.193954848632151,0.006451314313414,196.0,23.0,0.0
3.090705642801858,0.2406139462130503,0.0008527337342438,189.0,23.0,0.0
3.172937707345009,0.1986866912622413,0.0057324704450504,192.0,23.0,0.0
3.0952073360892407,0.1714694130614494,0.0177020523585556,191.0,23.0,0.0
3.0038333474541,0.2266529617785899,0.0012855328087898,199.0,23.0,0.0
3.1054860788520227,0.1957956232793071,0.0058267699779873,197.0,23.0,0.0
3.0592530510605567,0.1987728008032576,0.0052230754675074,196.0,23.0,0.0
3.1189063853432817,0.1764913327726989,0.0143324815478157,192.0,23.0,0.0
3.1376398095311107,0.1896474325770917,0.0076042088445737,197.0,23.0,0.0
3.190554225914011,0.1950799451804477,0.0057592223247269,199.0,23.0,0.0
3.335353642704576,0.1572505328850506,0.0273267230508869,197.0,23.0,0.0
3.2902390045976784,0.1890660149864862,0.0081183764883325,195.0,23.0,0.0
3.044481918347393,0.1710345334116767,0.0173972396891631,193.0,23.0,0.0
3.162497455730512,0.1692973451494119,0.0173939367954091,197.0,23.0,0.0
3.035287291514477,0.1644857111275497,0.020576861823215,198.0,23.0,0.0
3.1095030780926365,0.2042952629108741,0.0041732122363334,195.0,23.0,0.0
3.1820258748600194,0.1551833502483841,0.0311662912632981,193.0,23.0,0.0
3.241845195338429,0.1640669506008735,0.0229681238370895,192.0,23.0,0.0
3.2022590237216804,0.1554904594668953,0.0299640512235853,195.0,23.0,0.0
3.0434198621956887,0.1855679973881569,0.0090354218029311,197.0,23.0,0.0
3.0986759055286868,0.2060080392954463,0.0043508363142674,190.0,23.0,0.0
3.201522263495713,0.1749823671432059,0.0152010609430801,192.0,23.0,0.0
3.0820125872495496,0.1588056193579402,0.0273921211798142,193.0,23.0,0.0
3.1686302081977997,0.1519202447037498,0.0339948174053218,195.0,23.0,0.0
3.224772757536968,0.1524185682355977,0.0357849298918784,190.0,23.0,0.0
3.1975353833027,0.191158620466426,0.0074294765599552,195.0,23.0,0.0
3.264410063167766,0.1502811084285055,0.0374715378135739,192.0,23.0,0.0
3.1138111308738936,0.2026347731796921,0.0044974947651358,195.0,23.0,0.0
3.225435068763682,0.1584182970515293,0.0286074757769013,191.0,23.0,0.0
3.2467752931176364,0.154333274557144,0.03256850820808,192.0,24.0,0.0
3.0913403732302096,0.1810892641951489,0.0106749677918798,198.0,24.0,0.0
3.10708888704335,0.1639943625628151,0.0223182621052841,194.0,24.0,0.0
2.992964388487763,0.2186910291475828,0.0021299617810966,195.0,24.0,0.0
3.1858931740751784,0.1758157954316344,0.0142010676508136,194.0,24.0,0.0
3.113851241613554,0.1932920837924464,0.0064999775484318,197.0,24.0,0.0
3.296605540869515,0.2109698858067241,0.0029958159308957,196.0,24.0,0.0
3.1629977400312668,0.1786171843220077,0.0127081957513217,194.0,24.0,0.0
3.1631213793399926,0.1515288192590585,0.0339983002900516,196.0,24.0,0.0
3.2641411517030336,0.2008622269681008,0.0047589619259316,196.0,24.0,0.0
3.134264967982394,0.1985952192137758,0.0053829232980238,195.0,24.0,0.0
3.4283315261600213,0.164709751081673,0.0220786060229326,193.0,24.0,0.0
3.21512200842803,0.2252316916831366,0.0016368590710709,193.0,24.0,0.0
3.068002142304956,0.2560606905784571,0.0002917670416229,196.0,24.0,0.0
3.196951916748674,0.1739063791678148,0.0161273868747664,191.0,24.0,0.0
3.153776244371826,0.158277363284727,0.0271077732801848,195.0,24.0,0.0
3.304364947974081,0.1594925806364105,0.0271240908370921,192.0,24.0,0.0
3.131451742830241,0.1632514309741475,0.0236661056871085,192.0,24.0,0.0
3.1240132550939155,0.1966057502270177,0.0061366389462903,193.0,24.0,0.0
3.1548912308004557,0.1673373761843668,0.0190632061492162,196.0,24.0,0.0
3.068566456875889,0.2054143926242113,0.0047978211373671,187.0,24.0,0.0
3.2079054116491825,0.1744113029827315,0.0147449694936241,195.0,24.0,0.0
3.259635167725922,0.1730518377057404,0.01555117587964,195.0,24.0,0.0
3.076180610747993,0.1698603613379269,0.0185014032925239,192.0,24.0,0.0
3.13338537895759,0.1898250206668503,0.008534191848265,191.0,24.0,0.0
3.1834508220996107,0.1704724249247212,0.0180768031737237,192.0,24.0,0.0
3.132258026473036,0.184327307449546,0.009891939557238,195.0,24.0,0.0
3.2384349575159788,0.1626376719203537,0.0242033760416621,192.0,24.0,0.0
3.1033819757059486,0.2068191623557255,0.0038110695026991,194.0,24.0,0.0
3.144380480232289,0.1992232353934481,0.005990482277849,189.0,24.0,0.0
3.2396811070069025,0.1703000137779002,0.0185040037613084,191.0,24.0,0.0
3.117490634658652,0.2077683730113774,0.0035620536543325,195.0,24.0,0.0
3.1098651643022985,0.2024742707833413,0.0052045262564588,189.0,24.0,0.0
3.132412911605531,0.1899988649110624,0.0081316585274075,193.0,24.0,0.0
3.2733386203317574,0.170300046610533,0.0164529230677435,198.0,24.0,0.0
3.103934252709891,0.1687193562373936,0.018999635219005,193.0,24.0,0.0
3.180660931371869,0.1695298985507841,0.0181203354787095,194.0,24.0,0.0
3.2241630168833035,0.16903189753999,0.0184676311187282,194.0,24.0,0.0
3.1827612296513004,0.1573246762193441,0.029738834030118,191.0,24.0,0.0
3.08676412813188,0.1619450021213592,0.0255962394024116,190.0,24.0,0.0
2.9915508143385763,0.1845480848718655,0.0105958049583078,191.0,24.0,0.0
3.1730125668394997,0.158488410793309,0.0273006752976553,194.0,24.0,0.0
3.2086046723517727,0.2447483023035411,0.0008403876436791,183.0,24.0,0.0
3.0045894573696543,0.2408105688630876,0.0007664583367641,192.0,24.0,0.0
3.129875033449036,0.1601533448656999,0.0257022857034353,194.0,24.0,0.0
3.2325323243632806,0.1702099079124115,0.0173617264861995,195.0,24.0,0.0
3.076098232415423,0.1778433868265778,0.014095258801168,190.0,24.0,0.0
3.0959925488800204,0.1578671810416092,0.0291729267694647,191.0,24.0,0.0
3.273963557321652,0.1778249846942758,0.0131157081941139,194.0,24.0,0.0
3.19467470125052,0.1828368634024907,0.0101223572981121,197.0,24.0,0.0
3.1394938614523595,0.2653049806038576,0.0001999839133893,192.0,24.0,0.0
3.0747114987458475,0.1759054578488951,0.0136560691167233,196.0,24.0,0.0
3.193911468442247,0.1801486298808824,0.0121763440128655,193.0,24.0,0.0
3.220835723981499,0.18422262829298,0.0091943798762516,199.0,24.0,0.0
3.026383731496355,0.1830949326235766,0.0102085269987695,196.0,24.0,0.0
3.1676670933355484,0.1629804097003365,0.0235340805246867,193.0,24.0,0.0
3.120690338737408,0.1788528913907806,0.0135495213820101,190.0,24.0,0.0
3.1296500596867496,0.1550301114939098,0.031782833506684,192.0,24.0,0.0
3.161127548715853,0.1578591554938304,0.0283384233962663,193.0,24.0,0.0
3.151376319645521,0.1814594830795125,0.0111244623153146,195.0,24.0,0.0
3.1471031717324807,0.1523776261130035,0.0339166763421754,194.0,24.0,0.0
3.1538649449871947,0.1601046442232048,0.0265331430860355,192.0,24.0,0.0
3.0807701274689325,0.204818940474087,0.0041727799134791,194.0,24.0,0.0
3.1974621080011945,0.1848211987487042,0.009142089565624,198.0,24.0,0.0
3.21471806904848,0.2335912878585545,0.0010776702405684,193.0,24.0,0.0
3.2138253329041624,0.1828809589418572,0.0113327648776053,191.0,24.0,0.0
3.1622757425553085,0.2288487437145885,0.001253958881473,196.0,24.0,0.0
3.2252198008713258,0.1729856800197627,0.0153245794440596,196.0,24.0,0.0
3.226362712626625,0.2031170596708151,0.004401049072122,195.0,24.0,0.0
3.1960665490848688,0.1701435043268317,0.0183039171751093,192.0,24.0,0.0
3.0411247670094337,0.2247762546731618,0.0015821642755757,195.0,24.0,0.0
3.1612684859528275,0.2349049863789327,0.0010077984582817,193.0,24.0,0.0
3.0952946008098485,0.1575720447625661,0.028630952804737,193.0,24.0,0.0
3.217894672809694,0.1600916020650924,0.0253764258444907,195.0,24.0,0.0
3.19583574557174,0.2273493506891137,0.0016075805370851,190.0,24.0,0.0
3.18022345136087,0.151272880286135,0.0347728996776184,195.0,24.0,0.0
3.151243391238006,0.1895041767163982,0.00813405612118,194.0,24.0,0.0
3.1397204830713137,0.1706015633850685,0.0171017875732348,195.0,24.0,0.0
3.221861409992949,0.1582871035998155,0.0283209882561404,192.0,24.0,0.0
3.1840352702021835,0.2141185855442417,0.0024532562051847,198.0,24.0,0.0
3.211214533619216,0.1596910305869385,0.0273373172369857,191.0,24.0,0.0
3.2175052589197897,0.1699281800179041,0.0184539335122299,192.0,24.0,0.0
3.209304219271889,0.1557384954532929,0.0314474408318442,191.0,24.0,0.0
3.2168667478134974,0.2044852962325319,0.0042360350149597,194.0,24.0,0.0
3.1978670478463136,0.2012558869701727,0.0046757866276527,196.0,24.0,0.0
3.116849347147504,0.17516369727425,0.0133391452190977,199.0,24.0,0.0
3.29240605414245,0.1760155707494257,0.0143432827526494,193.0,24.0,0.0
3.289744179829229,0.1608801583675955,0.0232073454592143,199.0,24.0,0.0
3.2061337079794474,0.2367830380883318,0.0008080372679866,197.0,24.0,0.0
3.1473302337696607,0.1744661063653899,0.0157834615848515,191.0,24.0,0.0
3.215401977003696,0.1881578658228404,0.0081015674177189,197.0,24.0,0.0
3.0423745884399698,0.224244160811654,0.0017669193872781,192.0,24.0,0.0
3.279323021291389,0.1572351065723672,0.028147434161986,195.0,24.0,0.0
3.189838518333133,0.2470176735480021,0.0005521117776528,192.0,24.0,0.0
3.0931643453219797,0.1644440886645382,0.0209359734212327,197.0,24.0,0.0
3.074218372250108,0.1934848976673665,0.0068694323755619,194.0,24.0,0.0
3.1562721250055468,0.1866969630977963,0.0091461786656232,194.0,24.0,0.0
3.102633031680124,0.1841832688666267,0.0099508371033539,195.0,24.0,0.0
3.105498517224491,0.216017168219285,0.0019655101752902,203.0,24.0,0.0
3.2166034801020493,0.1798898963730569,0.0123030236493054,193.0,24.0,0.0
3.1869985623808,0.1804522613065326,0.0107559610658136,199.0,24.0,0.0
3.089195845423893,0.1633397530304746,0.0225132105708655,195.0,24.0,0.0
3.2114742974808963,0.178702649842012,0.0126649033336499,194.0,24.0,0.0
3.13454413401389,0.1861831848057392,0.0086332539599472,198.0,24.0,0.0
3.075999992218835,0.2086176619838683,0.0035971416264979,193.0,24.0,0.0
3.1509734582490863,0.1896666029493353,0.0095184731941447,186.0,24.0,0.0
3.1562599412704757,0.2338478538623571,0.0009419953558686,197.0,24.0,0.0
3.1351366282927398,0.2026169706582077,0.0045010909242063,195.0,24.0,0.0
3.113476136418352,0.2371906497433979,0.0008685148064681,194.0,24.0,0.0
3.157423046534954,0.1957031186780818,0.0061096283865821,195.0,24.0,0.0
3.141785087899784,0.1598657205195317,0.02597253462604,194.0,24.0,0.0
3.194297908641825,0.20283692618718,0.0042550036192629,197.0,24.0,0.0
3.370118559601824,0.1711165315226229,0.016207439228084,197.0,24.0,0.0
3.1141486746885345,0.1692298121189498,0.0199170370162287,189.0,24.0,0.0
3.232850043459807,0.1866284918781447,0.0084724248804073,198.0,24.0,0.0
3.178298658648616,0.1712946951525632,0.0163701670469518,196.0,24.0,0.0
2.968024108026916,0.2327299731438027,0.001160293398161,192.0,24.0,0.0
3.0959699408231067,0.1677728219646386,0.0196907447448942,193.0,24.0,0.0
3.1968644576131737,0.1914156459426477,0.0075030703866973,194.0,24.0,0.0
3.2934868008905887,0.1918115725795513,0.0076929371829964,192.0,24.0,0.0
3.1702500761453787,0.169055455059806,0.0178501211002324,196.0,24.0,0.0
3.131811724463532,0.1752907574345987,0.0155618806411417,190.0,24.0,0.0
3.219014942556752,0.1635466233190483,0.0203487547929286,201.0,24.0,0.0
3.305855991634698,0.1885247131178279,0.0075076295747738,200.0,24.0,0.0
3.145590505947035,0.1604233287650373,0.0236065368473104,199.0,24.0,0.0
3.222243510077637,0.1650870874909851,0.0201124326162372,198.0,24.0,0.0
3.2223817738964797,0.1648048982426152,0.0220008324277986,193.0,24.0,0.0
3.105934901647511,0.1921582995735484,0.0066856625328065,198.0,24.0,0.0
3.2866720013707904,0.1765556998954629,0.0148192428561751,190.0,24.0,0.0
3.1679705304737658,0.1802637244057543,0.0110432153593828,198.0,24.0,0.0
3.209087318364836,0.1828496981663402,0.0105110243133103,195.0,24.0,0.0
3.223285947741976,0.200351195196556,0.0049804435917962,195.0,24.0,0.0
3.135892528969333,0.1743337401094359,0.0161451265969411,190.0,24.0,0.0
3.0602945774271726,0.186100773773,0.0090119501118792,196.0,24.0,0.0
3.1299883774628943,0.1989373794433728,0.0057986902278482,191.0,24.0,0.0
3.1786388590932364,0.1737078476248392,0.0154235159787894,194.0,24.0,0.0
3.2721687083789943,0.2048083654320057,0.0038893946403171,197.0,24.0,0.0
3.3450307703628392,0.2164495298515917,0.0023718185438964,195.0,24.0,0.0
3.228166369558839,0.1538681454946266,0.0335688049115079,191.0,24.0,0.0
3.1472794621293434,0.2037634875273756,0.0044794272353128,193.0,24.0,0.0
3.2038287545195,0.1525643368356936,0.0314575626667434,199.0,24.0,0.0
3.1043729958334185,0.1549255993386608,0.0323549897113775,191.0,24.0,0.0
3.214300404448556,0.2012893560391747,0.0046687756373614,196.0,24.0,0.0
3.211248184928237,0.1637830945773644,0.0204822064616653,200.0,24.0,0.0
3.169651164718992,0.1794088114777857,0.0114363250771268,198.0,24.0,0.0
3.160658658409545,0.2235307597889179,0.0015913505548857,197.0,24.0,0.0
3.098735484329673,0.2299968803407211,0.0013307999687009,192.0,24.0,0.0
3.039516951950613,0.2190761860812622,0.001981617577631,197.0,24.0,0.0
3.155871499112101,0.1941476942202105,0.0063975852497966,196.0,24.0,0.0
3.1800624836802083,0.1757351370119117,0.014501841750998,193.0,24.0,0.0
3.1811864400125747,0.2010359355803642,0.0050564266244463,193.0,24.0,0.0
3.3339751101618678,0.1863690640213098,0.0100366305778882,190.0,24.0,0.0
2.996339402008588,0.2805486666054316,8.832593245995035e-05,190.0,24.0,0.0
3.1906757184147008,0.1818896560012819,0.0113533422708723,193.0,24.0,0.0
3.348484673768478,0.168458292415346,0.0188748009335581,194.0,24.0,0.0
3.249659689853255,0.1960649137332407,0.006281729319963,193.0,24.0,0.0
3.214538064979168,0.2174780326905613,0.0023805718436157,193.0,24.0,0.0
3.1765287380036464,0.1829860154312482,0.0112850253552325,191.0,24.0,0.0
3.229467736926942,0.1509572901325478,0.0351576534734038,195.0,24.0,0.0
3.208779036301844,0.1863254126346236,0.008581594447132,198.0,24.0,0.0
3.28068484955282,0.167412983362986,0.0196368644105147,194.0,24.0,0.0
3.233151286607969,0.1757827379292209,0.0137228530219715,196.0,24.0,0.0
3.1521804462874625,0.1878063712901595,0.0087335728967382,194.0,24.0,0.0
3.16496370197566,0.1756850595587842,0.0142743397230579,194.0,24.0,0.0
2.9778214842072424,0.2488776319409603,0.0004507938167172,195.0,24.0,0.0
3.0880243422960336,0.2243783530948143,0.0015255736834616,197.0,24.0,0.0
3.2299980716396743,0.2139438516523361,0.0026039151830336,196.0,24.0,0.0
3.1337944170960066,0.2259601884291882,0.0017200829405463,190.0,24.0,0.0
3.1926878892501303,0.2010850096445301,0.0052812788782472,191.0,24.0,0.0
3.06683660324487,0.1611559211580577,0.0247790578537155,194.0,24.0,0.0
3.0625474533281407,0.1826105676494901,0.0114564544175829,191.0,24.0,0.0
3.136398662954123,0.161633955456691,0.0251046125892657,192.0,24.0,0.0
3.0852028347260765,0.1615899257518295,0.0247635647179773,193.0,24.0,0.0
3.1525384536724848,0.2490013699373355,0.0004962875363345,192.0,24.0,0.0
3.224943070590643,0.165110370706693,0.021752734355354,193.0,24.0,0.0
3.209843610611063,0.1846299503147809,0.0097691915536924,195.0,24.0,0.0
3.1090078160058847,0.1607088729677597,0.026356567951799,191.0,24.0,0.0
3.3139626401799123,0.1613623937680151,0.0261386586563958,190.0,24.0,0.0
3.1418400890955267,0.1526229677597134,0.0350474315443144,191.0,24.0,0.0
3.229389346871825,0.1762559425244377,0.0142085846483333,193.0,24.0,0.0
3.1708996326786205,0.2026083064319236,0.0048266464680354,192.0,24.0,0.0
3.296349060714566,0.1606110833812066,0.0241587477740419,197.0,24.0,0.0
3.178834939932186,0.1775560860483412,0.0137460292968183,192.0,24.0,0.0
3.1031862305063034,0.1630259338632233,0.0238622955141613,192.0,24.0,0.0
3.1252162006394397,0.1679159150768573,0.0192669460209456,194.0,24.0,0.0
3.1868048253769947,0.2063558303509427,0.0039866221545729,193.0,24.0,0.0
3.150795915938263,0.2332937789790582,0.0009694658167087,197.0,24.0,0.0
3.1032276485267167,0.2129248561445806,0.0026641224021513,197.0,24.0,0.0
3.1940213618041438,0.1603284458671296,0.0263198346587345,192.0,24.0,0.0
3.1444005144517457,0.1620005511160099,0.0251555136181023,191.0,24.0,0.0
3.06110159878849,0.1527115661494161,0.0359201814424345,189.0,24.0,0.0
3.181625761060285,0.1523264658758031,0.0335141511750411,195.0,24.0,0.0
3.0845270752595906,0.2013192339487462,0.0052274290096457,191.0,24.0,0.0
3.144998903370864,0.2304580473645661,0.001300509435556,192.0,24.0,0.0
3.217823937702077,0.2243490178163545,0.001444532123181,199.0,24.0,0.0
3.032049240134022,0.1579107342825148,0.0299957678597166,189.0,24.0,0.0
3.1596477127061107,0.1563277083772964,0.0278538971299403,198.0,24.0,0.0
3.2568880279699544,0.1503346714713628,0.0364122681304424,194.0,24.0,0.0
3.2496074340335794,0.1759087701234986,0.0131771672146902,198.0,24.0,0.0
3.0956199152289745,0.1565811692351446,0.031425368752894,189.0,24.0,0.0
3.2639876151118155,0.1677924359327638,0.020330620987772,191.0,24.0,0.0
3.0998364848832627,0.1889996014348345,0.0083082918252732,194.0,24.0,0.0
3.0533492997710088,0.2585928695428333,0.0002434710850707,197.0,24.0,0.0
3.0769531674886843,0.1906365948564549,0.0077547824250288,194.0,24.0,0.0
3.058725568525867,0.1866335431872987,0.0089899973554317,195.0,24.0,0.0
3.047702951714888,0.1821099857358016,0.01063006378916,196.0,24.0,0.0
3.160773868762473,0.2550793830617099,0.0003196822271363,195.0,24.0,0.0
3.1584764400238976,0.1718345274180214,0.0174579342053841,191.0,24.0,0.0
3.0780411969811805,0.1832150392607232,0.0107600695345346,193.0,24.0,0.0
3.1180919963160347,0.2128724221667974,0.0028821004194358,194.0,24.0,0.0
3.117396823024217,0.1769350301620062,0.0131069075484286,196.0,24.0,0.0
3.14474043255918,0.1806661614769909,0.0123814597185863,191.0,24.0,0.0
3.206648283750403,0.1506863949575343,0.0359718707102315,194.0,24.0,0.0
3.1772323063474803,0.168044516181537,0.0198124300113899,192.0,24.0,0.0
3.106238919227936,0.1951613288814159,0.006121689945505,196.0,24.0,0.0
3.2044857401068247,0.160883088921121,0.0250274300869049,194.0,24.0,0.0
3.2473266973774764,0.1504217805590595,0.0363027752209551,194.0,24.0,0.0
3.15006729306274,0.1994735190427861,0.0054161900144759,193.0,24.0,0.0
3.1654597903881263,0.1758766189032791,0.0149450096043511,191.0,24.0,0.0
3.102839513693005,0.1670731975300503,0.0189466609966984,197.0,24.0,0.0
2.972104176237628,0.1659356843451099,0.0204295494893983,195.0,24.0,0.0
3.2302222208694555,0.1507946972051395,0.0344175533118083,197.0,24.0,0.0
3.162473644275284,0.1862418877146417,0.0091378325312272,195.0,24.0,0.0
3.038872014965262,0.1865437566123213,0.009577296571053,192.0,24.0,0.0
3.084292497280233,0.2029008969770681,0.0045483536450089,194.0,24.0,0.0
3.2159446650373167,0.1948825181025565,0.0055655504466703,201.0,24.0,0.0
3.1589814838371444,0.1672437947312319,0.0182230140822269,199.0,24.0,0.0
3.156841441600024,0.1689519741454542,0.0173387959066398,198.0,24.0,0.0
3.06961878033902,0.1663348029567782,0.0204506837881745,194.0,24.0,0.0
3.1293318813663067,0.1543784714198057,0.0307384168960339,196.0,24.0,0.0
3.0231897998766213,0.1545122623312207,0.0328249297557866,191.0,24.0,0.0
3.0960656978028323,0.2153606365389914,0.0027716103108111,191.0,24.0,0.0
3.146539709904489,0.212711766802015,0.0026238822363201,198.0,24.0,0.0
3.1093346153693,0.2136192421884843,0.0025126302505313,198.0,24.0,0.0
3.2100682418977264,0.1973391430146045,0.0062126876202664,191.0,24.0,0.0
3.1811580021323587,0.1879731993299832,0.0078436685378391,199.0,24.0,0.0
3.0013479017231472,0.2470354147748517,0.0005332590811466,193.0,24.0,0.0
3.0982639643024945,0.1975191031680423,0.0063025550116645,190.0,24.0,0.0
3.129241626933722,0.1593598098392179,0.0268506815887277,193.0,24.0,0.0
3.248203773692443,0.2027953234335772,0.0046770853699315,193.0,24.0,0.0
3.2467263016569925,0.1568597606029259,0.0261628845187744,201.0,24.0,0.0
3.053503447013796,0.1619155513117221,0.0237323884917796,195.0,24.0,0.0
3.0641480516197515,0.237916133939698,0.0008105106211565,195.0,24.0,0.0
3.1929644328588798,0.1954144399533407,0.0066016389898913,192.0,24.0,0.0
3.155825948384502,0.1695280788826837,0.0172393808209953,197.0,24.0,0.0
3.1464808552190693,0.2073335990434436,0.0037227321638507,194.0,24.0,0.0
3.2321177521658067,0.1738130359571522,0.0153604041204471,194.0,24.0,0.0
3.236822254092365,0.1791776409051126,0.0124266497743211,194.0,24.0,0.0
3.2026390999383816,0.2176592286094281,0.0019098428887198,201.0,24.0,0.0
3.1584152202205327,0.1681144943510609,0.0200876117400599,191.0,24.0,0.0
3.1727613088307947,0.1571076742904381,0.0299678047528379,191.0,24.0,0.0
3.0367815249735064,0.172867984534028,0.0159355981677608,194.0,24.0,0.0
3.1323373223225053,0.1896424634885643,0.0085990919553243,191.0,24.0,0.0
3.0128514999694214,0.2333766306210106,0.0009949491378582,196.0,24.0,0.0
3.1741555465248097,0.1986858502322419,0.0053614577068646,195.0,24.0,0.0
3.2711223966947687,0.1636022680815514,0.0244860271838014,189.0,24.0,0.0
3.2904304356911886,0.1787190855189359,0.012656592734149,194.0,24.0,0.0
3.2064586799533354,0.1635948510018501,0.0241123069119256,190.0,24.0,0.0
3.1182536825353915,0.1983556943792584,0.0054400248922751,195.0,24.0,0.0
3.2375506630442823,0.2062048436305508,0.0035617115666839,198.0,24.0,0.0
3.189346662712496,0.156787338109672,0.0303085558060459,191.0,24.0,0.0
3.1495103084329417,0.1699947950154618,0.0190348970966502,190.0,24.0,0.0
3.238393760703492,0.1693964497468877,0.0201267020718263,188.0,24.0,0.0
3.2674248805277637,0.1644208516078913,0.0216241716318444,195.0,24.0,0.0
3.226677870839815,0.22965019229742,0.0013148170386373,193.0,24.0,0.0
3.1105383375085247,0.225956735811159,0.0017701029684477,189.0,24.0,0.0
3.204888922633637,0.1812619309490398,0.0127951903069054,188.0,24.0,0.0
3.050631253600613,0.1727529347955607,0.0160068889210035,194.0,24.0,0.0
3.2477166248915776,0.1729498444509322,0.0150837545239423,197.0,24.0,0.0
3.16388330250782,0.17785042645131,0.0128665502398724,195.0,24.0,0.0
3.2106663227755807,0.1792642601267566,0.0130884900712522,191.0,24.0,0.0
3.156090465816652,0.1916280513861439,0.0075924625386869,193.0,24.0,0.0
3.0094054262375285,0.1727271954295396,0.0149570780610164,198.0,24.0,0.0
3.1587374866845885,0.1602667510364748,0.0255963956383339,194.0,24.0,0.0
3.069230347725171,0.2519236647751657,0.0003553658837473,197.0,24.0,0.0
3.2171220012410267,0.1593077747334726,0.0273047214808847,192.0,24.0,0.0
3.1479003752356585,0.1928319927217695,0.0076867136413397,190.0,24.0,0.0
3.2164460811519517,0.1854197349042709,0.0094551863363509,195.0,24.0,0.0
3.199085449906246,0.210490449509463,0.0035569495830784,190.0,24.0,0.0
3.095410165947696,0.171038710902531,0.0176915260578699,192.0,24.0,0.0
3.315954288906015,0.1564111899290329,0.0277695153209111,198.0,24.0,0.0
3.2308842570623497,0.1514275412638213,0.0355383353194933,193.0,24.0,0.0
3.032872841537316,0.2339399983379041,0.0011599121211215,190.0,24.0,0.0
3.260066523265083,0.1778811762611468,0.0128507494826148,195.0,24.0,0.0
3.262621250516048,0.1727293182329558,0.0144506101822513,200.0,24.0,0.0
3.044358896770015,0.2028640810140534,0.0048844164918898,191.0,24.0,0.0
3.189238987556131,0.1883325334613128,0.0094526629026496,189.0,24.0,0.0
3.0642099685632287,0.1856884794884243,0.0103177109343759,190.0,24.0,0.0
3.2443861850743274,0.1834913937887106,0.0098518435139586,197.0,24.0,0.0
3.022654551795865,0.2051591589864118,0.0041091551510579,194.0,24.0,0.0
2.951497592305343,0.1680120337110873,0.017980768149716,198.0,24.0,0.0
3.254474248089476,0.1524724820982239,0.0372288277477861,187.0,24.0,0.0
3.201194790224688,0.1605231475964876,0.0253583714070467,194.0,24.0,0.0
3.2630073845535783,0.1624572671708277,0.0229066409898184,196.0,24.0,0.0
3.0757646690141387,0.2316716521553335,0.001187787436579,193.0,24.0,0.0
3.0472194816472564,0.1969659740398482,0.005910463508616,194.0,24.0,0.0
