geneID_x,kla_prot.1,kla_prot.2,geneID,proteinID
YAL012W,3.4603085810658054e-06,4.310038183047084e-06,Kluyveromyces_lactis_Seq_227,YAL012W
YAL035W,2.087749793615227e-06,2.275400458942847e-06,Kluyveromyces_lactis_Seq_4571,YAL035W
YAL039C,1.751507706149006e-07,1.656102324911717e-07,Kluyveromyces_lactis_Seq_4436,YAL039C
YAL044C,5.365642309214613e-07,1.06313644563304e-06,Kluyveromyces_lactis_Seq_683,YAL044C
YAL054C,4.057337276259602e-08,8.568352045962686e-08,Kluyveromyces_lactis_Seq_1592,YAL054C
YAL054C,4.057337276259602e-08,8.568352045962686e-08,Kluyveromyces_lactis_Seq_494,YAL054C
YAL061W,2.463064894956446e-07,3.3056477380834077e-07,Kluyveromyces_lactis_Seq_802,YAL061W
YAL062W,1.737272593715809e-07,1.5169898739357226e-08,Kluyveromyces_lactis_Seq_4126,YAL062W
YAR015W,2.717199535659662e-06,3.0838137397376636e-06,Kluyveromyces_lactis_Seq_4718,YAR015W
YBL011W,7.253804055217702e-08,7.670467148528193e-08,Kluyveromyces_lactis_Seq_4642,YBL011W
YBL011W,7.253804055217702e-08,7.670467148528193e-08,Kluyveromyces_lactis_Seq_4867,YBL011W
YBL015W,4.071645564864493e-07,6.654018778989951e-07,Kluyveromyces_lactis_Seq_3405,YBL015W
YBL030C,1.82867718510025e-05,2.072751551319641e-05,Kluyveromyces_lactis_Seq_1294,YBL030C
YBL033C,8.004599271832768e-08,1.480409884280639e-07,Kluyveromyces_lactis_Seq_2162,YBL033C
YBL039C,3.5181311839195495e-06,3.395301878667787e-06,Kluyveromyces_lactis_Seq_3930,YBL039C
YBL042C,6.939082913450552e-09,5.13839113712144e-09,Kluyveromyces_lactis_Seq_4754,YBL042C
YBL045C,3.284207687484227e-06,3.173222991217706e-06,Kluyveromyces_lactis_Seq_1731,YBL045C
YBL064C,5.914915784349937e-06,5.341178815877351e-06,Kluyveromyces_lactis_Seq_786,YBL064C
YBL068W,1.0605050386892859e-06,7.364801720492955e-07,Kluyveromyces_lactis_Seq_4319,YBL068W
YBL076C,5.064267806441289e-06,6.2551802781766806e-06,Kluyveromyces_lactis_Seq_1370,YBL076C
YBL080C,1.6435157075327303e-08,2.9018720137551067e-08,Kluyveromyces_lactis_Seq_3686,YBL080C
YBL091C,2.987505051384309e-07,3.136893767484115e-07,Kluyveromyces_lactis_Seq_2268,YBL091C
YBL099W,1.4070491582052202e-05,1.2070332253185117e-05,Kluyveromyces_lactis_Seq_2705,YBL099W
YBR001C,7.12779969666738e-09,2.800986818611176e-09,Kluyveromyces_lactis_Seq_1246,YBR001C
YBR002C,2.8488710217690615e-08,4.071601897978489e-08,Kluyveromyces_lactis_Seq_2552,YBR002C
YBR003W,1.402587061888817e-07,1.8410662061624272e-07,Kluyveromyces_lactis_Seq_125,YBR003W
YBR004C,4.259626689518884e-09,4.185957369102216e-09,Kluyveromyces_lactis_Seq_4504,YBR004C
YBR006W,4.75942538742414e-07,7.383760347948748e-07,Kluyveromyces_lactis_Seq_252,YBR006W
YBR006W,4.75942538742414e-07,7.383760347948748e-07,Kluyveromyces_lactis_Seq_2651,YBR006W
YBR011C,1.0485429055300422e-05,1.665123288743324e-05,Kluyveromyces_lactis_Seq_4129,YBR011C
YBR018C,2.401113463489543e-08,2.7106132146286567e-08,Kluyveromyces_lactis_Seq_4360,YBR018C
YBR023C,1.034888845456005e-07,3.70262074514994e-08,Kluyveromyces_lactis_Seq_2391,YBR023C
YBR026C,1.4402066378622152e-06,3.1920374364594764e-06,Kluyveromyces_lactis_Seq_4647,YBR026C
YBR029C,1.7835499711389202e-06,1.0888111570051891e-06,Kluyveromyces_lactis_Seq_2218,YBR029C
YBR034C,4.68298487566567e-07,4.632622546537155e-07,Kluyveromyces_lactis_Seq_172,YBR034C
YBR035C,3.183085878331365e-06,3.7239885536888205e-06,Kluyveromyces_lactis_Seq_4829,YBR035C
YBR039W,4.541230391931641e-06,5.755905528616704e-06,Kluyveromyces_lactis_Seq_4944,YBR039W
YBR041W,3.477019294944041e-08,5.994211856387449e-08,Kluyveromyces_lactis_Seq_2355,YBR041W
YBR042C,1.88636893481984e-08,3.2520081355487637e-08,Kluyveromyces_lactis_Seq_408,YBR042C
YBR046C,6.929153027288915e-07,1.3039684607207658e-06,Kluyveromyces_lactis_Seq_485,YBR046C
YBR070C,7.502477686508874e-09,7.372723960914496e-09,Kluyveromyces_lactis_Seq_1467,YBR070C
YBR084W,2.525544719978044e-06,2.47072433097067e-06,Kluyveromyces_lactis_Seq_2458,YBR084W
YBR084W,2.525544719978044e-06,2.47072433097067e-06,Kluyveromyces_lactis_Seq_3082,YBR084W
YBR110W,2.8169470277633104e-07,5.091200485540623e-07,Kluyveromyces_lactis_Seq_2234,YBR110W
YBR111C,1.1190390022641823e-07,2.3130472305139366e-07,Kluyveromyces_lactis_Seq_997,YBR111C
YBR115C,1.017570502831416e-06,7.165623872327749e-07,Kluyveromyces_lactis_Seq_4545,YBR115C
YBR117C,1.932785607758803e-06,1.998269541254338e-06,Kluyveromyces_lactis_Seq_2815,YBR117C
YBR126C,7.211134732085656e-07,8.334761403536195e-07,Kluyveromyces_lactis_Seq_4419,YBR126C
YBR127C,3.758243063080421e-06,3.6619159215385208e-06,Kluyveromyces_lactis_Seq_1319,YBR127C
YBR153W,3.2650856075559065e-07,1.4881750253835865e-07,Kluyveromyces_lactis_Seq_735,YBR153W
YBR166C,2.781579303290018e-07,5.027278738260246e-07,Kluyveromyces_lactis_Seq_236,YBR166C
YBR176W,1.0470311260394997e-07,2.602326884497572e-07,Kluyveromyces_lactis_Seq_3149,YBR176W
YBR192W,7.502882448189876e-08,2.380554890493979e-08,Kluyveromyces_lactis_Seq_2905,YBR192W
YBR196C,1.373359597065172e-05,1.150370119186742e-05,Kluyveromyces_lactis_Seq_3067,YBR196C
YBR204C,1.9753117261132217e-07,1.9411491379146128e-07,Kluyveromyces_lactis_Seq_4011,YBR204C
YBR205W,2.405503670565579e-07,2.9400762849520034e-07,Kluyveromyces_lactis_Seq_725,YBR205W
YBR208C,1.6034627766596337e-06,2.8374202712002115e-07,Kluyveromyces_lactis_Seq_3365,YBR208C
YBR213W,1.1512363362073298e-07,1.1313259532772828e-07,Kluyveromyces_lactis_Seq_2636,YBR213W
YBR218C,4.218028396699899e-06,7.303349382030548e-06,Kluyveromyces_lactis_Seq_80,YBR218C
YBR221C,4.891535852853064e-06,4.131143926923892e-06,Kluyveromyces_lactis_Seq_2378,YBR221C
YBR229C,1.441028279221511e-07,1.530499733119826e-07,Kluyveromyces_lactis_Seq_2480,YBR229C
YBR243C,1.1322436486863104e-09,1.636529965017811e-09,Kluyveromyces_lactis_Seq_3358,YBR243C
YBR248C,2.3236463105799755e-06,1.8924471618384046e-06,Kluyveromyces_lactis_Seq_2020,YBR248C
YBR256C,1.0624762256778398e-06,1.2317361216849945e-06,Kluyveromyces_lactis_Seq_1621,YBR256C
YBR263W,5.528540262903503e-06,5.426052231533697e-06,Kluyveromyces_lactis_Seq_1227,YBR263W
YBR263W,5.528540262903503e-06,5.426052231533697e-06,Kluyveromyces_lactis_Seq_4387,YBR263W
YBR281C,6.839667948096983e-08,8.028386109100968e-08,Kluyveromyces_lactis_Seq_1334,YBR281C
YBR291C,3.6651133810379044e-07,3.388939973609721e-07,Kluyveromyces_lactis_Seq_1165,YBR291C
YBR296C,1.983870075829137e-08,1.9495594728270214e-08,Kluyveromyces_lactis_Seq_659,YBR296C
YCL004W,1.764549828264032e-09,4.385672348153126e-09,Kluyveromyces_lactis_Seq_4670,YCL004W
YCL009C,9.80689772646662e-07,8.909077996358651e-07,Kluyveromyces_lactis_Seq_160,YCL009C
YCL017C,6.177116115890724e-07,7.089174644289622e-07,Kluyveromyces_lactis_Seq_2074,YCL017C
YCL030C,2.537069810862187e-06,2.5080387536436547e-06,Kluyveromyces_lactis_Seq_1642,YCL030C
YCL038C,2.0009872248641472e-09,1.4714324280720143e-09,Kluyveromyces_lactis_Seq_3986,YCL038C
YCL052C,8.38430047520044e-08,1.162893009773069e-07,Kluyveromyces_lactis_Seq_191,YCL052C
YCL064C,3.71980770198443e-08,3.0286980794500665e-07,Kluyveromyces_lactis_Seq_2966,YCL064C
YCL064C,3.71980770198443e-08,3.0286980794500665e-07,Kluyveromyces_lactis_Seq_3759,YCL064C
YCR011C,1.8483404320349974e-07,8.54857810064519e-08,Kluyveromyces_lactis_Seq_856,YCR011C
YCR012W,2.9670383005080276e-05,1.182303322521803e-05,Kluyveromyces_lactis_Seq_4481,YCR012W
YCR024C,4.135017578785801e-08,6.404877833284296e-08,Kluyveromyces_lactis_Seq_875,YCR024C
YCR028C,4.2801284624807e-09,4.206104568343956e-09,Kluyveromyces_lactis_Seq_904,YCR028C
YCR034W,9.827312836600082e-08,2.3298100037708754e-07,Kluyveromyces_lactis_Seq_4449,YCR034W
YCR036W,1.0304340749452477e-07,4.1764069595883463e-07,Kluyveromyces_lactis_Seq_3406,YCR036W
YCR037C,1.7443976055920432e-07,1.680342547479916e-07,Kluyveromyces_lactis_Seq_1594,YCR037C
YCR037C,1.7443976055920432e-07,1.680342547479916e-07,Kluyveromyces_lactis_Seq_2272,YCR037C
YCR053W,1.05358248814396e-05,8.74765974930707e-06,Kluyveromyces_lactis_Seq_5,YCR053W
YCR068W,8.858780445546645e-09,8.705569757682918e-09,Kluyveromyces_lactis_Seq_4758,YCR068W
YCR083W,9.321224116002153e-07,1.5278619377864185e-06,Kluyveromyces_lactis_Seq_597,YCR083W
YCR087C-A,9.566056232663904e-07,9.400613363348149e-07,Kluyveromyces_lactis_Seq_2483,YCR087C-A
YCR087C-A,9.566056232663904e-07,9.400613363348149e-07,Kluyveromyces_lactis_Seq_577,YCR087C-A
YDL004W,2.5691893946042637e-06,4.0973337377917865e-06,Kluyveromyces_lactis_Seq_1850,YDL004W
YDL015C,7.11709644592846e-07,7.542832652021596e-07,Kluyveromyces_lactis_Seq_3244,YDL015C
YDL040C,7.811911750337317e-07,7.502374422997026e-07,Kluyveromyces_lactis_Seq_4410,YDL040C
YDL042C,2.0005652709567595e-08,4.423428105633262e-08,Kluyveromyces_lactis_Seq_1365,YDL042C
YDL045C,5.084834068589828e-08,5.9457610385158074e-08,Kluyveromyces_lactis_Seq_881,YDL045C
YDL052C,4.828327719327894e-07,5.20000288761493e-07,Kluyveromyces_lactis_Seq_1498,YDL052C
YDL055C,5.212950625415089e-06,6.767486714959945e-06,Kluyveromyces_lactis_Seq_698,YDL055C
YDL066W,1.2429536340476605e-05,2.6553090202582167e-05,Kluyveromyces_lactis_Seq_1535,YDL066W
YDL066W,1.2429536340476605e-05,2.6553090202582167e-05,Kluyveromyces_lactis_Seq_711,YDL066W
YDL067C,2.8149706528049323e-07,2.7662863454464333e-07,Kluyveromyces_lactis_Seq_867,YDL067C
YDL078C,1.3385093337573322e-06,2.96725421499103e-06,Kluyveromyces_lactis_Seq_2363,YDL078C
YDL080C,5.756989720101651e-07,1.9941315686478617e-07,Kluyveromyces_lactis_Seq_1771,YDL080C
YDL090C,1.558214439062961e-08,1.531265458047403e-08,Kluyveromyces_lactis_Seq_4004,YDL090C
YDL095W,6.636690134083864e-07,5.485384836258582e-07,Kluyveromyces_lactis_Seq_4468,YDL095W
YDL100C,3.1099351792158857e-06,3.3185482986614537e-06,Kluyveromyces_lactis_Seq_3402,YDL100C
YDL103C,1.7956387653042626e-06,1.7110485071335607e-06,Kluyveromyces_lactis_Seq_1873,YDL103C
YDL120W,1.2032642082485194e-07,1.3148642009565567e-07,Kluyveromyces_lactis_Seq_3657,YDL120W
YDL131W,1.99726609841158e-06,1.8451672681767698e-06,Kluyveromyces_lactis_Seq_2444,YDL131W
YDL131W,1.99726609841158e-06,1.8451672681767698e-06,Kluyveromyces_lactis_Seq_688,YDL131W
YDL141W,8.051259618111419e-08,1.566179610959709e-07,Kluyveromyces_lactis_Seq_1752,YDL141W
YDL166C,8.53899094196596e-08,1.230420604506583e-07,Kluyveromyces_lactis_Seq_3307,YDL166C
YDL168W,6.623163507719862e-06,1.1626548977947088e-05,Kluyveromyces_lactis_Seq_2440,YDL168W
YDL171C,3.6865704317799353e-07,1.8597386446309563e-07,Kluyveromyces_lactis_Seq_1523,YDL171C
YDL174C,7.878722420345742e-07,1.4499308685984134e-06,Kluyveromyces_lactis_Seq_1887,YDL174C
YDL174C,7.878722420345742e-07,1.4499308685984134e-06,Kluyveromyces_lactis_Seq_2792,YDL174C
YDL174C,7.878722420345742e-07,1.4499308685984134e-06,Kluyveromyces_lactis_Seq_3211,YDL174C
YDL178W,8.266459924416503e-07,8.306540089242434e-07,Kluyveromyces_lactis_Seq_2132,YDL178W
YDL185W,4.3363771016629764e-06,5.054388122661866e-06,Kluyveromyces_lactis_Seq_231,YDL185W
YDL198C,1.1558630672112987e-06,1.0870905559523408e-06,Kluyveromyces_lactis_Seq_629,YDL198C
YDL205C,8.527275673496079e-07,1.0901028306529473e-06,Kluyveromyces_lactis_Seq_4255,YDL205C
YDL207W,3.747088735727994e-08,2.6776666075268663e-08,Kluyveromyces_lactis_Seq_1102,YDL207W
YDL215C,5.313729857325156e-07,1.7497184212582317e-06,Kluyveromyces_lactis_Seq_4235,YDL215C
YDL236W,2.3784262798754997e-06,1.9830684303823e-06,Kluyveromyces_lactis_Seq_4745,YDL236W
YDR017C,3.782977844713055e-08,1.3991860158973394e-07,Kluyveromyces_lactis_Seq_1331,YDR017C
YDR019C,9.332472178132022e-07,1.5624643119562092e-06,Kluyveromyces_lactis_Seq_1622,YDR019C
YDR020C,3.453372396859893e-08,3.393647069697225e-08,Kluyveromyces_lactis_Seq_3894,YDR020C
YDR023W,7.159049624717544e-06,6.476235765717892e-06,Kluyveromyces_lactis_Seq_3780,YDR023W
YDR035W,2.7868942424869643e-06,1.7796444943461715e-06,Kluyveromyces_lactis_Seq_4474,YDR035W
YDR036C,1.6582146746708622e-07,1.84530715780915e-07,Kluyveromyces_lactis_Seq_110,YDR036C
YDR037W,3.387938416338266e-06,2.7928565027512034e-06,Kluyveromyces_lactis_Seq_15,YDR037W
YDR040C,4.490163218849768e-06,3.2835036145672437e-06,Kluyveromyces_lactis_Seq_2998,YDR040C
YDR040C,4.490163218849768e-06,3.2835036145672437e-06,Kluyveromyces_lactis_Seq_4135,YDR040C
YDR044W,3.669484374926774e-07,2.39020846835653e-07,Kluyveromyces_lactis_Seq_4800,YDR044W
YDR047W,1.3984099357259957e-06,1.4792405309914517e-06,Kluyveromyces_lactis_Seq_2695,YDR047W
YDR050C,1.810202175639502e-05,9.385528526751069e-06,Kluyveromyces_lactis_Seq_3793,YDR050C
YDR051C,1.5241757972946586e-08,4.8695092162743626e-08,Kluyveromyces_lactis_Seq_3459,YDR051C
YDR058C,2.788120667264611e-08,4.02991266354909e-08,Kluyveromyces_lactis_Seq_272,YDR058C
YDR062W,1.8675863325317884e-07,2.635374234432651e-07,Kluyveromyces_lactis_Seq_588,YDR062W
YDR071C,2.411819857335327e-06,2.609963958865925e-06,Kluyveromyces_lactis_Seq_4239,YDR071C
YDR074W,2.002585891101901e-07,1.6095851729326642e-07,Kluyveromyces_lactis_Seq_1428,YDR074W
YDR093W,3.7497697947833193e-07,2.1080219522250775e-07,Kluyveromyces_lactis_Seq_129,YDR093W
YDR093W,3.7497697947833193e-07,2.1080219522250775e-07,Kluyveromyces_lactis_Seq_2388,YDR093W
YDR098C,7.550037163268338e-07,7.281940431544232e-07,Kluyveromyces_lactis_Seq_1564,YDR098C
YDR109C,1.6567183747249175e-07,5.038088532877251e-07,Kluyveromyces_lactis_Seq_1166,YDR109C
YDR127W,1.9617718473682303e-06,1.8897481263639188e-06,Kluyveromyces_lactis_Seq_1834,YDR127W
YDR128W,9.46115584610684e-09,9.297527206241779e-09,Kluyveromyces_lactis_Seq_2255,YDR128W
YDR148C,2.5343725452404485e-07,3.724305944956914e-07,Kluyveromyces_lactis_Seq_869,YDR148C
YDR158W,5.524525789508922e-06,4.854118014468773e-06,Kluyveromyces_lactis_Seq_162,YDR158W
YDR173C,4.359476688600018e-08,4.284080484089489e-08,Kluyveromyces_lactis_Seq_2275,YDR173C
YDR178W,2.2774603496611957e-09,4.437899585749652e-09,Kluyveromyces_lactis_Seq_1107,YDR178W
YDR196C,1.0717789117622748e-07,1.0532427277673901e-07,Kluyveromyces_lactis_Seq_69,YDR196C
YDR204W,6.369275900697857e-08,6.682135572825859e-08,Kluyveromyces_lactis_Seq_3979,YDR204W
YDR208W,5.950308357133029e-08,3.1091629780918726e-08,Kluyveromyces_lactis_Seq_817,YDR208W
YDR226W,7.876584389374473e-06,8.732268194578728e-06,Kluyveromyces_lactis_Seq_2921,YDR226W
YDR231C,4.3271285180791585e-08,6.254374215775872e-08,Kluyveromyces_lactis_Seq_48,YDR231C
YDR232W,3.9155750121171396e-07,2.284200713604219e-07,Kluyveromyces_lactis_Seq_3010,YDR232W
YDR234W,9.968583677199289e-07,9.217492128553635e-07,Kluyveromyces_lactis_Seq_3416,YDR234W
YDR248C,1.1489940291106637e-07,3.853099802312166e-07,Kluyveromyces_lactis_Seq_4870,YDR248C
YDR268W,8.920029624907895e-08,6.113732833332541e-08,Kluyveromyces_lactis_Seq_4207,YDR268W
YDR284C,4.739278093590947e-09,5.321526163521942e-09,Kluyveromyces_lactis_Seq_3720,YDR284C
YDR294C,2.2689674625963834e-07,4.546228428752186e-07,Kluyveromyces_lactis_Seq_4397,YDR294C
YDR297W,1.2617712939754746e-06,7.629018919821493e-07,Kluyveromyces_lactis_Seq_3861,YDR297W
YDR298C,5.306327625715407e-06,6.715595588353769e-06,Kluyveromyces_lactis_Seq_207,YDR298C
YDR300C,6.416389735709449e-07,6.384410001412367e-07,Kluyveromyces_lactis_Seq_4040,YDR300C
YDR302W,1.8632946872354872e-09,1.8310694094470879e-09,Kluyveromyces_lactis_Seq_617,YDR302W
YDR321W,6.596729607995512e-07,1.0010203525557391e-06,Kluyveromyces_lactis_Seq_4619,YDR321W
YDR322C-A,1.0499421877714583e-06,1.7380902689280826e-06,Kluyveromyces_lactis_Seq_1410,YDR322C-A
YDR354W,1.9663980462322876e-07,2.443676397993125e-07,Kluyveromyces_lactis_Seq_3988,YDR354W
YDR367W,7.086760516396443e-09,6.761011470187008e-09,Kluyveromyces_lactis_Seq_2096,YDR367W
YDR371W,3.9699083698646824e-08,3.901249664996484e-08,Kluyveromyces_lactis_Seq_1010,YDR371W
YDR373W,3.427235726085707e-08,5.150206181091932e-08,Kluyveromyces_lactis_Seq_841,YDR373W
YDR376W,1.061244898212162e-07,2.748317532456181e-07,Kluyveromyces_lactis_Seq_2563,YDR376W
YDR377W,1.3330958899175384e-05,1.044782306318267e-05,Kluyveromyces_lactis_Seq_1203,YDR377W
YDR380W,6.082584833722794e-08,1.0138326087569881e-07,Kluyveromyces_lactis_Seq_1826,YDR380W
YDR399W,8.241843861334161e-07,5.863135477689683e-07,Kluyveromyces_lactis_Seq_3847,YDR399W
YDR400W,6.199958532459043e-08,6.092731593342139e-08,Kluyveromyces_lactis_Seq_809,YDR400W
YDR408C,3.4833418874659654e-07,4.4650241144770693e-07,Kluyveromyces_lactis_Seq_4294,YDR408C
YDR410C,1.760608496592466e-08,1.730159154216308e-08,Kluyveromyces_lactis_Seq_3915,YDR410C
YDR440W,1.4455701159893962e-08,1.4205692941282648e-08,Kluyveromyces_lactis_Seq_2362,YDR440W
YDR452W,1.1955748570791176e-07,1.601068099037718e-07,Kluyveromyces_lactis_Seq_849,YDR452W
YDR454C,6.647035457641339e-06,6.8877058140703565e-06,Kluyveromyces_lactis_Seq_52,YDR454C
YDR456W,5.364711364480413e-09,5.271929844112607e-09,Kluyveromyces_lactis_Seq_1765,YDR456W
YDR481C,1.5910997638340686e-07,3.3261545660451916e-07,Kluyveromyces_lactis_Seq_1100,YDR481C
YDR483W,1.1808290047059606e-06,1.383179759229205e-06,Kluyveromyces_lactis_Seq_3799,YDR483W
YDR487C,1.0428332658800031e-06,1.4148793261456759e-06,Kluyveromyces_lactis_Seq_269,YDR487C
YDR502C,7.797905050486563e-06,6.8516997533231255e-06,Kluyveromyces_lactis_Seq_3773,YDR502C
YDR503C,1.6076059442336364e-09,1.5798027478406526e-09,Kluyveromyces_lactis_Seq_4421,YDR503C
YDR508C,5.035274446603682e-08,1.9786944012499158e-08,Kluyveromyces_lactis_Seq_2335,YDR508C
YDR508C,5.035274446603682e-08,1.9786944012499158e-08,Kluyveromyces_lactis_Seq_2452,YDR508C
YDR508C,5.035274446603682e-08,1.9786944012499158e-08,Kluyveromyces_lactis_Seq_3498,YDR508C
YDR508C,5.035274446603682e-08,1.9786944012499158e-08,Kluyveromyces_lactis_Seq_3910,YDR508C
YDR508C,5.035274446603682e-08,1.9786944012499158e-08,Kluyveromyces_lactis_Seq_598,YDR508C
YDR508C,5.035274446603682e-08,1.9786944012499158e-08,Kluyveromyces_lactis_Seq_918,YDR508C
YDR513W,2.2708137817897623e-06,2.1002129177686197e-06,Kluyveromyces_lactis_Seq_2752,YDR513W
YDR516C,2.3295225260938305e-07,3.5198005838196406e-07,Kluyveromyces_lactis_Seq_1128,YDR516C
YDR529C,3.436050136881631e-06,2.6212124731984232e-06,Kluyveromyces_lactis_Seq_102,YDR529C
YDR530C,1.6791754294592997e-06,1.5417561151909678e-06,Kluyveromyces_lactis_Seq_2,YDR530C
YDR531W,1.1612792502334349e-07,1.893828393405859e-07,Kluyveromyces_lactis_Seq_1895,YDR531W
YEL024W,8.142981228318855e-07,1.0038253670426208e-06,Kluyveromyces_lactis_Seq_2118,YEL024W
YEL027W,5.874493912077098e-07,4.197908641582426e-07,Kluyveromyces_lactis_Seq_1139,YEL027W
YEL029C,9.647632444248913e-08,9.480778732033609e-08,Kluyveromyces_lactis_Seq_3345,YEL029C
YEL031W,1.176007637312952e-06,7.476303226799549e-07,Kluyveromyces_lactis_Seq_2520,YEL031W
YEL031W,1.176007637312952e-06,7.476303226799549e-07,Kluyveromyces_lactis_Seq_2954,YEL031W
YEL038W,4.418237471965914e-07,6.87145454545414e-07,Kluyveromyces_lactis_Seq_3886,YEL038W
YEL039C,2.8403460083852003e-06,2.172944535680932e-06,Kluyveromyces_lactis_Seq_2031,YEL039C
YEL042W,5.160722652200095e-07,7.522801403024756e-07,Kluyveromyces_lactis_Seq_30,YEL042W
YEL046C,1.8800618626615951e-06,2.0644336849818695e-06,Kluyveromyces_lactis_Seq_540,YEL046C
YEL051W,1.4191070817852305e-07,2.1827291450077693e-07,Kluyveromyces_lactis_Seq_4334,YEL051W
YEL058W,2.9348486290054993e-07,4.808812768335659e-07,Kluyveromyces_lactis_Seq_1426,YEL058W
YER003C,2.867521322636945e-06,2.4083631345141405e-06,Kluyveromyces_lactis_Seq_3484,YER003C
YER005W,1.0119620712977275e-08,3.919813540722209e-08,Kluyveromyces_lactis_Seq_1646,YER005W
YER010C,8.690310770516006e-08,1.6805969846491622e-07,Kluyveromyces_lactis_Seq_2862,YER010C
YER013W,9.84175524347851e-07,1.0100145958489576e-06,Kluyveromyces_lactis_Seq_1891,YER013W
YER013W,9.84175524347851e-07,1.0100145958489576e-06,Kluyveromyces_lactis_Seq_2205,YER013W
YER013W,9.84175524347851e-07,1.0100145958489576e-06,Kluyveromyces_lactis_Seq_4676,YER013W
YER013W,9.84175524347851e-07,1.0100145958489576e-06,Kluyveromyces_lactis_Seq_561,YER013W
YER013W,9.84175524347851e-07,1.0100145958489576e-06,Kluyveromyces_lactis_Seq_948,YER013W
YER014W,1.472003535373297e-07,1.778010671913587e-07,Kluyveromyces_lactis_Seq_4649,YER014W
YER015W,1.0663982914831582e-08,1.7754088214731265e-07,Kluyveromyces_lactis_Seq_2751,YER015W
YER019W,1.1015814842409909e-08,2.2282267983272542e-08,Kluyveromyces_lactis_Seq_1021,YER019W
YER023W,7.708969490312906e-06,9.781813439877607e-06,Kluyveromyces_lactis_Seq_2603,YER023W
YER024W,3.918591304153506e-09,2.424387911841954e-08,Kluyveromyces_lactis_Seq_2981,YER024W
YER042W,1.8396990715431432e-06,1.270662442414587e-06,Kluyveromyces_lactis_Seq_118,YER042W
YER043C,2.2325396034047455e-05,1.9004949168492786e-05,Kluyveromyces_lactis_Seq_791,YER043C
YER052C,1.4354598504414328e-06,1.2518123477812545e-06,Kluyveromyces_lactis_Seq_3001,YER052C
YER055C,3.3363277649987307e-06,2.4231516074393834e-06,Kluyveromyces_lactis_Seq_4896,YER055C
YER056C,8.805260452856011e-08,4.326487690833304e-08,Kluyveromyces_lactis_Seq_707,YER056C
YER061C,9.101870566949383e-08,9.19790939695353e-08,Kluyveromyces_lactis_Seq_4227,YER061C
YER065C,2.790441610277327e-08,1.0084563257961188e-07,Kluyveromyces_lactis_Seq_2377,YER065C
YER069W,1.988533967163362e-06,1.5809417933900335e-06,Kluyveromyces_lactis_Seq_3464,YER069W
YER070W,6.59858863451145e-07,7.126225061949468e-07,Kluyveromyces_lactis_Seq_1474,YER070W
YER070W,6.59858863451145e-07,7.126225061949468e-07,Kluyveromyces_lactis_Seq_1515,YER070W
YER073W,3.664519615015212e-05,3.4370143414674055e-05,Kluyveromyces_lactis_Seq_239,YER073W
YER073W,3.664519615015212e-05,3.4370143414674055e-05,Kluyveromyces_lactis_Seq_3381,YER073W
YER073W,3.664519615015212e-05,3.4370143414674055e-05,Kluyveromyces_lactis_Seq_3863,YER073W
YER086W,8.909691860317035e-07,6.496493376972588e-07,Kluyveromyces_lactis_Seq_1312,YER086W
YER087W,8.939466115951989e-08,8.26674021202956e-08,Kluyveromyces_lactis_Seq_2969,YER087W
YER090W,1.2347271875147778e-06,8.418943047696545e-07,Kluyveromyces_lactis_Seq_2072,YER090W
YER091C,1.0253055940171198e-05,8.574675942242806e-06,Kluyveromyces_lactis_Seq_994,YER091C
YER141W,6.003201300637015e-08,4.318675915676423e-08,Kluyveromyces_lactis_Seq_142,YER141W
YER152C,1.7002451564255743e-08,2.246676339381168e-08,Kluyveromyces_lactis_Seq_3205,YER152C
YER163C,1.871291702923744e-07,2.005835326803718e-07,Kluyveromyces_lactis_Seq_3745,YER163C
YER175C,1.5618809475216446e-07,9.119649711284524e-07,Kluyveromyces_lactis_Seq_2475,YER175C
YER178W,4.8198075250105575e-06,5.08518733806877e-06,Kluyveromyces_lactis_Seq_2200,YER178W
YER183C,1.850118973092105e-08,1.5277576840427027e-08,Kluyveromyces_lactis_Seq_4007,YER183C
YFL001W,2.0692493975124358e-07,1.0034009526191844e-07,Kluyveromyces_lactis_Seq_4230,YFL001W
YFL017C,5.143758134184579e-07,1.1551397891973805e-06,Kluyveromyces_lactis_Seq_1705,YFL017C
YFL018C,5.095207926720968e-06,5.930688173407144e-06,Kluyveromyces_lactis_Seq_4748,YFL018C
YFL022C,6.475445177980421e-06,6.295149493303592e-06,Kluyveromyces_lactis_Seq_3820,YFL022C
YFL030W,6.254150897933969e-08,2.6110846986152927e-07,Kluyveromyces_lactis_Seq_3367,YFL030W
YFL045C,5.704393984531151e-06,6.005313227813057e-06,Kluyveromyces_lactis_Seq_1953,YFL045C
YFR015C,3.218554750491098e-07,7.669254511915494e-07,Kluyveromyces_lactis_Seq_1141,YFR015C
YFR019W,1.3227745609454502e-08,1.2998974615956208e-08,Kluyveromyces_lactis_Seq_1555,YFR019W
YFR025C,4.935330080094562e-07,4.678797456749712e-07,Kluyveromyces_lactis_Seq_286,YFR025C
YFR030W,6.953475440775864e-07,6.175594215412585e-07,Kluyveromyces_lactis_Seq_1145,YFR030W
YFR044C,7.479670887478685e-06,1.1901394475183597e-05,Kluyveromyces_lactis_Seq_1928,YFR044C
YGL001C,1.4649547893482275e-06,1.270166832564637e-06,Kluyveromyces_lactis_Seq_3556,YGL001C
YGL006W,2.202519484146609e-07,3.914595211949927e-07,Kluyveromyces_lactis_Seq_1000,YGL006W
YGL009C,1.4469260027467484e-05,1.9643682125526837e-05,Kluyveromyces_lactis_Seq_1976,YGL009C
YGL012W,2.7920894250973447e-07,4.035649053525491e-07,Kluyveromyces_lactis_Seq_3661,YGL012W
YGL017W,2.5288968979074804e-08,2.4851601741398613e-08,Kluyveromyces_lactis_Seq_332,YGL017W
YGL022W,1.9318331696164376e-08,1.313657339968164e-08,Kluyveromyces_lactis_Seq_801,YGL022W
YGL026C,3.201993722458418e-06,2.524725702190216e-06,Kluyveromyces_lactis_Seq_1694,YGL026C
YGL027C,9.943280043529018e-08,1.541298971291601e-07,Kluyveromyces_lactis_Seq_3694,YGL027C
YGL037C,5.829812331105637e-07,1.3092077837911811e-06,Kluyveromyces_lactis_Seq_3316,YGL037C
YGL038C,3.1971857356756295e-08,6.11550468853959e-08,Kluyveromyces_lactis_Seq_1941,YGL038C
YGL039W,1.6415431702608412e-06,2.6118164701737726e-06,Kluyveromyces_lactis_Seq_3667,YGL039W
YGL039W,1.6415431702608412e-06,2.6118164701737726e-06,Kluyveromyces_lactis_Seq_3892,YGL039W
YGL040C,4.203474419162396e-07,6.662936656248098e-07,Kluyveromyces_lactis_Seq_4699,YGL040C
YGL047W,2.708184331999142e-08,3.9143737438939145e-08,Kluyveromyces_lactis_Seq_4064,YGL047W
YGL055W,4.733423358939191e-07,2.5443908456259304e-07,Kluyveromyces_lactis_Seq_2783,YGL055W
YGL065C,1.7142980353715057e-07,1.495250429196046e-07,Kluyveromyces_lactis_Seq_3503,YGL065C
YGL067W,1.9593426824811957e-08,2.8320079475289917e-08,Kluyveromyces_lactis_Seq_1245,YGL067W
YGL080W,3.054186624562352e-07,2.895433614273581e-07,Kluyveromyces_lactis_Seq_4316,YGL080W
YGL119W,1.434104857538295e-07,2.493089819547373e-07,Kluyveromyces_lactis_Seq_2723,YGL119W
YGL125W,7.50213074135649e-08,1.0232290006894015e-07,Kluyveromyces_lactis_Seq_2958,YGL125W
YGL142C,4.327640852909662e-07,3.092528685193773e-07,Kluyveromyces_lactis_Seq_3303,YGL142C
YGL148W,3.775029128220207e-06,4.258319585707917e-06,Kluyveromyces_lactis_Seq_3968,YGL148W
YGL167C,6.395290039653024e-07,7.531859264854292e-07,Kluyveromyces_lactis_Seq_523,YGL167C
YGL169W,6.124817656727154e-08,9.914632211389689e-08,Kluyveromyces_lactis_Seq_4544,YGL169W
YGL184C,8.163914560787598e-08,8.022721427804178e-08,Kluyveromyces_lactis_Seq_3411,YGL184C
YGL186C,3.551784980363086e-09,3.4903576288974505e-09,Kluyveromyces_lactis_Seq_1816,YGL186C
YGL187C,6.785228856025774e-06,5.449934739409423e-06,Kluyveromyces_lactis_Seq_3281,YGL187C
YGL191W,1.800764898533298e-06,1.5793138270714232e-06,Kluyveromyces_lactis_Seq_554,YGL191W
YGL196W,2.688304442774122e-08,6.835835887478172e-08,Kluyveromyces_lactis_Seq_24,YGL196W
YGL202W,6.587174627759586e-06,1.387940045711697e-05,Kluyveromyces_lactis_Seq_886,YGL202W
YGL224C,7.665110777616042e-08,7.53254434795804e-08,Kluyveromyces_lactis_Seq_1644,YGL224C
YGL225W,2.9237687767645836e-08,2.4143367426803062e-08,Kluyveromyces_lactis_Seq_980,YGL225W
YGL234W,1.231347700059811e-06,1.291350240455624e-06,Kluyveromyces_lactis_Seq_4106,YGL234W
YGL245W,5.990925060499062e-06,5.201363958207727e-06,Kluyveromyces_lactis_Seq_3286,YGL245W
YGL248W,2.0492474030764446e-08,2.0138061133686563e-08,Kluyveromyces_lactis_Seq_72,YGL248W
YGL253W,1.2589403972247815e-05,7.276225011255336e-06,Kluyveromyces_lactis_Seq_1965,YGL253W
YGL256W,1.974725661236687e-08,1.9405732089031017e-08,Kluyveromyces_lactis_Seq_2773,YGL256W
YGR007W,6.941735914732105e-08,1.3526789586021125e-07,Kluyveromyces_lactis_Seq_3059,YGR007W
YGR012W,3.542227677611111e-07,5.977775219574172e-07,Kluyveromyces_lactis_Seq_4157,YGR012W
YGR019W,5.918160105411057e-07,4.2983650705654053e-07,Kluyveromyces_lactis_Seq_4721,YGR019W
YGR020C,5.257782563156924e-07,1.2295983818278631e-06,Kluyveromyces_lactis_Seq_3958,YGR020C
YGR032W,2.231743335053057e-06,1.1365183944267848e-06,Kluyveromyces_lactis_Seq_2166,YGR032W
YGR032W,2.231743335053057e-06,1.1365183944267848e-06,Kluyveromyces_lactis_Seq_4857,YGR032W
YGR032W,2.231743335053057e-06,1.1365183944267848e-06,Kluyveromyces_lactis_Seq_97,YGR032W
YGR036C,6.41985492808194e-09,6.308824928460349e-09,Kluyveromyces_lactis_Seq_4297,YGR036C
YGR046W,1.855366289023216e-08,1.2616594342816704e-08,Kluyveromyces_lactis_Seq_4608,YGR046W
YGR055W,4.797097944682002e-09,3.1073537880424293e-09,Kluyveromyces_lactis_Seq_274,YGR055W
YGR060W,1.2511741034701098e-07,1.229535318514523e-07,Kluyveromyces_lactis_Seq_853,YGR060W
YGR061C,1.599367986856075e-06,1.237275638361281e-06,Kluyveromyces_lactis_Seq_1660,YGR061C
YGR062C,1.892898475099042e-09,1.8601612062154991e-09,Kluyveromyces_lactis_Seq_2492,YGR062C
YGR065C,1.1553677619310737e-08,8.256248767310915e-09,Kluyveromyces_lactis_Seq_2437,YGR065C
YGR065C,1.1553677619310737e-08,8.256248767310915e-09,Kluyveromyces_lactis_Seq_3603,YGR065C
YGR088W,4.477549014552379e-08,5.668793545514191e-07,Kluyveromyces_lactis_Seq_1605,YGR088W
YGR110W,3.4336785207911336e-10,3.374293794946868e-10,Kluyveromyces_lactis_Seq_233,YGR110W
YGR143W,1.5587345258541666e-08,2.835203367674939e-08,Kluyveromyces_lactis_Seq_1060,YGR143W
YGR147C,2.728031826125109e-07,2.3186660580751536e-07,Kluyveromyces_lactis_Seq_3769,YGR147C
YGR155W,5.447654939983603e-06,5.4785105700234155e-06,Kluyveromyces_lactis_Seq_4458,YGR155W
YGR157W,1.6010964974676317e-07,1.4050276259762005e-07,Kluyveromyces_lactis_Seq_2447,YGR157W
YGR170W,1.7308212641862685e-08,4.2025932034908604e-08,Kluyveromyces_lactis_Seq_3413,YGR170W
YGR171C,6.074672097725316e-08,5.30603283412124e-08,Kluyveromyces_lactis_Seq_2476,YGR171C
YGR175C,8.531398776236122e-07,4.798355532765364e-07,Kluyveromyces_lactis_Seq_329,YGR175C
YGR177C,1.0931127247415533e-07,2.3500294147713355e-07,Kluyveromyces_lactis_Seq_141,YGR177C
YGR185C,4.146072396025944e-06,3.788176671832241e-06,Kluyveromyces_lactis_Seq_2774,YGR185C
YGR193C,7.843170474111147e-07,1.0958217726862167e-06,Kluyveromyces_lactis_Seq_2623,YGR193C
YGR194C,1.8751867192274e-07,3.034724518155619e-07,Kluyveromyces_lactis_Seq_3266,YGR194C
YGR199W,1.6450957112086028e-06,1.2299089675808798e-06,Kluyveromyces_lactis_Seq_2015,YGR199W
YGR199W,1.6450957112086028e-06,1.2299089675808798e-06,Kluyveromyces_lactis_Seq_3593,YGR199W
YGR202C,1.112833715506761e-07,2.518889351635402e-07,Kluyveromyces_lactis_Seq_2426,YGR202C
YGR208W,6.246587392095482e-07,6.312498562798557e-07,Kluyveromyces_lactis_Seq_3947,YGR208W
YGR209C,8.701164154856463e-06,1.4877927901772039e-05,Kluyveromyces_lactis_Seq_4763,YGR209C
YGR234W,1.3456828596224678e-06,8.663946412019959e-07,Kluyveromyces_lactis_Seq_307,YGR234W
YGR240C,7.5082974299009335e-06,4.214043510643574e-06,Kluyveromyces_lactis_Seq_1050,YGR240C
YGR240C,7.5082974299009335e-06,4.214043510643574e-06,Kluyveromyces_lactis_Seq_1135,YGR240C
YGR244C,4.379451002628731e-06,6.5292251344708385e-06,Kluyveromyces_lactis_Seq_2385,YGR244C
YGR247W,1.653039074449902e-08,1.3279441646865725e-08,Kluyveromyces_lactis_Seq_550,YGR247W
YGR248W,2.281062211974031e-06,2.8484458299056665e-06,Kluyveromyces_lactis_Seq_1169,YGR248W
YGR255C,5.8393139145055365e-08,8.884011294198939e-08,Kluyveromyces_lactis_Seq_3021,YGR255C
YGR256W,9.78478840586031e-07,5.103583602867179e-07,Kluyveromyces_lactis_Seq_458,YGR256W
YGR260W,1.2832316530637933e-07,6.963536345666464e-08,Kluyveromyces_lactis_Seq_2764,YGR260W
YGR260W,1.2832316530637933e-07,6.963536345666464e-08,Kluyveromyces_lactis_Seq_681,YGR260W
YGR264C,3.3036187017231154e-06,2.855337857991216e-06,Kluyveromyces_lactis_Seq_1699,YGR264C
YGR267C,8.475497147417856e-07,7.701302046972867e-07,Kluyveromyces_lactis_Seq_4879,YGR267C
YGR277C,1.1308425562415364e-07,1.993382250415738e-07,Kluyveromyces_lactis_Seq_440,YGR277C
YGR282C,9.045504259452911e-06,1.0567016079440245e-05,Kluyveromyces_lactis_Seq_4665,YGR282C
YGR286C,4.178515877842572e-08,4.106249351334896e-08,Kluyveromyces_lactis_Seq_1719,YGR286C
YHL011C,1.084921477607821e-06,1.1158387313133742e-06,Kluyveromyces_lactis_Seq_1269,YHL011C
YHL018W,4.081389852217305e-09,3.6637885535000243e-09,Kluyveromyces_lactis_Seq_4788,YHL018W
YHL032C,1.3611261658362977e-07,3.494511824357236e-07,Kluyveromyces_lactis_Seq_686,YHL032C
YHR002W,7.981132482000213e-10,2.352930157636651e-09,Kluyveromyces_lactis_Seq_1121,YHR002W
YHR007C,2.122950034859965e-06,1.6563579751129536e-06,Kluyveromyces_lactis_Seq_360,YHR007C
YHR011W,5.927154748588128e-08,9.906020925148836e-08,Kluyveromyces_lactis_Seq_1151,YHR011W
YHR013C,1.8765559826104504e-07,1.4748474411073492e-07,Kluyveromyces_lactis_Seq_684,YHR013C
YHR019C,3.7806947078032816e-06,3.7989679825034472e-06,Kluyveromyces_lactis_Seq_2796,YHR019C
YHR019C,3.7806947078032816e-06,3.7989679825034472e-06,Kluyveromyces_lactis_Seq_3816,YHR019C
YHR020W,3.876905923859891e-06,3.5423990443158405e-06,Kluyveromyces_lactis_Seq_1093,YHR020W
YHR025W,3.4185474075924073e-07,3.959242744319989e-07,Kluyveromyces_lactis_Seq_890,YHR025W
YHR037W,6.240557811004359e-07,7.716956955559021e-07,Kluyveromyces_lactis_Seq_1741,YHR037W
YHR039C-A,6.5913500869425254e-06,7.11268124623352e-06,Kluyveromyces_lactis_Seq_819,YHR039C-A
YHR042W,8.915354535559887e-07,9.252313897084933e-07,Kluyveromyces_lactis_Seq_4536,YHR042W
YHR051W,2.554365192587828e-06,3.197599137139391e-06,Kluyveromyces_lactis_Seq_987,YHR051W
YHR063C,4.0687072033484113e-07,5.703814777793617e-07,Kluyveromyces_lactis_Seq_4016,YHR063C
YHR067W,3.4816552036631527e-09,3.421440731486486e-09,Kluyveromyces_lactis_Seq_3363,YHR067W
YHR068W,3.798762574254021e-06,3.827453584590059e-06,Kluyveromyces_lactis_Seq_1032,YHR068W
YHR072W,1.870034502923569e-07,2.8819074914234405e-07,Kluyveromyces_lactis_Seq_2408,YHR072W
YHR074W,3.568038035736416e-07,4.6964697208658863e-07,Kluyveromyces_lactis_Seq_1627,YHR074W
YHR091C,1.8980318637415408e-07,1.873241000071958e-07,Kluyveromyces_lactis_Seq_1970,YHR091C
YHR096C,2.8850210027415758e-08,3.384555727271044e-09,Kluyveromyces_lactis_Seq_1175,YHR096C
YHR100C,3.2779207632735466e-08,4.684799100831169e-08,Kluyveromyces_lactis_Seq_4388,YHR100C
YHR104W,2.3701769880344164e-06,2.63965685838309e-06,Kluyveromyces_lactis_Seq_1129,YHR104W
YHR104W,2.3701769880344164e-06,2.63965685838309e-06,Kluyveromyces_lactis_Seq_2565,YHR104W
YHR106W,5.253976546232652e-07,5.369318824359143e-07,Kluyveromyces_lactis_Seq_1002,YHR106W
YHR116W,1.392152121311738e-08,1.9896615803574773e-08,Kluyveromyces_lactis_Seq_1540,YHR116W
YHR119W,2.7806641861844556e-08,1.8448702642751103e-08,Kluyveromyces_lactis_Seq_3929,YHR119W
YHR119W,2.7806641861844556e-08,1.8448702642751103e-08,Kluyveromyces_lactis_Seq_4049,YHR119W
YHR128W,1.6275092234942024e-06,1.3924245245088078e-06,Kluyveromyces_lactis_Seq_146,YHR128W
YHR137W,1.5151352632624974e-07,7.724198003330591e-07,Kluyveromyces_lactis_Seq_1048,YHR137W
YHR144C,2.4409795138459962e-08,1.744322004323373e-08,Kluyveromyces_lactis_Seq_2757,YHR144C
YHR190W,8.646593924897249e-07,6.02108585425447e-07,Kluyveromyces_lactis_Seq_3909,YHR190W
YHR201C,2.0733258542559453e-07,3.2710596158031713e-07,Kluyveromyces_lactis_Seq_4022,YHR201C
YHR208W,1.6730880436484844e-05,1.207905717375472e-05,Kluyveromyces_lactis_Seq_636,YHR208W
YIL010W,1.266302029800138e-06,1.4855228735176719e-06,Kluyveromyces_lactis_Seq_1412,YIL010W
YIL020C,1.3996684436240449e-06,7.99583489206199e-07,Kluyveromyces_lactis_Seq_728,YIL020C
YIL043C,4.181590953110671e-06,4.538603692330391e-06,Kluyveromyces_lactis_Seq_1536,YIL043C
YIL048W,2.677535622553271e-07,3.218878264942665e-07,Kluyveromyces_lactis_Seq_560,YIL048W
YIL053W,1.8268475768323774e-05,3.106382546923202e-06,Kluyveromyces_lactis_Seq_2696,YIL053W
YIL053W,1.8268475768323774e-05,3.106382546923202e-06,Kluyveromyces_lactis_Seq_3618,YIL053W
YIL074C,6.289140758465051e-07,5.27419772387158e-07,Kluyveromyces_lactis_Seq_3196,YIL074C
YIL078W,3.633221558266079e-06,3.534390725457026e-06,Kluyveromyces_lactis_Seq_2558,YIL078W
YIL083C,9.980801903543483e-07,2.0945277517328614e-06,Kluyveromyces_lactis_Seq_4833,YIL083C
YIL094C,2.065327333294032e-06,2.003571424600011e-06,Kluyveromyces_lactis_Seq_3703,YIL094C
YIL107C,8.275529686492028e-08,7.974227292892974e-08,Kluyveromyces_lactis_Seq_3669,YIL107C
YIL116W,6.81262789290042e-06,7.040301568099539e-06,Kluyveromyces_lactis_Seq_4264,YIL116W
YIL124W,3.727090140987224e-07,4.3241263039018785e-07,Kluyveromyces_lactis_Seq_3415,YIL124W
YIL125W,1.5930789853581947e-06,1.9768912900997195e-06,Kluyveromyces_lactis_Seq_3270,YIL125W
YIL155C,1.6520871526987468e-07,4.826514797988716e-07,Kluyveromyces_lactis_Seq_3911,YIL155C
YIR029W,2.4606467074014702e-09,2.4180903558869542e-09,Kluyveromyces_lactis_Seq_1143,YIR029W
YIR032C,1.0658615187445843e-08,1.0474276747794781e-08,Kluyveromyces_lactis_Seq_4552,YIR032C
YIR034C,1.2754464282897784e-06,1.4301456233154214e-06,Kluyveromyces_lactis_Seq_2324,YIR034C
YIR036C,3.537055966857609e-07,6.860502764011051e-07,Kluyveromyces_lactis_Seq_4241,YIR036C
YIR037W,1.6155990724524182e-05,1.2933823317834215e-05,Kluyveromyces_lactis_Seq_4814,YIR037W
YIR038C,9.660053319209305e-07,1.8313635238227602e-06,Kluyveromyces_lactis_Seq_690,YIR038C
YJL005W,2.4268189544409092e-08,4.8175604068153945e-08,Kluyveromyces_lactis_Seq_4603,YJL005W
YJL026W,2.140453445397206e-06,1.869414429371624e-06,Kluyveromyces_lactis_Seq_4213,YJL026W
YJL046W,3.458420055942884e-08,3.779180575850945e-08,Kluyveromyces_lactis_Seq_4859,YJL046W
YJL060W,5.364825152400336e-07,2.976428696242136e-07,Kluyveromyces_lactis_Seq_4311,YJL060W
YJL068C,8.61785633025921e-07,1.08381678228609e-06,Kluyveromyces_lactis_Seq_1475,YJL068C
YJL071W,2.7076878058425308e-08,2.4306415090702458e-08,Kluyveromyces_lactis_Seq_2889,YJL071W
YJL088W,5.782478013719698e-07,4.891819839715254e-07,Kluyveromyces_lactis_Seq_287,YJL088W
YJL091C,7.933749063560819e-09,7.796536592968726e-09,Kluyveromyces_lactis_Seq_4716,YJL091C
YJL100W,6.747097398022318e-09,6.630407810805577e-09,Kluyveromyces_lactis_Seq_1003,YJL100W
YJL101C,3.54616338318909e-07,4.0923114837775404e-07,Kluyveromyces_lactis_Seq_3835,YJL101C
YJL121C,2.508466975440784e-05,2.1874200142944838e-05,Kluyveromyces_lactis_Seq_510,YJL121C
YJL126W,1.8995183482127831e-07,2.2767682722197498e-07,Kluyveromyces_lactis_Seq_1225,YJL126W
YJL130C,8.053059743917932e-06,7.76569092105199e-06,Kluyveromyces_lactis_Seq_1775,YJL130C
YJL130C,8.053059743917932e-06,7.76569092105199e-06,Kluyveromyces_lactis_Seq_2836,YJL130C
YJL133W,1.4673239291557968e-07,4.721095723949642e-07,Kluyveromyces_lactis_Seq_3713,YJL133W
YJL139C,2.5876567714301434e-08,5.0858076167696703e-08,Kluyveromyces_lactis_Seq_1792,YJL139C
YJL153C,3.861698180108025e-09,2.7595664246295413e-09,Kluyveromyces_lactis_Seq_2530,YJL153C
YJL155C,8.282454804332391e-07,1.0942414586146339e-06,Kluyveromyces_lactis_Seq_416,YJL155C
YJL167W,2.8382043033899763e-06,3.001454062785184e-06,Kluyveromyces_lactis_Seq_2568,YJL167W
YJL168C,1.002106595871357e-07,1.7121056582547145e-07,Kluyveromyces_lactis_Seq_202,YJL168C
YJL180C,9.177894553808948e-07,7.196934481935502e-07,Kluyveromyces_lactis_Seq_713,YJL180C
YJL200C,5.994476016102326e-06,8.363137230875356e-06,Kluyveromyces_lactis_Seq_1745,YJL200C
YJL200C,5.994476016102326e-06,8.363137230875356e-06,Kluyveromyces_lactis_Seq_3013,YJL200C
YJL212C,1.3536055795871622e-09,1.3301952644518565e-09,Kluyveromyces_lactis_Seq_2715,YJL212C
YJL212C,1.3536055795871622e-09,1.3301952644518565e-09,Kluyveromyces_lactis_Seq_4815,YJL212C
YJR001W,5.013970425435283e-09,3.582979247676381e-09,Kluyveromyces_lactis_Seq_602,YJR001W
YJR009C,0.0001755186417463484,4.480696364303365e-05,Kluyveromyces_lactis_Seq_2416,YJR009C
YJR009C,0.0001755186417463484,4.480696364303365e-05,Kluyveromyces_lactis_Seq_3619,YJR009C
YJR010W,3.806488537993451e-08,6.50507315142994e-09,Kluyveromyces_lactis_Seq_2748,YJR010W
YJR013W,5.792897798951556e-09,5.692710886999378e-09,Kluyveromyces_lactis_Seq_633,YJR013W
YJR016C,8.244402540286297e-06,8.946895247772687e-06,Kluyveromyces_lactis_Seq_2959,YJR016C
YJR019C,1.4595650910006612e-07,3.460263661805387e-07,Kluyveromyces_lactis_Seq_2428,YJR019C
YJR024C,1.0124852365883304e-07,2.0061157521325774e-07,Kluyveromyces_lactis_Seq_2886,YJR024C
YJR040W,2.6283703344025165e-08,2.582913239109353e-08,Kluyveromyces_lactis_Seq_1573,YJR040W
YJR049C,6.352310927976801e-08,1.8661173287623945e-07,Kluyveromyces_lactis_Seq_3099,YJR049C
YJR051W,4.836533431067848e-07,6.791569124255895e-07,Kluyveromyces_lactis_Seq_3777,YJR051W
YJR057W,7.20741527438337e-08,1.787617940084371e-07,Kluyveromyces_lactis_Seq_2017,YJR057W
YJR077C,1.8864975684846878e-05,1.647683314638628e-05,Kluyveromyces_lactis_Seq_3111,YJR077C
YJR095W,1.9505080490090137e-08,3.4359242355122925e-08,Kluyveromyces_lactis_Seq_2509,YJR095W
YJR104C,7.877797637926077e-06,7.801738596485659e-06,Kluyveromyces_lactis_Seq_4095,YJR104C
YJR105W,5.367528662583816e-06,5.80967473337452e-06,Kluyveromyces_lactis_Seq_4327,YJR105W
YJR110W,1.7695353211584417e-08,1.2645085223434754e-08,Kluyveromyces_lactis_Seq_98,YJR110W
YJR121W,2.181365203375841e-05,2.6223168883106436e-05,Kluyveromyces_lactis_Seq_306,YJR121W
YJR131W,1.390234017872871e-07,2.914253518952143e-07,Kluyveromyces_lactis_Seq_985,YJR131W
YJR133W,2.3389216358024404e-07,1.7680402844734594e-07,Kluyveromyces_lactis_Seq_1750,YJR133W
YJR139C,8.84142873966569e-06,8.905006036414031e-06,Kluyveromyces_lactis_Seq_2109,YJR139C
YJR143C,6.067358162080356e-07,3.770097547945029e-07,Kluyveromyces_lactis_Seq_3532,YJR143C
YKL001C,1.3654974210260966e-06,2.190629665978278e-07,Kluyveromyces_lactis_Seq_3253,YKL001C
YKL004W,7.70517555270046e-08,4.724885590213351e-08,Kluyveromyces_lactis_Seq_2316,YKL004W
YKL008C,7.555275564427447e-07,5.356383053654091e-07,Kluyveromyces_lactis_Seq_613,YKL008C
YKL016C,3.664886818399663e-06,3.0539175328628637e-06,Kluyveromyces_lactis_Seq_3685,YKL016C
YKL019W,1.583374606433855e-08,5.72341438132721e-08,Kluyveromyces_lactis_Seq_2903,YKL019W
YKL024C,2.6488460459990173e-06,2.8208605572762644e-06,Kluyveromyces_lactis_Seq_3655,YKL024C
YKL029C,8.582543531180023e-07,1.0180504356075756e-06,Kluyveromyces_lactis_Seq_4460,YKL029C
YKL035W,2.982199565133582e-06,3.843334508476735e-06,Kluyveromyces_lactis_Seq_4450,YKL035W
YKL055C,1.0006358764766572e-08,9.8333009585838e-09,Kluyveromyces_lactis_Seq_3107,YKL055C
YKL060C,7.089623713875122e-05,3.250402183464632e-05,Kluyveromyces_lactis_Seq_1949,YKL060C
YKL067W,2.4276389963810774e-05,1.6249416517752248e-05,Kluyveromyces_lactis_Seq_4062,YKL067W
YKL069W,1.6117555851063174e-06,1.8798624050214809e-06,Kluyveromyces_lactis_Seq_4624,YKL069W
YKL080W,2.0915860897208613e-06,2.3336524253202105e-06,Kluyveromyces_lactis_Seq_2457,YKL080W
YKL085W,4.167340262993004e-06,6.987708802301884e-06,Kluyveromyces_lactis_Seq_3129,YKL085W
YKL087C,1.8905442579433582e-07,1.5871570532431136e-07,Kluyveromyces_lactis_Seq_4688,YKL087C
YKL088W,2.97236738122297e-07,5.593908860208528e-07,Kluyveromyces_lactis_Seq_1948,YKL088W
YKL094W,9.27388363956471e-08,2.9367259346932284e-07,Kluyveromyces_lactis_Seq_1516,YKL094W
YKL103C,1.4442821281032102e-06,2.2350542617391912e-06,Kluyveromyces_lactis_Seq_576,YKL103C
YKL104C,1.2183546827216202e-06,1.3465726175402963e-06,Kluyveromyces_lactis_Seq_2085,YKL104C
YKL106W,1.0723041436068121e-07,6.020214938614191e-08,Kluyveromyces_lactis_Seq_4209,YKL106W
YKL120W,6.086402214083623e-07,6.734456904648355e-07,Kluyveromyces_lactis_Seq_4502,YKL120W
YKL127W,1.3701897098272328e-06,1.4943158792875788e-06,Kluyveromyces_lactis_Seq_261,YKL127W
YKL141W,1.147894136198757e-06,1.2806824829826576e-06,Kluyveromyces_lactis_Seq_4684,YKL141W
YKL148C,1.0004683951450627e-06,1.4647951013295952e-06,Kluyveromyces_lactis_Seq_583,YKL148C
YKL150W,1.510108974255075e-05,1.5956827342216063e-05,Kluyveromyces_lactis_Seq_2134,YKL150W
YKL152C,4.106311036404663e-05,2.0213066306159542e-05,Kluyveromyces_lactis_Seq_1683,YKL152C
YKL165C,7.1238887380758e-08,5.090725182940259e-08,Kluyveromyces_lactis_Seq_296,YKL165C
YKL174C,1.8986752900922428e-08,1.8658381124453876e-08,Kluyveromyces_lactis_Seq_2101,YKL174C
YKL181W,6.949893981346589e-07,7.498596698325507e-07,Kluyveromyces_lactis_Seq_268,YKL181W
YKL182W,5.3573030200716885e-06,5.092295301290437e-06,Kluyveromyces_lactis_Seq_2274,YKL182W
YKL192C,1.4849564900859513e-05,1.4344619731309604e-05,Kluyveromyces_lactis_Seq_2699,YKL192C
YKL194C,4.802969514651764e-08,5.8645011984568844e-08,Kluyveromyces_lactis_Seq_131,YKL194C
YKL209C,1.6154645836100903e-09,1.5875254737522746e-09,Kluyveromyces_lactis_Seq_2387,YKL209C
YKL211C,2.324907330680948e-06,2.8478572498312118e-06,Kluyveromyces_lactis_Seq_4854,YKL211C
YKL212W,6.131527380881014e-07,7.477836467249475e-07,Kluyveromyces_lactis_Seq_4247,YKL212W
YKL215C,9.063751519682709e-08,2.933739094446998e-07,Kluyveromyces_lactis_Seq_104,YKL215C
YKL215C,9.063751519682709e-08,2.933739094446998e-07,Kluyveromyces_lactis_Seq_4752,YKL215C
YKL216W,1.3196566126092296e-05,9.318532852510689e-06,Kluyveromyces_lactis_Seq_1133,YKL216W
YKR009C,1.500259855846546e-08,1.0447091113070649e-07,Kluyveromyces_lactis_Seq_1157,YKR009C
YKR031C,2.219379888514677e-08,1.5690641338035205e-08,Kluyveromyces_lactis_Seq_136,YKR031C
YKR043C,2.8637140640714466e-07,2.099481316526076e-07,Kluyveromyces_lactis_Seq_3439,YKR043C
YKR058W,1.3156553689982879e-08,1.2929013945302593e-08,Kluyveromyces_lactis_Seq_2147,YKR058W
YKR066C,1.8106773497807733e-06,1.5731268351872594e-06,Kluyveromyces_lactis_Seq_4835,YKR066C
YKR069W,3.8437510443021817e-10,3.777274203037817e-10,Kluyveromyces_lactis_Seq_2710,YKR069W
YKR078W,7.219584788602081e-08,1.11296741892472e-07,Kluyveromyces_lactis_Seq_1662,YKR078W
YKR080W,6.791950409010371e-07,9.346588381365411e-07,Kluyveromyces_lactis_Seq_2979,YKR080W
YKR089C,1.896374886470299e-08,1.355147974062464e-08,Kluyveromyces_lactis_Seq_4530,YKR089C
YKR093W,8.9666116584867e-09,6.74950749382403e-09,Kluyveromyces_lactis_Seq_197,YKR093W
YKR097W,1.294359731996162e-08,5.5104948759821025e-08,Kluyveromyces_lactis_Seq_1991,YKR097W
YLL001W,4.007830904876872e-07,5.417770275271419e-07,Kluyveromyces_lactis_Seq_1632,YLL001W
YLL001W,4.007830904876872e-07,5.417770275271419e-07,Kluyveromyces_lactis_Seq_2342,YLL001W
YLL012W,1.642368603341089e-08,1.726211342576507e-08,Kluyveromyces_lactis_Seq_3203,YLL012W
YLL018C,3.8697504532610585e-06,3.75778851424777e-06,Kluyveromyces_lactis_Seq_773,YLL018C
YLL028W,2.3494007419210473e-08,1.7132161174298786e-08,Kluyveromyces_lactis_Seq_2560,YLL028W
YLL031C,1.4335771399338103e-08,1.5067610975866855e-08,Kluyveromyces_lactis_Seq_2986,YLL031C
YLL041C,1.0223825330328858e-06,1.228119216057315e-06,Kluyveromyces_lactis_Seq_4509,YLL041C
YLL043W,2.202588729638889e-08,2.1644954349214977e-08,Kluyveromyces_lactis_Seq_1978,YLL043W
YLL048C,4.85365618452419e-07,2.7595512814056353e-07,Kluyveromyces_lactis_Seq_3006,YLL048C
YLL048C,4.85365618452419e-07,2.7595512814056353e-07,Kluyveromyces_lactis_Seq_3508,YLL048C
YLL048C,4.85365618452419e-07,2.7595512814056353e-07,Kluyveromyces_lactis_Seq_3581,YLL048C
YLL048C,4.85365618452419e-07,2.7595512814056353e-07,Kluyveromyces_lactis_Seq_4750,YLL048C
YLL051C,5.162112118018612e-09,5.072834507709519e-09,Kluyveromyces_lactis_Seq_2661,YLL051C
YLR017W,6.149723709123176e-07,6.472296146272584e-07,Kluyveromyces_lactis_Seq_409,YLR017W
YLR027C,6.097112455238396e-06,5.734233093939559e-06,Kluyveromyces_lactis_Seq_4856,YLR027C
YLR039C,1.3906844480440486e-08,1.366632861914794e-08,Kluyveromyces_lactis_Seq_1767,YLR039C
YLR039C,1.3906844480440486e-08,1.366632861914794e-08,Kluyveromyces_lactis_Seq_3811,YLR039C
YLR056W,6.093685994561153e-07,4.3545431280587114e-07,Kluyveromyces_lactis_Seq_413,YLR056W
YLR060W,4.34552372221459e-06,3.931373495829701e-06,Kluyveromyces_lactis_Seq_549,YLR060W
YLR089C,9.752474026102796e-07,1.204758434024692e-06,Kluyveromyces_lactis_Seq_4500,YLR089C
YLR109W,1.2559053106750567e-05,1.6259333768132488e-05,Kluyveromyces_lactis_Seq_2425,YLR109W
YLR130C,6.375778079423797e-09,6.70126085950651e-09,Kluyveromyces_lactis_Seq_3660,YLR130C
YLR133W,7.571968780278426e-08,9.215643427814206e-08,Kluyveromyces_lactis_Seq_4063,YLR133W
YLR138W,2.4643313916859966e-08,1.761009237512973e-08,Kluyveromyces_lactis_Seq_3521,YLR138W
YLR142W,2.3129781033936582e-08,2.589782635415148e-08,Kluyveromyces_lactis_Seq_2250,YLR142W
YLR143W,4.297886770571775e-08,3.3778514280875316e-08,Kluyveromyces_lactis_Seq_1399,YLR143W
YLR146C,1.3639461542638924e-07,1.8915859506268888e-07,Kluyveromyces_lactis_Seq_3490,YLR146C
YLR151C,8.459643895067069e-09,3.276825054030692e-08,Kluyveromyces_lactis_Seq_4824,YLR151C
YLR172C,5.007529965135235e-07,6.603414514835018e-07,Kluyveromyces_lactis_Seq_111,YLR172C
YLR189C,4.6095492755734265e-08,6.395752315112336e-08,Kluyveromyces_lactis_Seq_1814,YLR189C
YLR201C,2.390136861102408e-08,1.1050309469856664e-08,Kluyveromyces_lactis_Seq_2350,YLR201C
YLR209C,8.064971048679347e-07,8.852566789956888e-07,Kluyveromyces_lactis_Seq_90,YLR209C
YLR214W,1.9928456184908928e-06,1.038194144641161e-06,Kluyveromyces_lactis_Seq_3119,YLR214W
YLR239C,2.2533915116103806e-08,4.428839187578311e-08,Kluyveromyces_lactis_Seq_4412,YLR239C
YLR244C,2.2974005199699803e-06,1.8900755927016722e-06,Kluyveromyces_lactis_Seq_3990,YLR244C
YLR245C,1.7262271832351934e-08,1.6963724582221712e-08,Kluyveromyces_lactis_Seq_3987,YLR245C
YLR260W,6.092331480802227e-08,1.6573667489968378e-07,Kluyveromyces_lactis_Seq_108,YLR260W
YLR284C,1.3699182738058626e-08,1.3462258341594547e-08,Kluyveromyces_lactis_Seq_1647,YLR284C
YLR285W,7.053852741075437e-08,6.931857886682933e-08,Kluyveromyces_lactis_Seq_2809,YLR285W
YLR286C,6.349729434818705e-08,6.239912240404976e-08,Kluyveromyces_lactis_Seq_3567,YLR286C
YLR295C,2.6099206430747886e-06,1.865047199876003e-06,Kluyveromyces_lactis_Seq_1652,YLR295C
YLR295C,2.6099206430747886e-06,1.865047199876003e-06,Kluyveromyces_lactis_Seq_4373,YLR295C
YLR299W,5.962726328954684e-09,1.757880680814788e-08,Kluyveromyces_lactis_Seq_19,YLR299W
YLR300W,9.851931681927201e-09,3.416787180072389e-08,Kluyveromyces_lactis_Seq_2382,YLR300W
YLR305C,9.490100891446827e-08,7.623730313378984e-08,Kluyveromyces_lactis_Seq_3939,YLR305C
YLR328W,1.4397169184140773e-07,2.697878074396447e-07,Kluyveromyces_lactis_Seq_2405,YLR328W
YLR345W,7.92597743830082e-08,1.753390590939113e-07,Kluyveromyces_lactis_Seq_824,YLR345W
YLR354C,1.909249213544271e-05,2.1257674858059755e-05,Kluyveromyces_lactis_Seq_858,YLR354C
YLR355C,1.254258887057037e-05,1.2613095760523823e-05,Kluyveromyces_lactis_Seq_2931,YLR355C
YLR359W,4.270586366339391e-06,5.905094656579164e-06,Kluyveromyces_lactis_Seq_4511,YLR359W
YLR372W,7.822717458049121e-07,5.637226719515074e-07,Kluyveromyces_lactis_Seq_4187,YLR372W
YLR382C,1.263933166476475e-07,2.0870650214789485e-07,Kluyveromyces_lactis_Seq_1709,YLR382C
YLR386W,2.7075604422016577e-08,4.417770057658394e-08,Kluyveromyces_lactis_Seq_3225,YLR386W
YLR393W,2.289475446962613e-07,2.441119120407458e-07,Kluyveromyces_lactis_Seq_2766,YLR393W
YLR395C,7.541883935692502e-07,1.6525401968920334e-06,Kluyveromyces_lactis_Seq_2125,YLR395C
YLR410W,3.0765947913150007e-07,4.033864718684962e-07,Kluyveromyces_lactis_Seq_1881,YLR410W
YLR420W,1.0430676634967062e-05,1.138759564954293e-05,Kluyveromyces_lactis_Seq_2868,YLR420W
YLR438W,8.138631058936529e-06,1.9950038116241592e-05,Kluyveromyces_lactis_Seq_3369,YLR438W
YLR447C,3.6199446129917004e-07,4.0272126275746696e-07,Kluyveromyces_lactis_Seq_2402,YLR447C
YML004C,2.98361269486511e-06,3.415647973347566e-06,Kluyveromyces_lactis_Seq_4175,YML004C
YML008C,3.931287741190842e-06,4.7403594472660475e-06,Kluyveromyces_lactis_Seq_446,YML008C
YML022W,2.2921152962429782e-06,2.778186092456061e-06,Kluyveromyces_lactis_Seq_1828,YML022W
YML028W,1.6860927842774943e-05,1.900279887574798e-05,Kluyveromyces_lactis_Seq_2012,YML028W
YML035C,1.2979492117107163e-07,2.0128485239646381e-07,Kluyveromyces_lactis_Seq_582,YML035C
YML056C,7.5361704242148705e-06,6.633149916796612e-06,Kluyveromyces_lactis_Seq_4377,YML056C
YML059C,8.005948795393822e-08,2.0357572311412522e-07,Kluyveromyces_lactis_Seq_378,YML059C
YML075C,3.9062752766515075e-07,1.9448367251035258e-07,Kluyveromyces_lactis_Seq_4392,YML075C
YML081C-A,7.412455066694701e-07,5.206553971569614e-07,Kluyveromyces_lactis_Seq_3476,YML081C-A
YML082W,2.298660294377829e-07,3.121897580960924e-07,Kluyveromyces_lactis_Seq_3712,YML082W
YML086C,7.216383006026794e-07,6.888092760773196e-07,Kluyveromyces_lactis_Seq_3330,YML086C
YML100W,7.285412952617254e-07,5.98943661662016e-07,Kluyveromyces_lactis_Seq_1810,YML100W
YML110C,3.954433133095684e-07,5.770869090878702e-07,Kluyveromyces_lactis_Seq_221,YML110C
YML120C,1.3301135691655663e-06,1.0000711822567607e-06,Kluyveromyces_lactis_Seq_2267,YML120C
YML123C,4.688185309837888e-08,4.607104160963272e-08,Kluyveromyces_lactis_Seq_1199,YML123C
YML125C,7.482554934487257e-07,6.228795273394435e-07,Kluyveromyces_lactis_Seq_1802,YML125C
YML126C,6.286545125354117e-06,5.756240237564961e-06,Kluyveromyces_lactis_Seq_4484,YML126C
YMR006C,2.472561343704651e-09,5.327476950086334e-09,Kluyveromyces_lactis_Seq_3108,YMR006C
YMR009W,4.8002467901313706e-08,1.1097877902444797e-07,Kluyveromyces_lactis_Seq_2873,YMR009W
YMR013C,3.636034875841152e-09,3.5731504406924983e-09,Kluyveromyces_lactis_Seq_3357,YMR013C
YMR015C,7.15105658110063e-07,6.97591538079307e-07,Kluyveromyces_lactis_Seq_91,YMR015C
YMR020W,3.5522551889757787e-07,4.14052097845594e-07,Kluyveromyces_lactis_Seq_1025,YMR020W
YMR041C,8.651655060128291e-08,1.478140912627543e-07,Kluyveromyces_lactis_Seq_1483,YMR041C
YMR054W,7.485509996882206e-07,5.091985249555949e-07,Kluyveromyces_lactis_Seq_1512,YMR054W
YMR054W,7.485509996882206e-07,5.091985249555949e-07,Kluyveromyces_lactis_Seq_3105,YMR054W
YMR058W,3.425579482844142e-07,3.369397971363402e-07,Kluyveromyces_lactis_Seq_1146,YMR058W
YMR058W,3.425579482844142e-07,3.369397971363402e-07,Kluyveromyces_lactis_Seq_415,YMR058W
YMR062C,2.112785198158689e-06,1.958811074866425e-06,Kluyveromyces_lactis_Seq_4510,YMR062C
YMR083W,8.325038383738389e-05,1.224973669383e-05,Kluyveromyces_lactis_Seq_2305,YMR083W
YMR083W,8.325038383738389e-05,1.224973669383e-05,Kluyveromyces_lactis_Seq_4435,YMR083W
YMR083W,8.325038383738389e-05,1.224973669383e-05,Kluyveromyces_lactis_Seq_4807,YMR083W
YMR083W,8.325038383738389e-05,1.224973669383e-05,Kluyveromyces_lactis_Seq_4923,YMR083W
YMR087W,3.9146140465997085e-08,3.8469116450685746e-08,Kluyveromyces_lactis_Seq_3221,YMR087W
YMR088C,1.3367040294900377e-10,1.4442635107096965e-10,Kluyveromyces_lactis_Seq_1654,YMR088C
YMR095C,3.192885155742396e-07,4.18975943625162e-07,Kluyveromyces_lactis_Seq_4540,YMR095C
YMR099C,2.094345305225188e-06,2.1543797425176016e-06,Kluyveromyces_lactis_Seq_3467,YMR099C
YMR108W,3.033689812387024e-06,2.912490133383627e-06,Kluyveromyces_lactis_Seq_2321,YMR108W
YMR110C,5.645489571394923e-07,1.5122167485667958e-06,Kluyveromyces_lactis_Seq_3648,YMR110C
YMR113W,6.232563067791707e-08,6.124772240302526e-08,Kluyveromyces_lactis_Seq_354,YMR113W
YMR120C,5.118325600379002e-06,5.3237623328029626e-06,Kluyveromyces_lactis_Seq_95,YMR120C
YMR145C,1.1578803856796792e-06,6.968066046027827e-07,Kluyveromyces_lactis_Seq_1521,YMR145C
YMR162C,9.030454983021087e-09,1.3052499958472142e-08,Kluyveromyces_lactis_Seq_2627,YMR162C
YMR165C,6.1283744647529e-08,1.8168644005567856e-07,Kluyveromyces_lactis_Seq_2712,YMR165C
YMR170C,2.0839388637960744e-07,4.975587711782459e-07,Kluyveromyces_lactis_Seq_2390,YMR170C
YMR170C,2.0839388637960744e-07,4.975587711782459e-07,Kluyveromyces_lactis_Seq_937,YMR170C
YMR189W,2.1658339718757496e-07,4.919775168864873e-07,Kluyveromyces_lactis_Seq_3080,YMR189W
YMR202W,8.81946836729992e-07,5.826530780435e-07,Kluyveromyces_lactis_Seq_1170,YMR202W
YMR208W,5.494504727300682e-07,5.970055306507254e-07,Kluyveromyces_lactis_Seq_3183,YMR208W
YMR217W,3.7922625972218958e-06,2.906727717249208e-06,Kluyveromyces_lactis_Seq_1990,YMR217W
YMR220W,7.989279785136669e-07,1.674519870972027e-06,Kluyveromyces_lactis_Seq_2680,YMR220W
YMR226C,2.3489740123505645e-06,4.075266684254635e-06,Kluyveromyces_lactis_Seq_4083,YMR226C
YMR241W,2.100235203404649e-07,4.23016321101511e-07,Kluyveromyces_lactis_Seq_3163,YMR241W
YMR243C,1.3836953811160975e-08,9.487608442206846e-09,Kluyveromyces_lactis_Seq_2467,YMR243C
YMR250W,8.441465770151866e-07,1.2579323197016976e-06,Kluyveromyces_lactis_Seq_1383,YMR250W
YMR267W,1.761057065484624e-07,3.0246590024844793e-07,Kluyveromyces_lactis_Seq_2955,YMR267W
YMR271C,1.1005779560445031e-07,1.039808454537394e-07,Kluyveromyces_lactis_Seq_839,YMR271C
YMR272C,6.288662589130987e-07,4.0153408811663085e-07,Kluyveromyces_lactis_Seq_2848,YMR272C
YMR278W,3.7331800207528984e-08,5.395888928903646e-08,Kluyveromyces_lactis_Seq_16,YMR278W
YMR281W,8.331113511303096e-08,8.187028708707132e-08,Kluyveromyces_lactis_Seq_2926,YMR281W
YMR289W,1.4679035176501799e-08,1.4425164444475891e-08,Kluyveromyces_lactis_Seq_453,YMR289W
YMR293C,3.830203166044986e-08,1.072822657062643e-07,Kluyveromyces_lactis_Seq_1688,YMR293C
YMR296C,3.670375456679561e-07,3.716474014801409e-07,Kluyveromyces_lactis_Seq_2992,YMR296C
YMR298W,3.179071368930375e-07,5.520267438230314e-07,Kluyveromyces_lactis_Seq_1862,YMR298W
YMR300C,5.720963595188933e-07,4.4894285186596134e-07,Kluyveromyces_lactis_Seq_3844,YMR300C
YMR301C,3.066390577470794e-08,2.2901394551007622e-08,Kluyveromyces_lactis_Seq_989,YMR301C
YMR313C,1.9795637966718846e-08,1.9453276698345046e-08,Kluyveromyces_lactis_Seq_1934,YMR313C
YMR319C,3.2111054200905124e-08,3.155570047785136e-08,Kluyveromyces_lactis_Seq_4176,YMR319C
YNL003C,2.682470763154017e-08,3.889709496449426e-08,Kluyveromyces_lactis_Seq_2920,YNL003C
YNL029C,2.138906076302418e-09,3.091546497336427e-09,Kluyveromyces_lactis_Seq_1271,YNL029C
YNL036W,1.0534941892693242e-06,2.9770005802910384e-06,Kluyveromyces_lactis_Seq_1238,YNL036W
YNL037C,4.611633365979497e-06,4.494306986187134e-06,Kluyveromyces_lactis_Seq_3037,YNL037C
YNL038W,1.7836757347830687e-09,1.7528274495217114e-09,Kluyveromyces_lactis_Seq_161,YNL038W
YNL045W,3.6753716660894417e-07,5.047324052107243e-07,Kluyveromyces_lactis_Seq_1993,YNL045W
YNL048W,2.1198594314345083e-07,1.9029587961805168e-07,Kluyveromyces_lactis_Seq_1858,YNL048W
YNL052W,1.2251352193704827e-07,1.6324171792952573e-07,Kluyveromyces_lactis_Seq_2107,YNL052W
YNL071W,1.7944445397283645e-06,2.3002713440522514e-06,Kluyveromyces_lactis_Seq_3718,YNL071W
YNL073W,3.124399767587035e-08,2.2326935699341312e-08,Kluyveromyces_lactis_Seq_1289,YNL073W
YNL106C,4.0373098539695553e-07,5.489358113468206e-07,Kluyveromyces_lactis_Seq_3846,YNL106C
YNL106C,4.0373098539695553e-07,5.489358113468206e-07,Kluyveromyces_lactis_Seq_4111,YNL106C
YNL117W,2.7718543110035322e-08,7.177780655061904e-08,Kluyveromyces_lactis_Seq_3784,YNL117W
YNL129W,3.8241339734766386e-07,7.166024840467907e-07,Kluyveromyces_lactis_Seq_4789,YNL129W
YNL130C,2.6042325791745588e-08,2.5591929411267456e-08,Kluyveromyces_lactis_Seq_2572,YNL130C
YNL141W,6.828977433474187e-07,6.746470683383245e-07,Kluyveromyces_lactis_Seq_444,YNL141W
YNL169C,2.09628997563338e-07,1.2428220638309448e-07,Kluyveromyces_lactis_Seq_622,YNL169C
YNL191W,1.204711272179307e-08,2.3677521036422355e-08,Kluyveromyces_lactis_Seq_3169,YNL191W
YNL192W,6.236215382284367e-08,1.3911220543175894e-07,Kluyveromyces_lactis_Seq_1288,YNL192W
YNL192W,6.236215382284367e-08,1.3911220543175894e-07,Kluyveromyces_lactis_Seq_1860,YNL192W
YNL202W,5.862908594809404e-07,1.027200806222495e-06,Kluyveromyces_lactis_Seq_1801,YNL202W
YNL219C,4.9727923203000167e-08,3.553553406748034e-08,Kluyveromyces_lactis_Seq_1465,YNL219C
YNL220W,6.043689921285402e-06,6.872764016668447e-06,Kluyveromyces_lactis_Seq_3396,YNL220W
YNL229C,5.676295725937565e-08,1.3005381388113668e-07,Kluyveromyces_lactis_Seq_1940,YNL229C
YNL241C,2.272524893844552e-06,2.3097618080086807e-06,Kluyveromyces_lactis_Seq_319,YNL241C
YNL247W,1.4853657834887216e-06,1.4521975341327421e-06,Kluyveromyces_lactis_Seq_1344,YNL247W
YNL256W,1.0872423308440605e-08,4.1598446735587264e-08,Kluyveromyces_lactis_Seq_4338,YNL256W
YNL267W,5.5878728922291884e-08,9.671223687043039e-08,Kluyveromyces_lactis_Seq_2639,YNL267W
YNL268W,1.8020708396933095e-08,6.3712833609491554e-09,Kluyveromyces_lactis_Seq_2155,YNL268W
YNL268W,1.8020708396933095e-08,6.3712833609491554e-09,Kluyveromyces_lactis_Seq_3394,YNL268W
YNL275W,1.281553243363243e-09,1.2593890577672018e-09,Kluyveromyces_lactis_Seq_720,YNL275W
YNL277W,8.577136427811344e-09,8.428796712194322e-09,Kluyveromyces_lactis_Seq_49,YNL277W
YNL280C,6.241108623925294e-08,1.1908461389492075e-07,Kluyveromyces_lactis_Seq_184,YNL280C
YNL292W,4.13706741952727e-07,5.738897677018101e-07,Kluyveromyces_lactis_Seq_2170,YNL292W
YNL315C,2.1434628281824706e-07,1.9630824212381702e-07,Kluyveromyces_lactis_Seq_1195,YNL315C
YNR001C,3.122220966655194e-06,5.596552280156857e-06,Kluyveromyces_lactis_Seq_2579,YNR001C
YNR008W,1.8350012246091522e-07,2.336993663589858e-07,Kluyveromyces_lactis_Seq_1878,YNR008W
YNR012W,6.197632035883456e-08,6.09044533302061e-08,Kluyveromyces_lactis_Seq_4892,YNR012W
YNR016C,2.60405934833374e-06,3.0544323811707093e-06,Kluyveromyces_lactis_Seq_4695,YNR016C
YNR019W,1.64392019657382e-06,9.293455402074979e-07,Kluyveromyces_lactis_Seq_4958,YNR019W
YNR030W,1.0019322016119533e-07,9.846040013314105e-08,Kluyveromyces_lactis_Seq_2102,YNR030W
YNR033W,6.107929470114311e-08,8.181163774998948e-08,Kluyveromyces_lactis_Seq_1818,YNR033W
YNR041C,7.704084807988658e-09,1.1010665659028438e-08,Kluyveromyces_lactis_Seq_433,YNR041C
YNR043W,1.199012785437605e-06,1.3989188569452573e-06,Kluyveromyces_lactis_Seq_438,YNR043W
YNR050C,4.502146886579164e-06,6.293148405675077e-06,Kluyveromyces_lactis_Seq_2703,YNR050C
YNR057C,3.1900251671703733e-09,3.1348543732705795e-09,Kluyveromyces_lactis_Seq_2820,YNR057C
YNR067C,5.8236482490332875e-08,1.1309100820812143e-07,Kluyveromyces_lactis_Seq_2359,YNR067C
YNR067C,5.8236482490332875e-08,1.1309100820812143e-07,Kluyveromyces_lactis_Seq_3800,YNR067C
YOL033W,4.022557440481041e-08,4.4647904733951785e-08,Kluyveromyces_lactis_Seq_4797,YOL033W
YOL049W,2.0802209641971482e-07,3.6713270776360487e-07,Kluyveromyces_lactis_Seq_2312,YOL049W
YOL052C,4.874270845121264e-07,3.3591342208483185e-07,Kluyveromyces_lactis_Seq_2643,YOL052C
YOL058W,5.1114403550761346e-06,5.8192661727471525e-06,Kluyveromyces_lactis_Seq_1962,YOL058W
YOL059W,4.386448190407656e-06,6.904575635500815e-06,Kluyveromyces_lactis_Seq_880,YOL059W
YOL061W,1.3505231310284776e-06,1.6613745219707272e-06,Kluyveromyces_lactis_Seq_1201,YOL061W
YOL066C,7.116469202078055e-08,5.085423188462499e-08,Kluyveromyces_lactis_Seq_4553,YOL066C
YOL077W-A,2.257162790688863e-06,2.1596005302167753e-06,Kluyveromyces_lactis_Seq_471,YOL077W-A
YOL096C,4.865631778463085e-08,4.5894128213241426e-08,Kluyveromyces_lactis_Seq_3760,YOL096C
YOL097C,1.5591790703017302e-06,2.270234886670759e-06,Kluyveromyces_lactis_Seq_3069,YOL097C
YOL103W,4.497522702165924e-09,1.3124562475706411e-08,Kluyveromyces_lactis_Seq_1815,YOL103W
YOL122C,2.2149458688359452e-09,1.5827985427490347e-09,Kluyveromyces_lactis_Seq_382,YOL122C
YOL126C,2.66609070449644e-07,5.677289545952528e-07,Kluyveromyces_lactis_Seq_3081,YOL126C
YOL130W,3.490383582836296e-08,3.568133318108328e-08,Kluyveromyces_lactis_Seq_3453,YOL130W
YOL140W,6.998849105460925e-06,3.3619335399156284e-06,Kluyveromyces_lactis_Seq_3673,YOL140W
YOL143C,4.27456220341406e-06,5.750862396794333e-06,Kluyveromyces_lactis_Seq_2260,YOL143C
YOR040W,1.1825510432572602e-07,1.712434564618664e-07,Kluyveromyces_lactis_Seq_3853,YOR040W
YOR054C,2.1525321648753593e-07,3.1828528516950545e-07,Kluyveromyces_lactis_Seq_2961,YOR054C
YOR065W,5.695446357429198e-07,3.942412764439728e-07,Kluyveromyces_lactis_Seq_1352,YOR065W
YOR067C,2.249891015785198e-08,2.210979638280616e-08,Kluyveromyces_lactis_Seq_2076,YOR067C
YOR074C,2.499380944432957e-07,3.3529482037738414e-07,Kluyveromyces_lactis_Seq_1163,YOR074C
YOR095C,8.625525874790227e-07,1.0689429058355736e-06,Kluyveromyces_lactis_Seq_1902,YOR095C
YOR099W,4.238805940759641e-07,4.897948464311725e-07,Kluyveromyces_lactis_Seq_2906,YOR099W
YOR100C,7.372669411784247e-09,2.536320646894415e-08,Kluyveromyces_lactis_Seq_4724,YOR100C
YOR120W,5.218920806015363e-06,4.724472624695843e-06,Kluyveromyces_lactis_Seq_1861,YOR120W
YOR120W,5.218920806015363e-06,4.724472624695843e-06,Kluyveromyces_lactis_Seq_4539,YOR120W
YOR125C,2.8416026679180802e-08,3.097619108731797e-08,Kluyveromyces_lactis_Seq_2859,YOR125C
YOR130C,6.843014363387582e-08,2.5163409722923112e-08,Kluyveromyces_lactis_Seq_4777,YOR130C
YOR136W,3.402323403583801e-06,3.004777463774409e-06,Kluyveromyces_lactis_Seq_3447,YOR136W
YOR142W,3.976557263279441e-06,5.801932179956307e-06,Kluyveromyces_lactis_Seq_264,YOR142W
YOR143C,3.2914418621539847e-08,3.2345170884942434e-08,Kluyveromyces_lactis_Seq_704,YOR143C
YOR155C,3.684795668553649e-08,7.899456094942588e-08,Kluyveromyces_lactis_Seq_700,YOR155C
YOR161C,1.4694580372760046e-08,2.3102441033469077e-08,Kluyveromyces_lactis_Seq_2869,YOR161C
YOR163W,1.6265831862629575e-07,1.5984517825819681e-07,Kluyveromyces_lactis_Seq_4340,YOR163W
YOR168W,2.754117757613272e-06,2.6451951109280033e-06,Kluyveromyces_lactis_Seq_601,YOR168W
YOR175C,1.2786295320924813e-07,1.2608081434357802e-07,Kluyveromyces_lactis_Seq_3957,YOR175C
YOR176W,3.583935370773704e-07,7.163358151754513e-07,Kluyveromyces_lactis_Seq_1179,YOR176W
YOR184W,3.6904938998191174e-06,3.587582458799243e-06,Kluyveromyces_lactis_Seq_2786,YOR184W
YOR196C,5.1480681274742155e-08,7.001430132453316e-08,Kluyveromyces_lactis_Seq_3815,YOR196C
YOR209C,2.7474240562050813e-06,2.9829012964121e-06,Kluyveromyces_lactis_Seq_4671,YOR209C
YOR221C,2.7385765192374585e-08,2.6912134318622934e-08,Kluyveromyces_lactis_Seq_908,YOR221C
YOR236W,1.2327562525991226e-07,1.2114360003826931e-07,Kluyveromyces_lactis_Seq_1893,YOR236W
YOR241W,8.97680410880856e-07,7.80778627763789e-07,Kluyveromyces_lactis_Seq_1013,YOR241W
YOR245C,6.228936005556695e-08,6.546922513680131e-08,Kluyveromyces_lactis_Seq_3628,YOR245C
YOR278W,2.9317239321929533e-08,2.8810204021710934e-08,Kluyveromyces_lactis_Seq_6,YOR278W
YOR283W,9.819624470149275e-08,9.2004717100932e-08,Kluyveromyces_lactis_Seq_4594,YOR283W
YOR286W,8.117906744861029e-07,1.949307832434485e-06,Kluyveromyces_lactis_Seq_2176,YOR286W
YOR286W,8.117906744861029e-07,1.949307832434485e-06,Kluyveromyces_lactis_Seq_4260,YOR286W
YOR303W,2.002491973642933e-06,7.535641569052393e-07,Kluyveromyces_lactis_Seq_543,YOR303W
YOR311C,1.8598807926213468e-07,1.9548275055501545e-07,Kluyveromyces_lactis_Seq_58,YOR311C
YOR317W,3.0874068382371695e-06,4.1708483486665535e-06,Kluyveromyces_lactis_Seq_1966,YOR317W
YOR323C,1.7457865074740553e-06,1.7635447862122372e-06,Kluyveromyces_lactis_Seq_3158,YOR323C
YOR332W,8.970763204661037e-06,9.956215655312422e-06,Kluyveromyces_lactis_Seq_2297,YOR332W
YOR347C,1.9513234647718883e-06,6.697544792817096e-07,Kluyveromyces_lactis_Seq_394,YOR347C
YOR360C,5.397886225318762e-08,6.653676360077224e-08,Kluyveromyces_lactis_Seq_3724,YOR360C
YPL023C,5.892395626690926e-08,1.0691340593144413e-07,Kluyveromyces_lactis_Seq_1687,YPL023C
YPL028W,4.890828392213542e-06,4.255119681339496e-06,Kluyveromyces_lactis_Seq_3756,YPL028W
YPL040C,3.9281088844189604e-08,9.743864883151043e-08,Kluyveromyces_lactis_Seq_4089,YPL040C
YPL059W,7.740914023376447e-07,1.052535563368748e-06,Kluyveromyces_lactis_Seq_2131,YPL059W
YPL069C,3.312112223604508e-08,2.3668327405660727e-08,Kluyveromyces_lactis_Seq_1839,YPL069C
YPL078C,3.9055722545320645e-06,4.481265012525515e-06,Kluyveromyces_lactis_Seq_736,YPL078C
YPL087W,1.3639195457567552e-09,1.3403308528118668e-09,Kluyveromyces_lactis_Seq_3972,YPL087W
YPL091W,1.6756317649909198e-06,2.235757271964231e-06,Kluyveromyces_lactis_Seq_4448,YPL091W
YPL097W,7.54866699527462e-08,7.199040149546668e-08,Kluyveromyces_lactis_Seq_3106,YPL097W
YPL104W,1.6064512733544554e-07,2.59986656393307e-07,Kluyveromyces_lactis_Seq_3859,YPL104W
YPL110C,2.291820024537922e-08,7.002365071504643e-08,Kluyveromyces_lactis_Seq_2197,YPL110C
YPL110C,2.291820024537922e-08,7.002365071504643e-08,Kluyveromyces_lactis_Seq_380,YPL110C
YPL111W,3.578936540078032e-06,6.000428761008607e-06,Kluyveromyces_lactis_Seq_3765,YPL111W
YPL117C,6.637037140312226e-07,1.044560331203531e-06,Kluyveromyces_lactis_Seq_2829,YPL117C
YPL132W,1.8160156861112666e-07,3.650791505241712e-07,Kluyveromyces_lactis_Seq_4652,YPL132W
YPL134C,3.6075317617259903e-07,4.580115146040157e-07,Kluyveromyces_lactis_Seq_4323,YPL134C
YPL135W,4.016733946015115e-07,4.663804909187191e-07,Kluyveromyces_lactis_Seq_2997,YPL135W
YPL160W,3.184193727594144e-06,2.633209615175664e-06,Kluyveromyces_lactis_Seq_94,YPL160W
YPL175W,6.64887052945752e-09,6.533879754644135e-09,Kluyveromyces_lactis_Seq_4602,YPL175W
YPL188W,4.075265942841704e-07,1.19719020077537e-06,Kluyveromyces_lactis_Seq_4528,YPL188W
YPL206C,3.419047481279038e-08,3.359915796092185e-08,Kluyveromyces_lactis_Seq_1715,YPL206C
YPL212C,4.31975178725183e-07,3.377567861739322e-07,Kluyveromyces_lactis_Seq_3065,YPL212C
YPL214C,2.6976625047526814e-08,1.9277474639121812e-08,Kluyveromyces_lactis_Seq_3697,YPL214C
YPL227C,2.0734322397165563e-07,2.2021687813389738e-07,Kluyveromyces_lactis_Seq_291,YPL227C
YPL231W,4.921522441336505e-06,4.4068439097879065e-06,Kluyveromyces_lactis_Seq_2357,YPL231W
YPL234C,2.5343470259500255e-07,2.4905160433991037e-07,Kluyveromyces_lactis_Seq_2861,YPL234C
YPL262W,3.3496070568552804e-06,3.548362782765859e-06,Kluyveromyces_lactis_Seq_635,YPL262W
YPL265W,1.55681636121562e-07,1.461694353189719e-07,Kluyveromyces_lactis_Seq_654,YPL265W
YPL268W,4.34067675979061e-10,4.265605695974378e-10,Kluyveromyces_lactis_Seq_1039,YPL268W
YPL273W,1.377131219266195e-06,5.836227650637345e-07,Kluyveromyces_lactis_Seq_4009,YPL273W
YPR002W,7.659742886173442e-08,2.1138695721003113e-07,Kluyveromyces_lactis_Seq_2206,YPR002W
YPR011C,9.601892314625912e-09,2.830748900411787e-08,Kluyveromyces_lactis_Seq_430,YPR011C
YPR021C,1.9110716840446842e-07,2.1379996400537884e-07,Kluyveromyces_lactis_Seq_4855,YPR021C
YPR026W,1.5133799070326704e-08,2.541111079706136e-08,Kluyveromyces_lactis_Seq_4029,YPR026W
YPR035W,2.5026364985084913e-06,2.551193439733865e-06,Kluyveromyces_lactis_Seq_155,YPR035W
YPR036W,2.7005514938051986e-06,2.962331511002381e-06,Kluyveromyces_lactis_Seq_1240,YPR036W
YPR048W,1.471621606882049e-07,4.206478483512634e-07,Kluyveromyces_lactis_Seq_1022,YPR048W
YPR048W,1.471621606882049e-07,4.206478483512634e-07,Kluyveromyces_lactis_Seq_4439,YPR048W
YPR058W,4.2567845245605125e-07,5.875950835793518e-07,Kluyveromyces_lactis_Seq_4444,YPR058W
YPR060C,1.383125587948119e-06,1.9924055538919014e-06,Kluyveromyces_lactis_Seq_497,YPR060C
YPR062W,1.4316689400593766e-06,1.863074959906884e-06,Kluyveromyces_lactis_Seq_4096,YPR062W
YPR069C,1.3866921623878224e-05,1.0469613629462429e-05,Kluyveromyces_lactis_Seq_3070,YPR069C
YPR113W,5.493544455140367e-07,2.704405943203211e-07,Kluyveromyces_lactis_Seq_3753,YPR113W
YPR118W,5.293687456328244e-07,4.617276738224336e-07,Kluyveromyces_lactis_Seq_3395,YPR118W
YPR127W,1.103809649403496e-06,1.6333454020939104e-06,Kluyveromyces_lactis_Seq_3073,YPR127W
YPR128C,8.861288050708373e-08,8.234965030733547e-08,Kluyveromyces_lactis_Seq_1253,YPR128C
YPR140W,2.3523588852418674e-08,2.4827641307500085e-08,Kluyveromyces_lactis_Seq_968,YPR140W
YPR145W,1.0927894500177803e-05,9.190958986667664e-06,Kluyveromyces_lactis_Seq_4268,YPR145W
YPR156C,2.979583269495405e-07,1.4870105151095675e-07,Kluyveromyces_lactis_Seq_4655,YPR156C
YPR160W,8.321963648345347e-07,1.1527629959871598e-06,Kluyveromyces_lactis_Seq_2398,YPR160W
YPR167C,4.558239812919733e-09,4.479406043251545e-09,Kluyveromyces_lactis_Seq_2093,YPR167C
YPR183W,1.378181137197777e-06,1.2143483898558152e-06,Kluyveromyces_lactis_Seq_2857,YPR183W
YPR191W,1.2156345810486041e-05,8.30505031162961e-06,Kluyveromyces_lactis_Seq_2508,YPR191W
