error,corr,ss
3126.968499548285,-0.2813828880668437,0.0335205668210635
3261.3726405608354,-0.2871190658141772,0.0299006371271094
3298.5736292809897,-0.2690908844206456,0.0424670453341789
3343.8029410382524,-0.2921627468352028,0.0271037088679651
3403.259804187764,-0.2585940397726194,0.0513056324669357
3427.485567510848,-0.2878218919653991,0.0295530525070708
3431.49641791753,-0.2642806363964333,0.0463081970745859
3434.577997534215,-0.3167821590711577,0.016189437431783
3439.047499128272,-0.2611481732476945,0.0490132211107912
3456.059821975409,-0.2764702523750558,0.0368826633518825
3456.7166067827848,-0.2902655846588867,0.0280520125093122
3463.088387853971,-0.2756399389971957,0.0374561528453451
3464.3863085110925,-0.2826956302893776,0.0326336860829161
3474.358420341096,-0.2632080730242648,0.0474693306908443
3476.27768162682,-0.2922209643466213,0.0270762739893078
3479.025093879822,-0.2777892907771991,0.0359692488257766
3485.261712735773,-0.2619489275904213,0.0482266123048497
3489.66365459314,-0.2632245192981578,0.0472263913438234
3491.26717727238,-0.2718605192475704,0.0401854022944241
3492.2265834785785,-0.2690631723325499,0.0425471057974176
3493.1774138949486,-0.2793761352789569,0.0349524901970072
3495.858502395285,-0.2672035193445302,0.0441030595692872
3497.0530017487827,-0.240963640318715,0.0699113957317806
3497.5220723797897,-0.2633598195857318,0.047291100630826
3497.8379254151846,-0.2699150370773954,0.041863876067891
3498.242818023109,-0.2802218008937059,0.0344740929823911
3498.951438156972,-0.2587586039013509,0.051323474593959
3500.923239313396,-0.2596744291663683,0.050404333230804
3501.534635194296,-0.2632677755897766,0.0472218890861437
3503.6427346584965,-0.2677523888091376,0.0433646447768013
3504.1629485161407,-0.2648062919966879,0.0457453749774663
3505.875286159408,-0.2934929529045068,0.0262638322060926
3507.089248409303,-0.2590791865268807,0.0510070542550524
3508.2760664823604,-0.2574797969167749,0.0524715338696434
3508.5595021379813,-0.2438094153267971,0.0666121517354828
3508.978457845656,-0.2618547409615098,0.04846391642865
3511.375225036942,-0.2735125631188648,0.0391882768576951
3511.8555626843167,-0.2585139113481178,0.0517695802012616
3512.364953872413,-0.2579146069109822,0.0520101945487258
3512.5378158646804,-0.2743066320743084,0.038585847919254
3512.8244255960094,-0.2453192693627182,0.0649012660925018
3513.013424600432,-0.2844374856101697,0.0314469214258625
3513.3926109603585,-0.2828125811352096,0.0326037918997549
3513.534407004445,-0.2738301872854214,0.0387231441618217
3513.725660718069,-0.2663962512512084,0.0446045914984629
3514.200685605804,-0.2827286440102747,0.0327436341836144
3514.351327869122,-0.2670797055384373,0.0442929200445146
3514.393196611528,-0.2717790206123411,0.0403110234111438
3515.338012448632,-0.2760571075071328,0.0372527233069313
3515.9005744830465,-0.2600131904642015,0.0500472501454606
3516.233166668423,-0.2798153994334618,0.0345515164804771
3516.47978370444,-0.2442362884603002,0.0664264025711248
3516.633736201159,-0.2608187961667977,0.0493782808060753
3516.6679347905606,-0.2642408484371273,0.0465389247307646
3517.711778119076,-0.2611000141933855,0.0493150998636812
3517.838679567332,-0.270138414562154,0.0416891952128079
3517.9527141856383,-0.2497117468960434,0.0601686315190388
3518.151777082769,-0.2592757581409259,0.0507871541373777
3518.7549608677846,-0.256933844967216,0.0531032562200908
3519.07795290535,-0.2559944255790586,0.0541025808478738
3519.1385046635637,-0.2681450158225338,0.0432783626208322
3519.182114115642,-0.2448620027807516,0.0654124866230235
3519.285454001872,-0.263542296168532,0.047124903554913
3519.5785231325453,-0.267585360583381,0.043671765962536
3519.747292309188,-0.2446921161309968,0.0657578541939783
3519.9015420139503,-0.2655895679442442,0.0455018823081693
3520.112096082025,-0.2745214161919819,0.0383199871351536
3520.605990251449,-0.2859363730069696,0.0307788466592098
3520.6947759981963,-0.2629393460136234,0.0475372637455204
3520.784776027597,-0.2697146597569562,0.0420550006560522
3520.924927847522,-0.2727232317192262,0.0396957580456295
3521.358518078952,-0.2602220081567313,0.0501178030904344
3521.3869540585765,-0.2587766884102884,0.0513897708668346
3521.7176395437223,-0.2574821283755893,0.0526279450315124
3521.794056483684,-0.2611100011079824,0.0491717234166395
3521.8825546992134,-0.2510229055060602,0.0588622194320911
3522.046393848399,-0.2650183890134713,0.0455627641775649
3522.054302240359,-0.2535668101035636,0.0562504500045999
3522.158926736159,-0.2445001284800498,0.0658792163924296
3522.8399956846124,-0.2653747079088519,0.0455256099529311
3522.9605506464254,-0.2688197611447501,0.0426384714638588
3523.133244146988,-0.2855374059883596,0.0312462373078031
3523.606938034341,-0.2614500776419359,0.0490216793699657
3523.7882416055427,-0.2889665056599243,0.0289256881961354
3524.2617481719344,-0.2369997583041953,0.0749740528840628
3524.562354779672,-0.2820943297903474,0.0330378837025705
3524.5763472895137,-0.2573362168706041,0.0528493865760129
3524.624194501036,-0.2529381185185999,0.0572480655720559
3524.653020119284,-0.2729878257870837,0.0396509332495416
3524.691360285831,-0.2596819333310373,0.0507575825076736
3524.692166757864,-0.2509625165109758,0.0588919923203793
3524.739936427512,-0.2452584758893271,0.0651667952632363
3524.911209956557,-0.2549198980385601,0.0549248499683334
3524.993123073194,-0.250359414754917,0.0598227882414503
3525.0597261517382,-0.2700968342246357,0.0418573770016735
3525.175935909328,-0.2595252752147326,0.0505553930252049
3525.354052411025,-0.2679100744817302,0.0432142506479658
3525.7059185683474,-0.2724809564392804,0.0397981430426886
3526.064011078328,-0.2512744796158828,0.0586136391227472
3526.15491314544,-0.2592042293696769,0.0509743653714378
3526.4421759905567,-0.2447405628296458,0.0658627786535342
3526.48763566755,-0.2669353378705476,0.0441896277763877
3526.5160121350973,-0.2694395427431071,0.0420445476645963
3526.9628390424105,-0.2744640215557916,0.0384570866518932
3527.0366921299574,-0.2542767606226179,0.0555576049599352
3527.4218211749644,-0.2730708599907301,0.0395355065576985
3527.629631255916,-0.2531680972681059,0.0567813211524784
3527.644138214931,-0.2637004691031748,0.0467904534467136
3527.906409808136,-0.2625082660657734,0.0482291308899294
3528.2963089656378,-0.259361587570113,0.0511546765672032
3529.0038774892664,-0.271213461094099,0.040846471187853
3529.0827678787714,-0.2386904131131028,0.0729477839481442
3529.2614286875405,-0.2803265365035373,0.0344659976471535
3529.281523864905,-0.2640808089398592,0.0465882635546358
3529.3555437926416,-0.2581109484335227,0.0520701318319918
3529.3711877526853,-0.2675606761037884,0.0438303051463081
3529.7205324633333,-0.2580381812893014,0.0521141669559976
3529.8393031537357,-0.2523947831604045,0.0575493140949082
3529.895021828975,-0.2509967678585406,0.0590647220248703
3530.367766135386,-0.2564404194596419,0.0535494379377003
3530.539266248664,-0.2401633115552243,0.0713253641630617
3530.59154649738,-0.2462617903732409,0.0641263270393265
3530.797968126428,-0.23846162280399,0.0732535826030081
3530.9196143342247,-0.2350473802729847,0.0775756487031155
3531.118448311751,-0.2768768324025718,0.0364646454352646
3531.591087833061,-0.2780804010910125,0.0360122962370677
3531.7061952689924,-0.2808131596805671,0.0341051926649296
3532.1104155445164,-0.2719934015768522,0.0401542679915161
3532.257794123833,-0.2816056356139019,0.033409509695497
3532.328170704918,-0.2481023511890706,0.0622576681437972
3532.949751961184,-0.2510883782062136,0.0590132074914862
3532.9768114401827,-0.2375378709319063,0.0743712609781155
3533.1116734317475,-0.2484537914812891,0.0619903758281819
3533.2741855368304,-0.2663753202234556,0.0449122656648922
3533.4364793638306,-0.2424194621968393,0.0683892055524489
3533.6066661132327,-0.2754057861105572,0.0378179725272224
3533.961008561503,-0.2743293978754297,0.0385600625565497
3534.466966951847,-0.2728909920878722,0.0397503068021484
3534.5082289539328,-0.2547645650935795,0.055262841358095
3534.6867495908405,-0.2725363767044365,0.0398422732680703
3534.7599334918027,-0.2691550135141342,0.0423377957519319
3534.781549616081,-0.2523761018249032,0.0575495221149401
3534.793351562387,-0.2499532750831058,0.060155378660736
3534.8699514161704,-0.2653479987662558,0.0456714153001699
3534.9974120303027,-0.266768363915586,0.0443635157049263
3535.054158952717,-0.2665217901740632,0.0445365589785135
3535.0596061179062,-0.2642493086302004,0.0463404547122008
3535.2955219620394,-0.2604601606720943,0.0498042626797656
3535.4111814830926,-0.2503031341659802,0.0599230169270844
3535.7470341378475,-0.2864774966268335,0.030360135270477
3536.189978007367,-0.2445436498465616,0.0659480700355541
3536.326350442428,-0.2555270239656464,0.0544337164091042
3536.331880798677,-0.2519273992086732,0.0578755756752133
3536.5854338988115,-0.2495314331095074,0.0607098740353942
3536.6804095733023,-0.250409050517192,0.0594745061110061
3536.87818421078,-0.2615031934129082,0.0488485947362417
3536.941812202637,-0.2660087855294734,0.045031365422928
3537.290714037812,-0.2691230041467961,0.0422758350187078
3537.3116643409853,-0.2447908898674435,0.0655686453942362
3537.594106084828,-0.2728359637292765,0.0395795012332619
3537.867479671463,-0.2486127148691186,0.0615553980950167
3538.040136616396,-0.2684004015218555,0.0431823748929773
3538.635526812828,-0.2533503770804755,0.0565837414354332
3539.315705596297,-0.2434392199264597,0.067076521279153
3539.333775429,-0.2626485318952785,0.0479183782251652
3539.424083276544,-0.2732194790461438,0.0391856088451641
3539.5142856229027,-0.2618435312315746,0.0484237495685207
3539.68529374236,-0.2522603689240417,0.0578506721521015
3540.3470177008144,-0.260862908027244,0.0494446841005014
3540.514460221248,-0.284180479331536,0.032024095816283
3540.9853257209347,-0.2703963911899142,0.0415368220327121
3541.1290067327386,-0.2774001904860722,0.0360693930700488
3541.1386104909484,-0.2640252752717211,0.046755267197929
3541.1594046027867,-0.2452880766922408,0.0652616546784605
3541.325848109605,-0.2915513029061048,0.0273943805664615
3541.674650408559,-0.2620034980632097,0.0485888318401791
3541.840870097983,-0.2500370538341304,0.060080907391199
3541.929083505708,-0.26411848150392,0.0465984930656891
3541.9537475028774,-0.2737609232015353,0.0390375743312111
3542.1582892879155,-0.2717481164805629,0.040365193155201
3542.355292449348,-0.2704556508147128,0.0413153933324996
3542.425349412778,-0.2397968317951267,0.0713392527904437
3542.805823070289,-0.2552482206275926,0.0546378324510003
3542.887947779975,-0.2446946799361321,0.0657554507407543
3542.950952721237,-0.2635600483333353,0.047365952547687
3543.1419598615794,-0.2714305455111343,0.0406101346427918
3543.248585813083,-0.2645406492505485,0.0462987313537412
3543.253582206124,-0.2585300423005069,0.0515285164688715
3543.2812685569816,-0.2783742617535635,0.0357339282506063
3543.389504321921,-0.26516751667758,0.0456081755757622
3543.7268327317424,-0.2835288222876158,0.0320196967805133
3543.925946308188,-0.2583291280056364,0.0516808876099486
3544.098910349359,-0.2533589720854757,0.0567245996924322
3544.1221727877937,-0.2554225254627625,0.0546279189000078
3544.1416470435893,-0.2618615692655514,0.0486243759158779
3544.2022064577573,-0.2463293351641035,0.063815805311891
3544.407309931602,-0.2647509991765422,0.0458982310924359
3544.522443185163,-0.2680419216349732,0.0434614794906152
3544.5796609229424,-0.2818133639071958,0.0334188015504109
3544.677368561212,-0.2729324550680096,0.0393033412712266
3544.817284157188,-0.25754842992785,0.0524834588901033
3544.908624046981,-0.2542972255353412,0.0557323888229026
3544.952122616992,-0.2714138563176988,0.0404151179696902
3544.9886028037404,-0.2531353201970711,0.0570754254575895
3544.995290995731,-0.2685747692140773,0.0430115047063988
3545.1541702105924,-0.2407368890494371,0.0703828030917845
3545.428316802164,-0.2613759841479302,0.0488846117686679
3545.4929058179364,-0.2604033991902512,0.0498781808376383
3545.617008504075,-0.2586442141878796,0.0516262077961256
3545.8592949944286,-0.2706820352422576,0.0414336612144831
3545.8607178284115,-0.2498304078866618,0.0603457417904276
3545.9183153674107,-0.2617338196202655,0.0489955377950614
3545.9315903875863,-0.2777658328681006,0.0360589327857974
3545.9888446880536,-0.2682624466932337,0.0430130112275232
3546.161660603774,-0.2550131335465888,0.0550910880730028
3546.224954922688,-0.2579129396873623,0.0521081792762972
3546.693380495445,-0.2668523659900135,0.0442589470638796
3546.878308291096,-0.2681580476214981,0.0435232306792524
3547.458430580761,-0.2840095444931192,0.0318599932106036
3547.528060832207,-0.2578809116501532,0.0521462726454564
3547.5342453856897,-0.2466822827893818,0.0638180135629446
3547.9050983335524,-0.2627929996734493,0.0478981851273964
3547.968178789716,-0.2400994846888407,0.0712919168671272
3548.315966329712,-0.2449682097124712,0.0654785319931821
3548.6561719912693,-0.2601096724715606,0.0502234960010464
3548.798739675843,-0.2707482709056621,0.0412185317608097
3548.8917788602325,-0.257226910125972,0.0530429390003297
3549.33429002028,-0.2613230153070069,0.0488959822152492
3549.4548667752388,-0.2518481348173577,0.0582673850722509
3549.7360778505963,-0.2466957774276923,0.0635479361592527
3549.751999878034,-0.2521911798266971,0.057637606576099
3549.808947747168,-0.2749359120727085,0.0380742640668893
3550.05746405438,-0.2609986529477215,0.0493673149078821
3550.079797584862,-0.2741079993416432,0.0385121900790873
3550.2737866212583,-0.2712066336733791,0.0407392637256785
3550.570919791167,-0.2840128560663833,0.0319056237794106
3550.7180725531725,-0.2716660898924812,0.040381303248309
3550.782080403382,-0.2664099125634626,0.0445157965455114
3550.8724555507747,-0.2661464155592944,0.0449648856487774
3550.8842410313555,-0.2463378572483805,0.0640416237161157
3550.9733984410536,-0.2614618779114128,0.0489949791851827
3551.2524386221203,-0.2658157215975317,0.0450393044138239
3551.4708426911084,-0.2814223746701944,0.0336122660565968
3551.543140193896,-0.2536058944349094,0.0563037761249435
3551.636810197233,-0.2662578416128368,0.0448252753466115
3551.6645621723,-0.2627018778241946,0.0480268313762223
3552.0625391017084,-0.2760482276984654,0.0373494568419902
3552.3092965571223,-0.2591485587721512,0.0510045718725735
3552.40884646736,-0.260890119024161,0.0496850210186886
3552.567946313345,-0.2741890681105696,0.0386209055535726
3552.662802866841,-0.2635079370188616,0.0473976437107335
3552.713507766883,-0.2507743886389496,0.0594096019868875
3552.84921558454,-0.2501888472883145,0.0596396315294524
3553.015435843811,-0.2462001761693668,0.0638987063808315
3553.155091164539,-0.2685788294804684,0.0429430911424962
3553.2837661003587,-0.2527016554526805,0.0571739269389534
3553.4716611273784,-0.2582596989039973,0.0517379042691416
3553.5604393782864,-0.2511857787578254,0.0586728127368499
3553.593435524748,-0.2566549758447013,0.0532055322419174
3553.610402482249,-0.2441963925554251,0.0663897372027004
3553.6164214953724,-0.258754388038791,0.0512055080932501
3553.686824974804,-0.2461338898558816,0.0642931989493325
3553.7314046089127,-0.2766933350280208,0.0369571748546694
3553.75234821441,-0.2594469615565064,0.0506294479201196
3554.007345170578,-0.2649559700985924,0.0460372759124098
3554.046536116865,-0.2601709065952224,0.0502627818872675
3554.775049189751,-0.2464352413402229,0.0640242511919637
3554.8714826061405,-0.2682407673886154,0.0430774682574551
3554.93255062124,-0.262177308435277,0.0481464606791309
3554.942738789399,-0.2640362444704713,0.0466981015538833
3555.0346751666325,-0.2394252090831141,0.0721870155753451
3555.046710810298,-0.2716590687545229,0.0405749310560116
3555.527255972181,-0.2551238314404836,0.0551481375246524
3555.8971993166247,-0.2699069144102238,0.041775593424772
3556.1971257777645,-0.2621786979268728,0.0483782180515525
3556.202912016459,-0.2488758299644547,0.0612198766340373
3556.366160569862,-0.2513316879582984,0.0587504213824511
3556.381877387448,-0.2688289128878088,0.0426257397863504
3556.670596386412,-0.2681561041169596,0.0432840874903062
3556.6874192863656,-0.2659110251947428,0.0450433446146136
3556.9331537927565,-0.2604989989188971,0.0496112828990718
3556.9909197193897,-0.2852885878157304,0.0312629031168152
3557.014113735729,-0.2786771344792465,0.0355076240869195
3557.060699122617,-0.2867234324310518,0.0301496344534715
3557.070293001497,-0.243698563050755,0.0672470099845666
3557.1764715059694,-0.2759777757761735,0.0373325369381543
3557.2236696374,-0.2583903741396907,0.0514300097414513
3557.23752206632,-0.2880514775824049,0.0294248143885668
3557.2420621079355,-0.285677334715012,0.0309303279470952
3557.445216770197,-0.2663182258025979,0.0447309671126769
3557.712933222764,-0.249776608016932,0.0601896866995721
3557.799379419285,-0.2741115044121901,0.0385072109666265
3557.8167087192965,-0.2760690820591914,0.0372561111452507
3557.893620382772,-0.2484689160199056,0.0618215588386766
3557.910664425996,-0.2648272903528911,0.045886729899207
3557.9685672882574,-0.2658917599415901,0.0451594916242199
3558.0529963823305,-0.2569992658753864,0.0530603951868127
3558.141946202954,-0.2432617754238253,0.0676161770048735
3558.5007989656733,-0.2918739194341582,0.0271493257406728
3558.571615070011,-0.2821967399734299,0.0329842794814735
3558.5992328475445,-0.2562922361213745,0.053548304775675
3558.71217005294,-0.2902411331441331,0.0283024597748728
3558.77551132147,-0.2635071051475588,0.0470279930662269
3559.1159452517904,-0.2835903084938269,0.0321165568160224
3559.131693966676,-0.2686129450034658,0.0428355326182105
3559.14654534874,-0.2623027717062544,0.0482455771278087
3559.240113144333,-0.2723883279438375,0.0399472549002727
3559.3040204627805,-0.2786864496780885,0.0355558668133433
3559.4786966796314,-0.2624883549693176,0.0481073935833934
3559.5449058389217,-0.2531313366313182,0.056985576406071
3559.6483319597005,-0.2678820902848686,0.0434658357024836
3559.765120720421,-0.2851190068481937,0.0312221765455872
3559.8202184096726,-0.2666732990825733,0.0446080818685182
3559.94265411006,-0.2700804241449896,0.0417059079301096
3559.975545738544,-0.251749953920171,0.0583094274681833
3560.0458727022647,-0.2515278566348587,0.058305958967687
3560.103086946837,-0.2748840103182799,0.0382818531560471
3560.1410456356643,-0.2653293233781523,0.0455202110438538
3560.308015853803,-0.2722089293724882,0.0402414102827427
3560.331481143428,-0.2562630966365204,0.0535470226868035
3560.4999024561416,-0.2677397970300219,0.0433502244078597
3560.556113862407,-0.2549113121487315,0.0551771923478671
3560.616805660772,-0.252040765591171,0.0581428025620223
3560.7032932940497,-0.2686715163971538,0.0427257730034557
3560.8416024417825,-0.2579497530890993,0.0517312692316981
3560.997904008777,-0.2873782997421972,0.0297435672283169
3561.2654124683168,-0.2451041851672847,0.0653211353309944
3561.2777415857395,-0.2561867877353188,0.0539100799013514
3561.3409772634363,-0.2677209861884654,0.0436744364415524
3561.375277962337,-0.2569474990136046,0.0529644085736057
3561.7051787389746,-0.2714809034899473,0.0406147437180374
3561.733658290468,-0.2737390865633767,0.0390769459225832
3561.794388349738,-0.2719787259206355,0.0400295388574039
3561.795658498027,-0.2715501736433844,0.0406129308560757
3561.963619767163,-0.2683141295907221,0.0430260036198299
3561.9919715448164,-0.2579458061058406,0.0520379331186321
3561.9961802005723,-0.2724056856212684,0.0398386148778654
3562.0872033269984,-0.2543748280533949,0.0558763319255173
3562.157275828166,-0.2721541552427058,0.0401406970817744
3562.1812982489128,-0.2826758820034339,0.0329398216334597
3562.191804281933,-0.2669440141384067,0.0443303743569878
3562.307307067068,-0.265327951975158,0.0455783295239326
3562.307530574108,-0.2738398011259189,0.0388809740865582
3562.32626951327,-0.2522877689438099,0.0574427020653209
3562.4503787199906,-0.2546871034157408,0.055491332666399
3562.466315782861,-0.2661349015693185,0.0448943938348338
3562.5764232507536,-0.2466102442784619,0.0635308483242854
3562.6191374316145,-0.2717639844967733,0.0402741465419081
3562.723420748008,-0.2607597067407274,0.0494630473493693
3562.778153780644,-0.2704402400030027,0.0415224900711948
3562.8185024714307,-0.2633904966302841,0.0470862994320321
3562.873676335164,-0.2766329287055683,0.0365457176246689
3562.9130203518607,-0.2543697913643998,0.0556667262515512
3562.942563194465,-0.2598804487415871,0.0503239270732145
3562.9536007762104,-0.2704604871812746,0.0412531515264384
3562.968622638657,-0.268176833625343,0.0431174776228937
3562.9750561207284,-0.2640872808340977,0.0466874647041079
3563.032520188216,-0.2626186607418496,0.0478120846776803
3563.120217526182,-0.2706050238991584,0.0414405211774578
3563.161821956808,-0.2632036665435865,0.0476046620360673
3563.2549109371184,-0.2775130867860634,0.0362351314330857
3563.2937615535434,-0.2692406537847977,0.0424905368462885
3563.3709809596644,-0.2684847918466574,0.0429037689952082
3563.3906695564483,-0.2739244876720893,0.0386579033838914
3563.5143882729826,-0.2697153413675895,0.0420458129788357
3564.023665044711,-0.2622551147262975,0.048309875460775
3564.3669190696933,-0.297759689785566,0.0243196907969489
3564.4460740253207,-0.2731247937732801,0.0393710226033219
3564.481092752038,-0.2753848549523818,0.0377631958587396
3564.5676386835976,-0.2614632230942594,0.0491143868430762
3564.6110569040407,-0.2578955878791772,0.0519762133942729
3564.7703002942108,-0.2597806178657233,0.0503173973817044
3564.841933031585,-0.2832403515512722,0.0324827708133417
3564.8849891145283,-0.2537158224679423,0.0560616269177796
3565.0050584157184,-0.266589572771272,0.0445304361831093
3565.017523477132,-0.2473171704398055,0.0629104506060713
3565.051840875297,-0.2754663206609297,0.0375646921710732
3565.233025100498,-0.2734964533057488,0.0390526637039674
3565.2347659823645,-0.2698324876079352,0.0418929816218951
3565.6249229492364,-0.2836197868423128,0.0323128520000718
3565.7731863500926,-0.2683537049018247,0.0432483451657908
3565.9156020424666,-0.2634208645900768,0.0471521292460054
3565.9431588521597,-0.266951679025137,0.0440449149183756
3565.9758503460616,-0.2772218277721164,0.0363922630073188
3566.163961014549,-0.2618308349072255,0.0485576297667742
3566.184730667872,-0.2527253849233067,0.0570705685884587
3566.194072186051,-0.2607439596999166,0.0497287073792989
3566.347766020988,-0.2580627114749333,0.0516743089686942
3566.4354646191737,-0.2682823739765009,0.0430938861353123
3566.638467149763,-0.2697148692863386,0.0419210675621794
3566.7574856351357,-0.2619299967714598,0.0485909590695898
3566.7583231023973,-0.2591423277145125,0.050948044454904
3566.767877653288,-0.2747579354125497,0.0381937094535119
3566.9416323003165,-0.2740783265098195,0.0386487144157178
3566.973476069579,-0.2503813186101534,0.0597087408906159
3567.009772306389,-0.2750651243896049,0.038226615631901
3567.0465487470174,-0.2857329038678151,0.0308519587532332
3567.234496606356,-0.2737983837475942,0.0389837661071807
3567.2471548324247,-0.2697664408535424,0.0420153258520732
3567.308564544168,-0.2639342422440681,0.0469968855617934
3567.50513680032,-0.2692078893525748,0.0425727350453181
3567.5667199647,-0.2704759079913874,0.0414043725801093
3567.6763237019977,-0.268265544788569,0.0432548248492075
3567.895397635245,-0.2785664679544955,0.0354716393434343
3568.1102762781597,-0.2627310267934902,0.0476761333371892
3568.39074978658,-0.2491729688245473,0.0607866573939655
3568.414885708009,-0.2656872937552306,0.0451372624561047
3568.428874034949,-0.2799073099093134,0.03468817552078
3568.4330704370736,-0.2664655963324631,0.0446871102076283
3568.821130357276,-0.2746247630602658,0.0383483339187976
3568.8488372857933,-0.2641969936290768,0.0465681422600348
3568.8695620549474,-0.2434744571622467,0.0670660613466481
3568.947260373639,-0.2542355329356872,0.0556445853541569
3569.000428919281,-0.2585629282152909,0.0516806334349324
3569.350960545689,-0.2582162579518884,0.0519293550666879
3569.3535831139466,-0.2606471159611589,0.0494881086779002
3569.428729411004,-0.2646370943423579,0.0460935474462308
3569.43454406701,-0.2737938132583552,0.0388624986290582
3569.46120867662,-0.2755386781340371,0.0375929738052527
3569.613732397944,-0.2748799517858625,0.0383684591266827
3569.684216794619,-0.258715567497672,0.0512361868561976
3569.811477411502,-0.2576802077087304,0.0525857795073828
3569.9252821902883,-0.2598056269254531,0.0504830978215111
3569.963176978788,-0.2653505050311365,0.045715826654296
3570.067442340554,-0.271428367991942,0.0406378405713857
3570.123694477894,-0.2710196654346614,0.040848940117895
3570.1253852915875,-0.2693068590982179,0.0423015410261251
3570.354266396941,-0.2710186381823907,0.0409256714824445
3570.379379393387,-0.2798222374374893,0.0345230161197002
3570.5440933244718,-0.2645517531527422,0.0461399029708105
3570.5752735656083,-0.2634884570474154,0.0471001898068977
3570.607120081815,-0.2930220751233929,0.0267287082544528
3570.6752861075743,-0.2528867919944559,0.0570276799573229
3570.789268607514,-0.2710926793701222,0.0408457584570971
3570.8006197695936,-0.2709735587390843,0.0411932346568525
3570.8129817389868,-0.2801367047936719,0.0343267674122813
3570.827636444505,-0.2793509376605955,0.035061219481703
3570.8377757280127,-0.2709249659941873,0.0408598906183314
3570.9469366652825,-0.2577262608047957,0.0525376067538256
3571.0553837710368,-0.2724714320093907,0.0397429297882476
3571.471095748543,-0.2627844330757633,0.0476147816337321
3571.4846949190146,-0.2689081242017783,0.0425521555057412
3571.52546645899,-0.2536419257252328,0.0564731008763682
3571.762103741493,-0.2711369420964328,0.0408949532804092
3571.766461159363,-0.2593606551490885,0.0508371543264808
3571.9804669969267,-0.2711218991206694,0.0409475553620514
3571.992083939339,-0.2682442783036354,0.0431716759686867
3572.160609471438,-0.263588055454964,0.0472360702459369
3572.309657902983,-0.2607114816442356,0.0494832742625099
3572.5259302382,-0.2570790941884013,0.0529110156124281
3572.570557735139,-0.2503174083785458,0.0599107129316786
3572.628388687653,-0.2731416319508474,0.0394475138398106
3572.70382707016,-0.2643305483043629,0.0464167654315356
3572.9007454026214,-0.2546161870977702,0.0552193740478047
3572.9447113052133,-0.2672508039307654,0.0441192988373412
3573.0284519691404,-0.2738935011829878,0.0388170527306153
3573.1069090192477,-0.2741580917995687,0.0386295037940705
3573.149180291994,-0.2515431267514371,0.0585796016096801
3573.170911093337,-0.2729051481362838,0.0394418636970853
3573.250430309335,-0.2715594037196143,0.0405425634725459
3573.769369346521,-0.2634800011677504,0.0470763475823006
3573.9862531496365,-0.2699093889616127,0.0418945227879948
3574.036481899724,-0.28264382695004,0.0328870348735213
3574.067099246902,-0.2709885005189946,0.0413091423832314
3574.101845449001,-0.2704555676515769,0.0414821068106673
3574.302935943592,-0.2713634305230323,0.0406722460727214
3574.5102808415536,-0.2820744991212722,0.0331766645200512
3574.5581001488763,-0.267584146217441,0.0437310443276894
3574.8501827378927,-0.2709492629435268,0.0410700966667291
3574.8680199010446,-0.2552424251290616,0.0546991074520578
3574.879731256852,-0.270465763924092,0.0413978463126758
3574.9633599966496,-0.2745248276085222,0.0381935427114911
3574.9984227002883,-0.2498743264772503,0.0603846314476956
3575.1138395433004,-0.2573524357346187,0.0525575907556766
3575.1710941090246,-0.26240247492982,0.0478880221828506
3575.1743315155286,-0.2655599285390513,0.0454439266484882
3575.2232658614653,-0.2671452578969472,0.0441191319706714
3575.268195347448,-0.2577175543399673,0.0524590749883547
3575.3084858943216,-0.2670588089403293,0.0443239508417233
3575.502219684532,-0.276278546229369,0.0371751619831894
3575.5714743392705,-0.2591324337172448,0.0512876994695701
3575.779883985662,-0.2774373875008333,0.0363403632974344
3575.825817999076,-0.2755521740688095,0.0378443327305852
3576.369580487561,-0.2845609088060351,0.0317469843324632
3576.4073069443207,-0.2642340571877874,0.0463817091755558
3576.412640527772,-0.2630031117294921,0.0475239212180402
3576.4310543649585,-0.2689743894862988,0.0426249982042472
3576.440068846845,-0.2643391562100273,0.0464422609212624
3576.583040234686,-0.2588384871249923,0.0513136616941659
3576.8088207385345,-0.2502767323785244,0.0600234860135156
3576.8872159830457,-0.2705284650242417,0.0414753650194713
3576.958667652586,-0.2766185611656314,0.0367953466116069
3576.961217596217,-0.2570569877869532,0.052950289462748
3576.9833011702626,-0.2954264776161803,0.0254542129403944
3576.998129700693,-0.271657159207664,0.040391866241243
3577.0298093521114,-0.2528184160038745,0.0569963597491935
3577.1056877404503,-0.2739577642448881,0.038707908930147
3577.1246632020525,-0.2761893271970723,0.037073149551515
3577.2445140118466,-0.2595426264794817,0.0504372351285091
3577.300408112552,-0.2556188440254708,0.0541990201395851
3577.361823632889,-0.2768592273300324,0.036780422827337
3577.46147787903,-0.255413319529871,0.0545226325818494
3577.498460352021,-0.2488168970333047,0.0611382732867849
3577.7076654292723,-0.2630722710403393,0.0473760596889041
3577.9568468711946,-0.2830216359427563,0.0326544511178501
3577.9656629567826,-0.2593279015846915,0.0508266645342189
3577.983668091481,-0.2428777184864906,0.0677848520990259
3578.0603633235046,-0.2639982914517187,0.0466424570083578
3578.088122771296,-0.2759618452830071,0.0371854711823951
3578.1114695929937,-0.2848759369025879,0.0311459795927443
3578.3718706337486,-0.2448879721023294,0.0656737521732972
3578.4882745042078,-0.2683705945994617,0.0429219202377658
3578.557901524328,-0.273665830282401,0.0390066629441418
3578.582620840554,-0.2762301651710336,0.0370008772104789
3578.604126140086,-0.2874172970882808,0.0298620395200356
3578.651423789306,-0.2686811752850458,0.0428481076189954
3578.7973037493325,-0.270767508537978,0.041216892044157
3578.884588585236,-0.2804607800102116,0.0341755641012284
3579.033832274973,-0.2555730246571104,0.0543022305230594
3579.149546970547,-0.2634044419664241,0.0471970342763008
3579.2843080707703,-0.2748419273238188,0.0382139322084619
3579.32840541611,-0.2720784847708098,0.040265372542997
3579.4899316100045,-0.2608206854767387,0.0493506856015102
3579.4909287338583,-0.276542506885847,0.0369652776984805
3579.524636449259,-0.2584529706116553,0.0516208373798801
3579.560518951486,-0.2722274338814179,0.0401355555004582
3579.6804526880155,-0.2753194523994196,0.0378623612428146
3579.8206444750317,-0.2626859208277132,0.0478127473068775
3579.867908825246,-0.2760528004218557,0.0372297341428752
3579.891769478544,-0.2888661430264708,0.0290250940732126
3580.059678521567,-0.27504055694236,0.0378958524308579
3580.148902344903,-0.2756484226535963,0.0374657270755644
3580.2844992117302,-0.2517082091170755,0.0581000512877746
3580.315507356768,-0.2698412784561511,0.0420260186664296
3580.5094355518822,-0.2966150611002152,0.024816859524182
3580.554779609919,-0.2571291558928489,0.0527319442407407
3580.556111352858,-0.2679528214806054,0.043271092109244
3580.603976804747,-0.2549733283732273,0.0550621308394911
3580.604166465256,-0.2729925060686723,0.0394008326445237
3580.93479522548,-0.2758599127231875,0.0373481024027313
3581.0755095956943,-0.2909291771021574,0.0277580037103155
3581.240295773913,-0.275549713225275,0.0377729249599109
3581.262452952368,-0.2791271282564939,0.0349906732212645
3581.266334616605,-0.2874942588345872,0.0299188437177098
3581.3688926780464,-0.2769237935936806,0.0366753414381533
3581.477586095919,-0.2613004294511865,0.0490140374775644
3581.543923028385,-0.276064065796318,0.0373047483622363
3581.5569069153653,-0.2899294831358773,0.0285108747289391
3581.5919063552365,-0.2570339154894634,0.0529350595680152
3581.684000375736,-0.265799467095786,0.045050712983029
3581.958513974315,-0.2602865860109054,0.0498770689342898
3582.034047964958,-0.2652829505637845,0.0455370483983736
3582.2324365368067,-0.2539786866645616,0.0558721143964148
3582.288847663881,-0.2606245520403422,0.0497339679290823
3582.414580421816,-0.2573968217831837,0.0526990590062785
3582.569069601853,-0.2595009097543648,0.0507237005716149
3582.65432009144,-0.2629504008831781,0.0476435955778482
3582.708265588294,-0.259802877769876,0.0503784554741676
3582.7726062242878,-0.279661774116812,0.0347266792930034
3582.821934292598,-0.276828389849431,0.0367221081082484
3582.8285333866247,-0.2819057008336416,0.0332284372825578
3582.863526983951,-0.2637236699539161,0.0468773001785848
3582.863883935946,-0.2887022512088283,0.0291070364568418
3583.118849919469,-0.2688243054395645,0.0427998543143945
3583.151261102379,-0.2492512641441187,0.0607192810963412
3583.2131674694456,-0.2693716966737508,0.042445484149364
3583.282210934474,-0.2770610833733216,0.0364399220206115
3583.322895662124,-0.2855014279268261,0.0311348309541656
3583.387092984281,-0.248855050721594,0.0610479930719024
3583.486919148136,-0.263679892699424,0.046974915494702
3583.619551713306,-0.2559397553822967,0.0538399100739529
3583.767265295808,-0.2598088850334925,0.0504160311384408
3584.046428413401,-0.2593479087025178,0.0508387633166098
3584.0871873751903,-0.2670609656884048,0.0440235529123459
3584.1300486220725,-0.2771048200461991,0.0366793042467935
3584.15019062058,-0.2749910395717558,0.0379909779769025
3584.36128769898,-0.2554355945568987,0.0547892017028021
3584.5200591291514,-0.2742063005683117,0.0387078383839834
3584.6377538410984,-0.268800707224884,0.0428344196637632
3584.692388062866,-0.25464515054073,0.0550622967588028
3584.752464635521,-0.2653892279511331,0.0455150434304656
3585.240404208885,-0.284894752093504,0.0314273839202343
3585.281719961136,-0.2809578753210636,0.0338035450252041
3585.4029676042005,-0.2550041258564063,0.0547711209135759
3585.40379001681,-0.2549217537838574,0.0550423617654417
3585.5764680252846,-0.2651231848303375,0.0459182810087949
3586.017441414646,-0.2649861651527704,0.0457167918382979
3586.044777102914,-0.2724614366042139,0.0399449136645098
3586.2623396503177,-0.2678568334819389,0.0435177806628866
3586.2998184393023,-0.2720126247445695,0.0402399763027807
3586.480108262667,-0.2760747438159688,0.0372646571131135
3586.498987276554,-0.2585164699100065,0.0517591605302631
3586.499986941975,-0.2651734318230619,0.045575850659953
3586.718397983564,-0.2574009083164095,0.0527608251740063
3586.733362647284,-0.2599551798371,0.0500867321970023
3586.803791993891,-0.2609154477219991,0.0498583874974917
3586.8128074768056,-0.252358249924308,0.0576343487155928
3586.8357339112777,-0.2730539847816929,0.0393517897334559
3586.908941206331,-0.2664170383404559,0.0446467964805353
3586.964302100056,-0.2825178435259799,0.0327142617437896
3587.0682003791853,-0.2658234398459347,0.0453270585151189
3587.1276507715843,-0.283280061566896,0.0324953776898539
3587.243639377027,-0.2775203283882662,0.0361787633348147
3587.342666806681,-0.2742460323176687,0.038753127319953
3587.354378421624,-0.2713420478615903,0.0405284725802547
3587.724432293389,-0.2630574055207426,0.0475131760844591
3587.7416332367898,-0.2775703579305699,0.0361167998196278
3587.7928610352765,-0.2755718741567148,0.0378407176802805
3587.797247448364,-0.240651116055782,0.0704379911137253
3587.82468874283,-0.2732281936727765,0.0393944375973212
3587.834832144606,-0.2770619160423999,0.0366510897705527
3587.912151536146,-0.2548782926654591,0.0551603388382879
3587.928884987966,-0.2829762062964462,0.032474883407125
3587.9399643977463,-0.2730313494421669,0.0393602854903809
3587.957839585676,-0.2619176031848051,0.0486658783509866
3587.969736989693,-0.2621424331231867,0.0484758251218464
3588.2516946471724,-0.2713751301331584,0.0408938080512884
3588.2695165763407,-0.2625356706614,0.0480712073587744
3588.2716162366783,-0.2798757757989295,0.0346003285902585
3588.369553219175,-0.2730089733682453,0.039397502055214
3588.452851083472,-0.2867705473951293,0.0301289235830032
3588.5511616476438,-0.2701838127042738,0.0417992859079652
3588.7267711247164,-0.2707970152242441,0.041149209960681
3588.8316534403352,-0.2816701171579268,0.0334368504503741
3588.869505423157,-0.272520130418547,0.0397070911930449
3588.9694027144824,-0.2804214610190362,0.0342431836502521
3589.051723251284,-0.2637119492117268,0.0470243183663955
3589.100778340905,-0.2809594433946041,0.0340382463060028
3589.2024986708834,-0.2797749948887181,0.0347170801516672
3589.20638660065,-0.2721849562356843,0.0400436383521059
3589.267800654782,-0.2893974040862162,0.0286465948043328
3589.3232910531688,-0.2851617471580879,0.0311260222157509
3589.346502225264,-0.2488690877194833,0.0610991706953996
3589.5660122522977,-0.2692421081076546,0.0423466275565436
3589.566210201106,-0.2496007892128364,0.060315878801928
3589.6101221747085,-0.2869426913267833,0.030162596393727
3589.6578523737794,-0.2614576793419797,0.0489772466746657
3589.7038528098888,-0.2566297027129686,0.0535939779804087
3589.8622273864094,-0.2595969392493082,0.0504901314883729
3589.8858114286545,-0.269685415001066,0.0420778272077875
3589.912885202442,-0.2841942350865487,0.0318022811871927
3589.9901042667343,-0.2790802820883335,0.0351863319925803
3589.997597904813,-0.2492100088590942,0.0608526967585843
3590.0585557601653,-0.2898955534054887,0.0282827713300272
3590.1567515395764,-0.2629679235259549,0.0474791906195493
3590.197638086343,-0.2631300030228299,0.0474582589998024
3590.278874109767,-0.2697409366608842,0.0421541042646552
3590.564767511772,-0.2713744403238797,0.0407569870958523
3590.600247760052,-0.2707573258222774,0.0412755513401152
3590.6186406947504,-0.242695953539692,0.0681083652657826
3590.653162449827,-0.2623549229261525,0.0479772813316558
3590.707802492931,-0.2558032314491092,0.0541809266606709
3590.879345329138,-0.2670759025235419,0.0439796500831754
3590.9681835733645,-0.2656242730864039,0.0452679873119206
3591.034159937696,-0.2686490377301025,0.0427127886934324
3591.1226609266982,-0.2593168371692326,0.0508183099978558
3591.3631105757427,-0.2574637553957816,0.0523596776245819
3591.43622895256,-0.2587470370291345,0.0515075910321234
3591.4473042599247,-0.2777511868472395,0.036030449760786
3591.553000114484,-0.2795273970586374,0.0348796883606108
3591.5849534362947,-0.2849610153447282,0.0312841207760694
3591.683100004579,-0.2665620945945884,0.0445763428262318
3591.726940337949,-0.2814107866365363,0.0335312028548335
3591.9794765051365,-0.2619685478677456,0.048366012808536
3592.0071061638496,-0.2706463068338506,0.0412374263333
3592.069514971984,-0.2621108913487573,0.0482856043798055
3592.2010739745024,-0.2762354156686132,0.0371085922036992
3592.2646115439925,-0.2593761089429627,0.0506637304706342
3592.320721657857,-0.2709517373179247,0.0410236836906851
3592.440978113148,-0.255329401327338,0.0547277829513794
3592.527048498215,-0.2718516841386398,0.0404730347870892
3592.61076566588,-0.2595071411928024,0.0505461683299451
3592.7807680592887,-0.2813103947682594,0.0335098872713371
3592.967237860908,-0.2748579697859871,0.0382126991346934
3593.076030594602,-0.2797077661106985,0.034930974397068
3593.1324892920143,-0.2625567352673082,0.0480576194390842
3593.2130600851697,-0.2557489239832416,0.0542028666081337
3593.298407037156,-0.2647691228043058,0.0461616233187988
3593.3841700939624,-0.2689730163986445,0.042775818075272
3593.4170787297967,-0.2676320596601812,0.0436830096832759
3593.546885137858,-0.2399050861757611,0.0717200162802702
3593.8180516983266,-0.2598189118087922,0.0503917830537747
3593.8627412654,-0.2456507749566751,0.0646689691110892
3593.9109932163565,-0.2776419347589992,0.0361726448674351
3593.981935834021,-0.2714029919425889,0.0408371128030856
3594.1618086762537,-0.2638944766386967,0.0466504017552829
3594.420866492491,-0.2613001465372841,0.0490082945214466
3594.522210257555,-0.2848537510149724,0.0314561995093443
3594.556142938908,-0.2589393264737051,0.0511418305687094
3594.7729159553887,-0.2552247887753047,0.0548367943942613
3594.815814293601,-0.2564560177184588,0.0537293955030706
3594.9828039527742,-0.2733500042697127,0.0390521588324525
3594.983504651895,-0.2832002323821975,0.0325710739015509
3595.029520292376,-0.2613957995404541,0.0487967040331761
3595.050077527114,-0.2654861034809035,0.045377270959462
3595.096639788143,-0.265423126025859,0.0455871769403391
3595.285024367243,-0.2727690104234445,0.0397102819290548
3595.3905039378733,-0.2617241265703635,0.0486507674915849
3595.4310924621727,-0.2699279306446728,0.0417119089562224
3595.4435847580944,-0.2770585993744344,0.0363011717092908
3595.445494572465,-0.2662134833151365,0.0447402945425238
3595.557063744848,-0.2494305899684215,0.0606126528201697
3595.666447028872,-0.2530193510552228,0.0568352227003261
3595.676756232962,-0.2722289496950929,0.0398648491012602
3595.817689424599,-0.2796628462097598,0.0348742385625386
3596.1236646901666,-0.2802473450885167,0.0342645208715716
3596.3920947693537,-0.2820367656083053,0.0331271449948422
3596.392299497405,-0.2577176904894768,0.052319452268212
3596.499807105761,-0.2599235202630156,0.0505773279475393
3596.501598833431,-0.264109065895065,0.0467238988449983
3596.517212060968,-0.2905321356256728,0.0280815017409966
3596.606131183642,-0.268726707440618,0.0424958473702669
3596.8106566622346,-0.2803975607440589,0.0343070449929178
3596.957541560764,-0.2674415860580307,0.0438221441400746
3596.979315498639,-0.2735249272924203,0.0391327299063175
3597.0963136515334,-0.2792634726922955,0.0350056207212693
3597.1302750437235,-0.2789555688863393,0.0352891943469834
3597.2906007766096,-0.2593323224701703,0.0509216099269901
3597.3604221585933,-0.2622898943551134,0.0480740149925697
3597.478285530796,-0.2770743751606113,0.0365164947513468
3597.5013854471645,-0.2847311429531405,0.0315077320555005
3597.5623497528004,-0.2526019878360138,0.0572912275036435
3597.5800206524373,-0.2688130897916546,0.0428761204839273
3597.7498901418558,-0.2638784299247927,0.0468117174211186
3597.768934069846,-0.2626502333118799,0.0477946690648196
3597.7691686562443,-0.2706854448082278,0.0409893123553222
3597.863994960785,-0.2556690714597433,0.0541510378201099
3597.92484991409,-0.2612439410518988,0.0492202797858921
3597.934890971584,-0.2869267914780026,0.0303733761916744
3597.984733679888,-0.2427789805967841,0.068187712788823
3598.148380144286,-0.2691870068387225,0.0425159351445019
3598.1582444849905,-0.2564509927598696,0.0533973544189531
3598.160277316017,-0.2802397782451629,0.0343235143946404
3598.186980824776,-0.2693291000608578,0.0424025811643654
3598.235147015834,-0.2877166171221495,0.0296186608136313
3598.2655142673243,-0.2382959315521638,0.0736059406098308
3598.304561427896,-0.2709467221625674,0.0409534751027595
3598.3112443929867,-0.2605147789117869,0.0496952816366552
3598.355351948861,-0.2926373825639264,0.0269820959122497
3598.4713927113303,-0.2688613852338035,0.042693219327995
3598.531308242756,-0.2422707162173004,0.0685981223975548
3598.5363321488294,-0.2902611528524829,0.0283031104572754
3598.623429276216,-0.279801560153319,0.0345030209943478
3598.7293656981265,-0.2694725001571764,0.0422745054788029
3598.7393564490526,-0.2607986325058215,0.049383698536557
3598.838549160402,-0.2676175444081038,0.0437860536968791
3598.845878654517,-0.2741446203809263,0.0385166096492803
3598.8802932604144,-0.2581927728644461,0.0519115340596319
3598.9891109514624,-0.2783063510532181,0.0356751957070394
3599.210137793048,-0.265891574428472,0.0451154978519239
3599.404326540319,-0.2846998751528842,0.0315220839641041
3599.6203377555235,-0.277927814812028,0.0359953808643606
3599.62997501966,-0.2561313010560793,0.053965042339238
3599.6550986891643,-0.29453041965459,0.0259335251834046
3599.7410439531,-0.2852697111399721,0.0312350905069266
3599.866418337772,-0.2609248170966091,0.0493004949385646
3600.0417609727506,-0.2475968354093862,0.0624472030337685
3600.163954877217,-0.2643615614243661,0.0465790460234128
3600.1905275587374,-0.2693894278698984,0.0420431311544285
3600.2157656535287,-0.2605067012571533,0.0497351195155583
3600.316320842045,-0.2946470154139012,0.025746023085898
3600.395360408088,-0.2687018815178899,0.0427785089764284
3600.7095376189,-0.2669775257784765,0.0440497563275578
3600.854123206706,-0.2798078766938418,0.0344749729540538
3600.863522016577,-0.2715261512522621,0.0404835259696954
3600.901809226716,-0.269952533745647,0.0422115251058493
3600.912855129078,-0.276233019955553,0.0372507309904715
3600.9807334483694,-0.2693705924095543,0.0423852181102421
3601.0078295118874,-0.2600201868563228,0.0500772703532119
3601.170053545611,-0.2727305519382513,0.039501641920513
3601.1781181591227,-0.2743346188304962,0.0385880986707736
3601.192589070032,-0.2586336365611935,0.0513921124633437
3601.2106597184475,-0.2785170969353631,0.0355704437235155
3601.400272270482,-0.2700575552873178,0.0416738451263703
3601.426372646472,-0.2597013225078388,0.0506014062126091
3601.5162047705444,-0.2816399892735223,0.0334480660078387
3601.5233768778044,-0.2674527861734125,0.0438517033888381
3601.564847776553,-0.2584535508356725,0.0515883779925477
3601.632769240878,-0.2867149145158721,0.0303555846581091
3601.6740977908603,-0.2839893908565236,0.031938664409686
3601.714120812262,-0.2466934823465557,0.0632475695434038
3601.807108585884,-0.2606367621679928,0.0498013118034356
3601.946150904883,-0.267804685907186,0.0435812130015183
3602.175530448093,-0.2713722088311316,0.0409015251077437
3602.1956418228638,-0.2441010433583955,0.0665382958868309
3602.2681355336617,-0.2744062335754283,0.038281564606596
3602.3204423760594,-0.2701794982517501,0.041929232412246
3602.363302597485,-0.2751846910996844,0.0378203007622303
3602.4754850213785,-0.2805059396157931,0.0341921352398534
3602.516793743118,-0.2607462594215587,0.0494254435463135
3602.556281657925,-0.2536816995358106,0.0562617021417581
3602.573031146528,-0.286393995300542,0.0303386423847667
3602.600520872521,-0.2917280115393305,0.0274032777651726
3602.7367767883247,-0.2717646128851672,0.0402426614718741
3602.7695607352,-0.268690273166197,0.0429057160778948
3602.809859417301,-0.2767541493233056,0.0368297987548887
3602.927418930673,-0.2695566166192469,0.0421721967059067
3602.9499085454368,-0.2430515687294325,0.0676554608201512
3603.185933794228,-0.2505457598709781,0.0594825696029691
3603.2269731677816,-0.2840988399513642,0.0317797600111652
3603.367849295813,-0.2646820593074853,0.0460751275873408
3603.4294310053406,-0.2772838640311506,0.0363570092231638
3603.4486022614096,-0.2627565526246645,0.0478928535500283
3603.644643898952,-0.2755056070975721,0.0375293886263085
3603.802804034401,-0.2735057168863088,0.0391048930529444
3603.881055419435,-0.2532507136977855,0.0566634667275704
3603.935641849396,-0.2592899012602067,0.0509031274362544
3603.955897624095,-0.2574353324006616,0.0526168134115405
3603.967911548933,-0.2894253759796253,0.0288015356346707
3603.991498295745,-0.2605748368740338,0.0499351871050902
3604.0217287474256,-0.2696940943782829,0.041849341483695
3604.1034650522297,-0.2581178655007236,0.0519240414263602
3604.147900713965,-0.2537976023605175,0.056211192961967
3604.165589727897,-0.2763641721744895,0.0368927891858698
3604.188942207287,-0.2713890760159035,0.0407674885732605
3604.248844988993,-0.2569258488288642,0.0529400588367742
3604.4035026737424,-0.2748971520144723,0.0381958494789981
3604.512674873703,-0.2811114536980293,0.0336342649551433
3604.753602008853,-0.2792156186423069,0.0349372690105266
3604.82179223173,-0.277748972523016,0.0359638868238425
3605.200694383603,-0.2570897088674564,0.0529006328122211
3605.23825702025,-0.2818393686613317,0.0333833453966142
3605.379581088073,-0.2583138526395224,0.0518288418000752
3605.4173325851534,-0.2759075219161004,0.0373240734056845
3605.438679116246,-0.2619559791867801,0.0485175530822028
3605.479603641623,-0.268068293168769,0.0433394331750337
3605.5302978438926,-0.2799290581186867,0.034674723798901
3605.537464903209,-0.2750587796206722,0.037853978558322
3605.692321718526,-0.2739008799953822,0.0387133868052372
3605.706592631115,-0.2572287576219394,0.0525689253450566
3605.7088200228727,-0.2680697993513067,0.0434022286439052
3605.727127457737,-0.2559794202572241,0.0540839681602457
3605.83458257318,-0.2651447485922123,0.045797091098785
3605.8825676796137,-0.2746595044495454,0.0381710285352981
3605.9522051990175,-0.2659179057674825,0.0453250592558455
3605.968019524292,-0.2652659318564342,0.0456085909758316
3606.256506149108,-0.2857693662196441,0.0309109891220564
3606.2831150978927,-0.2468171036186022,0.0633089360196634
3606.2844221679456,-0.246563565303654,0.0638595032322076
3606.338127885944,-0.2531869422046173,0.056756174435889
3606.670864908632,-0.2546082198708014,0.0555961576210913
3606.6986255756983,-0.2748365363113124,0.0379500940985826
3606.870997025445,-0.2654950062684594,0.0454661598862239
3606.887947837737,-0.2772404450184232,0.0362533218165441
3607.024385114496,-0.2361379277318601,0.0760710013632621
3607.036793099641,-0.2576990346196094,0.052349014193422
3607.0674216700136,-0.262427377525262,0.0481132623331688
3607.152169786071,-0.2696263046902005,0.0420764887516289
3607.4587669872126,-0.2740571081204489,0.0385260037037409
3607.4640646883104,-0.2779186987681972,0.036157917351543
3607.749754022204,-0.2845612242189293,0.0315866634040428
3607.768363122722,-0.2624258447811434,0.0478805902851775
3607.857194645128,-0.2590968661378614,0.0511960435641222
3607.872254115555,-0.2788150220083315,0.0353699706465999
3607.903989770045,-0.2632056753762353,0.0473852186838192
3607.9677990504847,-0.2753860386952116,0.037621511620435
3608.059890271439,-0.2739940081097492,0.0388300050405917
3608.089651865561,-0.278389693228122,0.0357403827102863
3608.1220780920153,-0.2470347197135067,0.063164644021567
3608.238601090258,-0.2718496627215434,0.0403330734887822
3608.257245310703,-0.2479985460235299,0.0623188048365886
3608.301307962605,-0.2587887648855377,0.0511970805348817
3608.3438597603417,-0.2641241485788467,0.0465527372682734
3608.359000003539,-0.2748074819047205,0.0381224881424509
3608.375728906213,-0.2619118418109633,0.048370810715265
3608.436342760426,-0.2726810536299595,0.0397154714212464
3608.506008748441,-0.2650606050604105,0.0459210517572851
3608.620268009752,-0.2743968625410163,0.0384181133254536
3608.833323352603,-0.2626280629336568,0.0478964241540215
3608.985719629819,-0.281043540044449,0.0337093202803839
3609.111556950029,-0.2675631283467481,0.0436062620982259
3609.211740831987,-0.2541439877337306,0.0555967918629368
3609.3462322295904,-0.2723661432907556,0.03984351315941
3609.357109953237,-0.2709736374161774,0.0410807225875915
3609.480397930369,-0.2740622259008889,0.0385703221723356
3609.558122353119,-0.269318926922486,0.0423474402111954
3609.63124612268,-0.2782260647664755,0.0356771678067062
3609.6688814482154,-0.2593571111700576,0.0507066108001273
3609.6911792278192,-0.2872029482432953,0.0299856484521813
3609.697675203653,-0.2747962365615984,0.0381432135386551
3609.740648096792,-0.2552861152930073,0.054757362584962
3609.750363135116,-0.2843009396100818,0.0317768837473286
3609.801975647807,-0.2537406349687013,0.0562612763278457
3609.8406502252815,-0.2663354809703379,0.0446769974918602
3610.0117089035984,-0.2517741838573569,0.0580266328682928
3610.0244657456456,-0.2660256728888655,0.0448130564868668
3610.062509797101,-0.2566891361945638,0.0532205961875491
3610.145238968121,-0.2735892708385811,0.039162077157397
3610.146169192892,-0.2785481453583303,0.0354871854262995
3610.1824819114,-0.2542102635605611,0.0557865739645828
3610.351054554361,-0.2855012656037797,0.030885988436161
3610.3747208046784,-0.2798013719671099,0.0349165302897458
3610.414342625396,-0.2843671168970821,0.0317685018980769
3610.633077254206,-0.2626282136388819,0.0479549941966485
3610.7110297107,-0.2764989588035068,0.0367940512432468
3610.726611851808,-0.2863985584798795,0.0304205538960089
3610.748254720985,-0.2638339474060687,0.0468893751624962
3610.7516441826992,-0.2766007820262027,0.0369674371530693
3610.8300978775246,-0.2855486417891695,0.0309170369296846
3610.879157892973,-0.280629295313517,0.0341207927032376
3610.902727413479,-0.2770928845733149,0.036704961572397
3610.905419971502,-0.2891169774199861,0.0289676642749806
3611.152436205378,-0.2673905628714674,0.0438103729835184
3611.169883749437,-0.2770365279270226,0.0364884286252667
3611.377834750052,-0.2553093616767349,0.0543016523254727
3611.383625470471,-0.2703397353486177,0.0413999019594036
3611.384651884072,-0.2690920671321213,0.0424924561610001
3611.465132762947,-0.2601302417777945,0.0502520610527602
3611.5026016812976,-0.2794674677370003,0.0348356225363876
3611.524734963221,-0.2694184013061408,0.0421485324651462
3611.6402958436056,-0.2839099205065508,0.0320610127100857
3611.715074673623,-0.2713970944591146,0.0407440019217148
3611.864761271758,-0.2718191376181351,0.040257906775563
3611.869583249988,-0.2835739596169066,0.0322189715889363
3611.884049890355,-0.2553636875621746,0.0546302090388069
3612.258704703335,-0.2613509864449725,0.0489096885484768
3612.270961791391,-0.273896703870166,0.0388169145139852
3612.602269395981,-0.2719660652807525,0.0401325203273256
3612.686048105136,-0.2732975258084514,0.0391785179781225
3612.741893219726,-0.264287226164876,0.0466141389176297
3612.789147919289,-0.2635544135395103,0.0471339168597017
3612.866025424493,-0.2952807132777643,0.0255456676310617
3612.902512410791,-0.2683671572712963,0.0430020265720765
3613.040125963914,-0.2578020768495033,0.0523942090513319
3613.197837573721,-0.282494706635696,0.0327405794556846
3613.3779913044127,-0.2795438608329399,0.0350089257749126
3613.39037485721,-0.2640901257261434,0.0464947893178893
3613.408383029674,-0.2722378581910381,0.0399837444252373
3613.589983230691,-0.2716660328602241,0.040326595433019
3613.800179710077,-0.2752471223403454,0.0377444481811331
3613.805065057045,-0.2570448027365506,0.0527116672347225
3613.852055752185,-0.275334733043203,0.0375529952906961
3613.9235438138735,-0.2633420373169338,0.0471825981964478
3613.96395370888,-0.2645519843179778,0.0462819009657357
3613.994847243224,-0.288344561438898,0.0292827314144647
3614.022849304516,-0.2889067991205047,0.0288409818378957
3614.065129059772,-0.2853891735319701,0.031161147260669
3614.072035030275,-0.2635062399270622,0.0471978776554071
3614.251172774428,-0.2698922668079343,0.0414632287765554
3614.271132867416,-0.2841159790866446,0.03187198536878
3614.295009234955,-0.2613685283812206,0.0490479878426057
3614.3855789767767,-0.2689186148831238,0.0426764797679846
3614.4526636821415,-0.2784451572768036,0.0356901133799683
3614.4572138979775,-0.2682934076198247,0.0431271353486209
3614.487120231133,-0.2653313560642925,0.0457887465284407
3614.4878966357696,-0.2646561369297786,0.0459601407816664
3614.49195507443,-0.2692384170209487,0.0422065264776703
3614.614624091075,-0.2525370468075127,0.0572681621836392
3615.032667616415,-0.2639088105625553,0.0467299453510601
3615.05059701396,-0.2709240343819423,0.0411293404502175
3615.068264758853,-0.271514310224665,0.0404709566285363
3615.221431741327,-0.2651754238048581,0.0459116228349279
3615.512270389091,-0.2784897916867335,0.0355714832511997
3615.528839311285,-0.2503025571274692,0.0597075487314101
3615.6017685265697,-0.2666009920034515,0.044457070597769
3615.659885435408,-0.2771593703887796,0.0364559748851241
3615.754711278751,-0.2694555758279233,0.0422378221536652
3615.766601113884,-0.2662001056521627,0.0449788785664187
3615.88956684002,-0.2577622076794802,0.0522218833894297
3616.182954722153,-0.2672586505579664,0.0438353975194353
3616.488626255319,-0.2724655778823064,0.0396434237103552
3616.4911722248567,-0.2823422899108007,0.0330838439821051
3616.672519780603,-0.262506461457857,0.0481652368960336
3616.70412304024,-0.2818607058216218,0.0332694171056398
3616.767033099063,-0.270958082771589,0.0409773917474413
3616.982819688634,-0.2787409162777004,0.035269134615248
3617.044521016637,-0.266180631487443,0.0446400557835766
3617.050648239328,-0.2621161084442036,0.0485435760059467
3617.06720827661,-0.2781469768703554,0.0357923401610883
3617.173408693224,-0.2672898845373733,0.0439301371790819
3617.2013389972094,-0.2565256916406491,0.0535330085869817
3617.357809275887,-0.2914247606297478,0.0274191002390665
3617.370340392144,-0.2855832351252569,0.0309331110470123
3617.4494757305633,-0.261951787022201,0.0485936068066753
3617.473415359301,-0.2935717540905406,0.026354230730702
3617.5871118525856,-0.2750076280055303,0.0379389869663657
3617.645238352663,-0.2965988343072269,0.0248622743163501
3617.691592307073,-0.282134572408637,0.0332175908697434
3617.7962352144255,-0.2427107309019677,0.0679520241559923
3617.8173298008696,-0.2796095514165149,0.034849510440615
3617.911219866784,-0.287608907072258,0.0296782980644102
3618.03539271944,-0.279271545290254,0.0350457857938493
3618.227969258872,-0.2719522240726318,0.0402306651198195
3618.277565194326,-0.2879201388212459,0.0295090248618339
3618.380440699456,-0.2775680260568446,0.0362963403707538
3618.411550928934,-0.2752691060189123,0.037798623855029
3618.4406915911727,-0.2708710411273474,0.0411699438947683
3618.591268763967,-0.2792282072031501,0.0350226638521071
3618.607990785023,-0.2515241480292162,0.0585985714516128
3618.613858721881,-0.2725604080296872,0.0398305921426794
3618.620171787384,-0.2745666366336703,0.0383814824402341
3618.627421326983,-0.2572501320193425,0.052881944610243
3618.672861492834,-0.2723885285562402,0.0398917714304797
3618.703292906716,-0.2703326976850724,0.0415448824668368
3618.756873769056,-0.2567523741974685,0.0531019405058545
3618.981234099792,-0.2649652600216266,0.0460759155961904
3619.0160743902607,-0.2711997215952514,0.0408548713205612
3619.0326817425366,-0.263558101716227,0.0471096215353738
3619.25726485281,-0.2816060300824566,0.0333031982975622
3619.303547033545,-0.2652671981428908,0.0455756376305458
