all_gene,prot.1
YFL026W,2.8366E-05
YNL083W,2.35001E-06
YPL228W,1.4415E-05
YDR110W,7.16823E-06
YPL081W,6.47729E-05
YHR167W,5.26847E-06
YLR390W-A,2.41535E-05
YLR421C,2.22817E-05
YPR089W,2.20024E-05
YPL249C-A,0.000508625
YOR298C-A,0.000124807
YBR085C-A,9.64777E-07
YKL053C-A,8.89667E-06
YEL020W-A,6.67102E-05
YDL045W-A,3.44555E-06
YJR048W,5.93937E-05
YFR033C,5.78257E-05
YDR529C,8.26614E-05
YML054C,2.29201E-05
YOL086C,0.01171031
YJR009C,0.002624554
YGR192C,0.009687145
YJL052W,4.10879E-05
Q0250,9.47466E-05
Q0275,4.32109E-06
YNL052W,3.2891E-05
YHR051W,3.96783E-05
YKR066C,1.1282E-05
YJR104C,0.000514073
YHR008C,2.84071E-05
YER055C,0.000236504
YBR160W,5.67263E-05
YAL038W,0.009164586
YCR012W,0.010260637
YIL162W,1.3839E-05
YMR297W,1.5982E-05
YPL111W,7.06966E-06
YCL030C,0.000833978
YBR011C,0.001026248
YJR121W,0.00105697
YNR001C,0.000201575
YER090W,0.000106954
YDR007W,5.33487E-07
YGR254W,0.003759136
YHR174W,0.015390821
YER086W,0.000191789
YGL026C,0.000286536
YKL211C,0.0001107
YDR050C,0.003510154
YKL152C,0.003403375
YGR264C,0.00017254
YDL181W,1.49626E-06
YOR101W,2.18701E-05
YNL098C,2.51092E-05
YFL038C,8.25688E-05
YDR224C,0.001479539
YBR009C; YNL030W,0.000347929
Q0140,8.5147E-06
YDR382W,0.001002837
YGL103W,0.000711784
YFL037W,0.000133519
YPL240C,0.001171018
YOR187W,0.000155808
YPR080W; YBR118W,0.02064691
R0020C,7.12238E-06
R0040C,9.4806E-06
YHL038C,5.4718E-06
YEL021W,2.16165E-05
YJR109C,0.000926272
YGL187C,3.81327E-05
YLR395C,0.000108382
YMR300C,0.000183182
YDL140C,0.000134304
YOR116C,3.5059E-05
YHR018C,0.000258623
YER165W,0.000512809
YDR408C,4.56264E-05
YCL018W,0.000344598
YGL031C,0.000368908
YOL127W,0.001225676
YJL189W,4.42807E-05
YOL006C,8.95152E-06
YIL078W,0.000305421
YLL018C,0.000268134
YDR268W,6.20709E-06
YFR053C,3.67185E-05
YGL253W,0.000691149
YEL063C,2.08455E-05
YDL164C,1.0032E-05
YLR310C,1.18342E-05
YNL055C,0.000458767
YBL003C,0.000433888
YGL008C,0.004903866
YOR386W,1.17734E-06
YML099C,3.68568E-06
YJL088W,0.000109501
YBR021W,1.03592E-07
YLR340W,0.00374584
YDL081C,0.001488927
YOL039W,0.001276862
YGL040C,0.000129686
YGR157W,7.19571E-05
YJR073C,5.11763E-05
YDR172W,0.000122071
YPL078C,8.75763E-05
YER091C,0.009300261
YGL076C,0.002404826
YGL147C,0.001333131
YLR448W,0.000912744
YKL180W,0.001683251
YLR344W,0.000234346
YPL143W,0.00060386
YMR194W,0.000155062
YFR032C-A,1.08727E-05
YLR029C,0.001292705
YLR061W,0.000350292
YNL178W,0.002755424
YBR189W,0.001903868
YDR064W,0.001361376
YLR167W,0.000521531
YKL166C,6.7924E-06
YDL165W,1.47347E-05
YDR168W,4.30606E-05
YIL038C,1.75409E-05
YOR361C,0.000198644
YGL058W,5.73931E-06
YJL080C,0.000357533
YLR303W,0.006173
YLR355C,0.002100202
YLR044C,0.01160783
YOR278W,4.07344E-06
YAL039C,8.50875E-06
YPR113W,5.24823E-05
YNL104C,0.000180851
YDL108W,3.48202E-06
YDL017W,1.96935E-05
YJL164C,2.72482E-06
YPL203W,5.96115E-06
YOR202W,2.23715E-05
YOR204W,0.000354023
YDL042C,3.44973E-06
YLR442C,7.49145E-06
YOR257W,5.14491E-06
YPR160W,4.96814E-06
YHR144C,3.57721E-06
YGR191W,1.19317E-05
YOR360C,9.43981E-06
YML032C,5.34889E-06
YJR052W,6.24418E-06
YPR165W,7.06091E-05
YNL090W,2.0943E-06
YDR477W,2.24373E-05
YOR074C,9.22297E-06
YNL088W,3.85396E-05
YBR109C,4.49854E-05
YML095C,7.51777E-07
YER171W,5.136E-06
YER161C,2.03096E-06
YDR392W,3.58991E-06
YOR065W,6.02256E-05
YKL182W,0.00118964
YDR226W,0.000381804
YIL116W,0.00012489
YNL121C,7.73018E-05
YKL194C,7.79462E-06
YGL234W,0.001089004
YGR204W,0.001013237
YMR083W,0.00036606
YBL099W,0.001233351
YBR120C,6.04871E-06
YDL067C,2.49888E-05
YBL045C,0.000192204
YPR191W,0.000246781
YOR303W,0.000123688
YJL130C,0.001937932
YOL139C,0.000220425
YPL075W,1.52376E-06
YOR375C,0.002767935
YPR033C,0.000116938
YGL009C,0.000516398
YIR021W,6.14405E-07
YPL154C,4.86213E-05
YDL106C,8.86985E-06
YFR034C,5.77768E-06
YML061C,2.67752E-06
YGL043W,2.84208E-05
YOR122C,5.34214E-05
YHR037W,4.73285E-05
YGR258C,5.11727E-06
YMR208W,1.6559E-05
YIL033C,5.1053E-05
YOL121C,0.001807988
YFL045C,0.000250253
YDR023W,0.000194274
YDR354W,2.59827E-05
YBR243C,3.04021E-06
YMR108W,0.000565408
YHR013C,1.60692E-05
YNR045W,4.1766E-07
YFL005W,7.70022E-05
YBR115C,0.000413142
YPR110C,5.17196E-05
YGR094W,0.000577295
YOR236W,4.43069E-06
YFL009W,2.48604E-06
YAL024C,4.95638E-06
YOR274W,3.35041E-05
YLR438W,1.59958E-05
YNL192W,1.97423E-05
YJL128C,6.5514E-06
YEL024W,2.41856E-05
YPL262W,9.5473E-05
YPR047W,6.73517E-06
YKL184W,9.1092E-06
YER026C,4.09464E-05
YNL277W,3.1085E-05
YJL208C,1.08418E-05
YOR151C,0.000102163
YJL167W,0.000434403
YJL166W,3.93634E-06
YJR010W,0.000477609
YHR005C,1.3295E-05
YDR127W,0.000427481
YPR134W,4.85259E-07
YLR451W,3.97738E-06
YJL005W,0.00015033
YCR005C,7.01329E-05
YHR023W,0.000251117
YOR260W,2.16706E-05
YPL237W,8.24544E-05
YEL060C,4.38029E-05
YLR142W,2.59394E-06
YBL076C,0.00039183
YBR084W,9.16205E-05
YDR298C,7.11244E-05
YPL016W,1.91499E-05
YGL203C,9.6026E-06
YFL018C,0.000108234
YML085C,6.18984E-05
YML124C,1.97174E-05
YKL022C,8.05463E-06
YJL087C,1.43191E-05
YJL026W,0.000141957
YDR232W,3.75293E-05
YLR182W,1.17225E-05
YNL138W-A,1.75558E-06
YJL190C,0.000676883
YHR010W,0.001948342
YDL075W,0.000533908
YLR406C,0.000147099
YGL041W-A,1.92262E-06
YLR256W,3.90724E-06
YIL148W,3.33545E-05
YJR045C,0.000936098
YNL015W,1.58264E-05
YPL283C,1.4705E-05
YOR312C,0.001978507
YPR043W,0.000359518
YHR141C,0.000155137
YGR118W,0.000312482
YER074W,0.001054393
YLR287C-A,5.80431E-05
YHR203C,0.00160089
YBR181C,0.002237162
YER102W,0.003233079
YBL087C,0.000458284
YPL220W,0.001225523
YIL018W,0.002082506
YDR025W,0.001456972
YOL120C,0.001686977
YMR143W,0.001809506
YEL054C,0.001617148
YML026C,0.001730113
YBR084C-A,0.001741883
YDL191W,0.000468251
YHL034C,5.85007E-05
YKR059W; YJL138C,0.001259189
YGL256W,3.97937E-06
YER152C,4.40232E-06
YIR008C,7.62347E-06
YLR163C,2.75676E-05
YJL133W,4.412E-07
YAL005C,0.00110962
YLL024C,0.003599199
YHR007C,0.000117062
YDL130W,0.002225696
YLR180W,0.001273313
YDR347W,1.41962E-05
YPR166C,4.2483E-06
YBR031W,0.001698354
YER020W,1.53706E-05
YGR222W,3.59489E-06
YDL044C,3.69034E-06
YCR066W,1.8425E-06
YER052C,0.000270324
YGL073W,6.78532E-06
YAL025C,1.89839E-05
YOR341W,0.000223963
YDR170C,8.66257E-05
YDL192W,0.000215316
YGL062W,0.000608662
YLR382C,1.21804E-05
YDR044W,1.33211E-05
YNL241C,0.000223133
YAL041W,5.20682E-06
YDL229W,0.004082099
YDR481C,2.99628E-05
YPR052C,3.92993E-05
YBR089C-A,3.04619E-05
YNR026C,6.63603E-06
YCL029C,4.5667E-06
YMR235C,6.01979E-05
YML098W,3.13444E-06
YHR205W,1.92953E-05
YHR024C,5.48246E-05
YNL216W,3.77616E-05
YLR452C,8.19301E-06
YDR227W,7.37122E-06
YJL153C,2.30611E-06
YGL013C,1.78089E-05
YBR143C,0.000136088
YOR043W,1.20034E-05
YDR212W,0.000129914
YIL015W,1.53256E-05
YML075C,7.26989E-05
YLR450W,2.96808E-05
YGR084C,8.96591E-06
YNL005C,1.67959E-05
YKL126W,2.4306E-05
YNL071W,0.000137788
YBR196C,0.001376165
YNL250W,6.90155E-06
YGR083C,1.79247E-05
YKL209C,9.56392E-06
YMR231W,1.21562E-05
YML021C,4.94993E-06
YGL115W,1.25219E-05
YDL040C,7.54025E-05
YJL092W,9.58907E-06
YOR276W,4.81007E-05
YML116W,8.05086E-06
YDR122W,8.14374E-06
YLR096W,7.61989E-06
YOR168W,0.000145468
YGR202C,1.07783E-05
YML106W,5.47583E-05
YNL102W,2.86928E-05
YER148W,1.56327E-05
YFL036W,1.2882E-05
YBL021C,4.44808E-08
YML113W,3.38977E-06
YIL034C,4.5298E-05
YHR084W,1.96628E-05
YGL167C,4.95193E-05
YDR158W,0.000689014
YBR195C,6.18634E-06
YGR152C,1.97484E-05
YPR183W,9.37745E-05
YKL138C,3.58841E-06
YOR120W,1.88371E-06
YGL030W,0.000268213
YOR063W,0.002034879
YDR447C,0.001709421
YKL112W,2.49106E-05
YBR038W,7.58162E-06
YNL082W,1.01434E-06
YKL060C,0.005523131
YJL141C,8.42331E-06
YGR040W,5.60287E-06
YDR054C,4.34333E-06
YHR083W,3.78706E-06
YER162C,7.61233E-07
YDR217C,2.34215E-06
YKR026C,1.269E-05
YKL104C,6.04825E-05
YLR195C,2.81807E-05
YML057W,1.3424E-05
YLL015W,5.94888E-06
YDR155C,0.0004911
YDR035W,5.46331E-05
YKL103C,5.37344E-05
YOR254C,5.91871E-05
YJL041W,4.47356E-05
YMR228W,4.59276E-06
YBR112C,4.06261E-05
YLR354C,0.0008336
YMR186W,0.003238249
YPL104W,9.8181E-06
YDR037W,0.000631541
YML035C,3.52408E-05
YPR181C,0.000123104
YIR022W,4.54681E-06
YDR194C,5.09817E-05
YDL102W,1.19478E-05
YDR283C,5.88467E-06
YDR454C,3.05209E-05
YPL117C,6.89543E-05
YDR120C,4.1045E-05
YLR060W,0.000183293
YFL022C,0.000143087
YDL014W,0.000242545
YKL024C,4.28862E-05
YGR282C,0.000373781
YOR027W,0.000357525
YBR082C,1.71315E-05
YIL035C,1.42703E-05
YOR330C,4.95483E-06
YBR213W,6.06665E-06
YBR088C,3.77325E-05
YCR088W,9.54088E-05
YKR086W,3.86265E-05
YBR072W,3.0164E-05
YCR053W,0.000210714
YBR127C,0.000342746
YDR414C,2.66919E-06
YIL021W,4.34613E-06
YER178W,0.000122586
YGR193C,2.17237E-05
YJL034W,0.000296893
YLR249W,0.00479296
YHR166C,2.31649E-06
YIL136W,1.03959E-05
YCL050C,0.000304537
YHR042W,6.47831E-05
YOR176W,1.97473E-05
YGL017W,1.60187E-06
YCR084C,6.98116E-05
YLR105C,1.10553E-05
YBR110W,9.79244E-06
YDR137W,1.79231E-05
YGR240C,0.000841988
YMR205C,0.00087808
YBL016W,8.47324E-06
YER056C,7.68334E-05
YNL272C,4.609E-06
YHL033C,0.000295832
YJR060W,6.27624E-06
YPR141C,1.11728E-05
YDR389W,5.77688E-06
YPL031C,2.06371E-05
YDL185W,0.000864595
YHR025W,0.000169944
YGR233C,1.04314E-05
YKL085W,6.7173E-05
YNL079C,3.99678E-05
YNL138W,5.03927E-05
YOR158W,1.26324E-05
YDR138W,1.06188E-05
YGR019W,8.9116E-06
YDR513W,2.81446E-05
YCL040W,3.26803E-05
YPR189W,3.12522E-05
YNL151C,2.63709E-06
YGR167W,2.81616E-05
YNL130C,2.16191E-05
YCL043C,0.00036748
YBR085W,0.000639029
YBL030C,0.000806678
YPR167C,4.71119E-05
YAL010C,2.71937E-06
YAL009W,2.33636E-07
YAL008W,2.53243E-06
YBR289W,4.76894E-06
YER040W,1.5986E-06
YLR393W,2.04557E-06
YOL140W,7.93194E-05
YHR128W,0.000104737
YLR392C,6.00951E-06
YBR080C,4.26835E-05
YOR212W,3.64722E-06
YJR086W,3.52486E-06
YHL025W,5.53436E-06
YMR173W,1.13594E-05
YBR003W,7.09225E-06
YHR028C,2.69766E-05
YBR140C,4.87677E-05
YLR229C,6.21621E-05
YPL231W,0.000869108
YKR039W,1.66854E-05
YDL137W,1.28378E-05
YOL081W,1.81202E-05
YDR148C,5.16178E-05
YLR071C,1.39335E-05
YDR502C,0.001349418
YLR304C,0.000555436
YOR061W,3.72325E-05
YPL132W,3.41556E-06
YOR326W,6.11946E-05
YJL085W,5.21617E-06
YOL051W,1.59082E-05
YBR055C,7.15237E-06
YDL030W,2.37843E-06
YGL077C,1.52388E-05
YGR184C,2.41846E-05
YML007W,7.22332E-06
YDL236W,2.95422E-05
YLR259C,0.001072498
YFR049W,4.95629E-06
YMR225C,1.74749E-06
YBR166C,1.67867E-05
YLR420W,3.62162E-05
YOL001W,3.46506E-07
YPR178W,4.00413E-06
YNL135C,0.000284257
YMR286W,7.9112E-06
YNR011C,3.49869E-06
YMR243C,6.29392E-05
YPR176C,6.54506E-06
YPR088C,5.08846E-05
YJL140W,5.95867E-06
YBR154C,1.46701E-05
YPR187W,2.2133E-05
YOR224C,2.05789E-05
YGL078C,5.50821E-05
YJL033W,2.19494E-05
YOR046C,4.23374E-05
YKL045W,4.597E-06
YJR007W,7.29032E-05
YKL021C,4.08772E-05
YLR133W,2.6117E-05
YBR135W,6.96018E-06
YDL047W,7.62228E-06
YPL218W,0.000280869
YOR098C,1.28056E-05
YLR396C,8.3383E-06
YIL125W,0.000113014
YGL055W,6.16846E-05
YOL052C,8.78639E-06
YOR362C,0.000103803
YGL011C,3.50497E-05
YOR128C,0.000283086
YER168C,9.76792E-06
YLR196W,0.000211666
YPL271W,1.2651E-05
YOR188W,5.15815E-06
YBR237W,0.00012194
YJR049C,3.33757E-06
YJR050W,6.2456E-05
YJR051W,5.86348E-06
YER070W,0.000107282
YBR049C,2.94036E-05
YPL215W,1.99032E-05
YKR001C,0.000110197
YIR023W,2.93562E-06
YIL066C,2.67039E-07
YDR177W,4.44748E-05
YDR337W,6.80492E-06
YLL041C,1.68178E-05
YPL094C,2.79614E-05
YIR031C,1.40304E-06
YGL097W,3.08501E-05
YNL262W,3.41671E-05
YDL066W,0.000184529
YHL020C,0.000335115
YNL307C,4.89009E-05
YDL090C,4.9822E-06
YOR336W,1.99377E-05
YKR099W,4.90016E-06
YOR290C,2.41364E-05
YER142C,1.98159E-06
YJL180C,7.5855E-06
YMR282C,5.38545E-06
YGL206C,0.000231467
YPR010C,0.000117601
YOR210W,9.23146E-06
YHR123W,6.04849E-06
YER012W,5.15501E-05
YMR307W,0.000126637
YGL173C,0.000104649
YOL116W,5.77084E-06
YER103W,2.33282E-05
YOR332W,0.00010512
YGR092W,2.13597E-05
YAR018C,2.37535E-06
YNL183C,1.99801E-05
YDR189W,1.62431E-05
YLR268W,1.25335E-05
YPL153C,5.45761E-06
YLR043C,7.13214E-05
YBR097W,6.12204E-06
YGL233W,1.04497E-05
YOR207C,2.56766E-05
YGR183C,6.89974E-07
YAR007C,4.59237E-05
YJL063C,1.54704E-05
YKR085C,5.68442E-06
YGL248W,2.40691E-06
YGR171C,7.08781E-07
YDR143C,5.02107E-06
YKL210W,0.000262832
YPL008W,1.87349E-05
YOL016C,9.09251E-06
YLR240W,1.02268E-05
YOL004W,3.95112E-05
YJR017C,1.61208E-05
YOL058W,0.000521237
YGR209C,2.89586E-05
YIL004C,2.93899E-06
YGL156W,2.22483E-06
YKL114C,1.31072E-05
YFL014W,8.0653E-06
YHL021C,1.18185E-05
YLL021W,3.98933E-05
YNL229C,1.91516E-05
YML063W,0.001371254
YPR074C,0.00106247
YCR042C,1.00127E-05
YHR057C,3.47225E-06
YLR433C,1.62711E-05
YHR135C,7.47406E-06
YNL154C,1.96629E-05
YPR161C,1.03833E-05
YEL034W,0.001485543
YFR015C,7.60667E-07
YGR076C,5.90292E-06
YDR243C,2.30857E-06
YKR052C,4.75567E-06
YNL240C,6.71374E-06
YLR027C,0.000257521
YLR362W,3.80989E-06
YMR011W,1.47885E-05
YDL134C,1.11978E-06
YDL188C,1.32156E-05
YGR116W,6.2272E-05
YGR135W,3.8371E-05
YML092C,5.75704E-05
YJR077C,0.000242168
YML115C,1.02702E-05
YDR495C,3.63547E-06
YMR203W,0.000202621
YBL041W,4.61159E-05
YLR300W,8.83759E-05
YMR283C,3.13309E-06
YMR281W,2.26019E-06
YLL043W,6.46325E-06
YHR026W,4.94713E-05
YGR148C,0.000469045
YKL197C,1.04961E-06
YDR293C,4.02371E-05
YEL032W,0.000541153
YMR079W,6.89562E-05
YKL149C,1.66346E-06
YER013W,0.000272876
YPR175W,5.81204E-06
YMR220W,9.51994E-06
YBL105C,9.29316E-06
YNL112W,0.000144741
YPL119C,2.843E-07
YJR090C,3.36278E-06
YPR119W,1.11044E-06
YDL155W,2.07318E-06
YDL122W,1.65955E-05
YOL023W,4.92915E-06
YLR069C,4.43584E-05
YOL022C,8.36715E-06
YPR065W,1.74656E-06
YOR157C,2.54492E-05
YDL230W,3.31285E-06
YMR296C,2.46603E-05
YML008C,0.000134031
YOR201C,5.10293E-06
YKR048C,6.26936E-05
YNL007C,0.000114268
YKL190W,9.76855E-06
YMR061W,2.81542E-05
YGL044C,4.38517E-06
YER111C,2.19128E-06
YMR214W,9.25512E-06
YCR036W,3.59535E-06
YCR008W,2.55299E-06
YIR029W,1.32547E-05
YCR063W,9.3092E-07
YGL010W,2.5312E-06
YGL014W,1.64855E-05
YGL012W,4.73994E-05
YCR002C,3.48285E-05
YCR009C,3.2999E-05
YCL032W,3.95386E-06
YCR003W,1.61316E-05
YCR004C,7.68996E-05
YCR023C,3.66097E-06
YCR026C,1.07939E-05
YCR054C,6.30443E-06
YCR032W,8.1971E-06
YCR033W,9.20127E-06
YCR034W,1.15446E-05
YCR035C,1.31166E-05
YCR037C,3.71178E-06
YCR043C,5.38786E-06
YCR067C,2.05943E-05
YCR095C,1.29576E-05
YCL028W,4.40062E-05
YCL031C,5.41048E-06
YCL034W,9.17296E-06
YCR011C,1.69443E-05
YCR083W,1.39549E-05
YCL035C,1.12709E-05
YCL017C,3.96907E-05
YCL057W,2.24533E-05
YCL025C,4.29976E-05
YCR027C,7.97518E-06
YCR072C,2.42914E-05
YLR078C,4.95605E-06
YDL058W,4.05584E-05
YCL024W,3.48977E-06
YDL150W,9.1568E-06
YGL123W,0.001499005
YER094C,1.76487E-05
YER095W,8.28469E-06
YNL064C,0.00017704
YKL015W,6.07129E-06
YEL027W,1.99173E-05
YCL010C,1.50795E-06
YCL011C,2.087E-05
YCL014W,1.78233E-05
YCL016C,1.87928E-06
YCL001W,1.1319E-05
YCL033C,1.29506E-06
YCL037C,8.02628E-05
YCL038C,2.22328E-07
YCL039W,4.91541E-06
YCL042W,0.002295787
YCL044C,1.54838E-05
YCL045C,8.28526E-05
YCL047C,2.47868E-06
YCL051W,2.56424E-06
YCL052C,5.41518E-06
YCL054W,3.97891E-05
YCL059C,1.76408E-05
YCL061C,6.9874E-06
YCL008C,8.21327E-06
YCL009C,0.000140536
YCR015C,4.19962E-06
YCR016W,3.00973E-06
YCR017C,6.50754E-05
YCR030C,3.52544E-05
YCR044C,2.7522E-06
YCR046C,1.14476E-05
YCR047C,8.72267E-06
YCR048W,4.57372E-06
YCR051W,1.8028E-05
YCR052W,1.00575E-05
YCR057C,3.39076E-05
YCR059C,3.49677E-06
YCR060W,9.26481E-07
YCR061W,4.06025E-06
YCR071C,8.16252E-06
YCR077C,3.93312E-05
YCR081W,4.23533E-06
YCR086W,6.50613E-06
YCR090C,9.26116E-06
YCR093W,7.24748E-05
YCR094W,6.59168E-06
YCR076C,1.79109E-06
YDL126C,0.000345936
YML078W,6.73769E-05
YFL002C,9.86312E-06
YHR120W,6.98107E-06
YOL090W,1.39677E-05
YGR087C,4.63169E-06
YPL131W,0.0005744
YER170W,3.6547E-07
YDL170W,3.45375E-06
YOR026W,4.71208E-06
YML016C,1.0892E-05
YPL160W,0.000459799
YJL139C,3.43528E-06
YNL312W,6.13251E-06
YJL173C,1.42119E-05
YJR123W,0.001612375
YIL133C,0.000609244
YNL069C,0.00082272
YOR096W,0.001097699
YKL113C,1.60428E-05
YDR123C,4.48618E-06
YBR278W,3.62642E-06
YJR005W,4.35001E-06
YFR014C,3.65363E-06
YGR159C,0.000207237
YNR013C,5.42383E-05
YNR012W,4.84434E-06
YJL172W,6.52145E-05
YAR015W,0.000305044
YAR019C,8.65959E-07
YAR014C,6.09132E-06
YML010W,6.2154E-05
YGL119W,4.48406E-06
YGL035C,2.4611E-06
YLR148W,8.09915E-06
YDR483W,2.44053E-05
YOR099W,2.80906E-05
YGR029W,8.96522E-06
YEL061C,2.79139E-06
YNL137C,1.02312E-05
YGL070C,5.79902E-06
YNL113W,1.38812E-05
YAL032C,4.16325E-06
YAL033W,1.56854E-05
YHR089C,3.55978E-05
YMR267W,1.05696E-05
YER065C,0.008965533
YOR136W,0.000298558
YEL012W,3.0065E-06
YKL216W,0.000119052
YKL215C,2.90541E-05
YBL039C,9.78253E-05
YKL096W,9.10479E-06
YKL095W,1.21959E-06
YKL094W,1.06355E-05
YKL007W,1.65952E-05
YMR152W,8.5057E-06
YKL117W,7.08168E-05
YKL116C,3.32131E-06
YGR028W,5.37988E-06
YPL155C,2.91284E-06
YGL148W,0.000116161
YKL003C,2.24333E-07
YDL205C,1.39004E-05
YDR498C,5.3763E-06
YDR329C,7.00188E-06
YDR036C,2.77839E-05
YNL037C,0.000248275
YLR286C,1.28672E-05
YPR086W,1.65432E-05
YGR246C,1.02217E-06
YPL204W,1.94401E-05
YER177W,0.000667124
YBR200W,1.08784E-05
YLL045C,0.001663059
YBR023C,1.65286E-05
YKR002W,1.18044E-05
YBL023C,1.7252E-05
YML105C,1.19088E-05
YLR274W,1.40582E-05
YDR353W,0.000178742
YBR275C,9.13761E-06
YPL048W,0.000132916
YKL019W,8.17944E-06
YHR190W,8.96875E-05
YER003C,0.00011047
YPR120C,1.24411E-06
YMR271C,4.09009E-07
YDR497C,4.09005E-06
YOL103W,7.14168E-06
YDR164C,1.3269E-05
YOR317W,7.21756E-05
YPR103W,3.84248E-05
YFR050C,1.53122E-05
YPR019W,1.87405E-05
YMR080C,3.89344E-05
YGL143C,1.85036E-06
YGR218W,0.000105342
YKL016C,4.47769E-05
YNL117W,5.10025E-06
YAL030W,1.32476E-06
YFL001W,4.10039E-06
YJR139C,0.000481632
YBR114W,1.94135E-06
YGR220C,1.29548E-05
YAL012W,0.00067824
YAL017W,6.45174E-06
YAL011W,4.83586E-06
YAL014C,2.03159E-06
YAL015C,9.5004E-07
YAL019W,1.52941E-05
YAL022C,2.97266E-06
YAL023C,0.000190489
YAL016W,4.76551E-05
YAL021C,3.05987E-05
YAL013W,3.4015E-06
YKL080W,0.00013835
YLL026W,0.000177113
YDR074W,2.63957E-05
YGL038C,3.94966E-06
YGR037C,2.81221E-05
YNL074C,4.55424E-06
YNL073W,1.05692E-06
YNL287W,0.000155192
YPR060C,2.01201E-05
YOL064C,0.000109453
YHL032C,1.92189E-06
YIL155C,1.5446E-05
YNL236W,6.85122E-06
YER023W,0.000148445
YDR300C,2.13117E-05
YOR211C,1.81281E-05
YPR035W,0.00093087
YBL015W,3.09937E-05
YEL052W,3.98697E-06
YBL017C,4.22098E-05
YOR133W; YDR385W,0.004732205
YDR052C,2.17475E-06
YBR218C,0.000181981
YPR111W,7.8748E-06
YLR120C,1.04882E-05
YPR058W,1.81234E-05
YKL120W,0.00012688
YPL082C,2.50321E-05
YLR203C,2.33702E-05
YOR373W,3.58637E-06
YMR308C,9.41442E-05
YGR044C,2.07478E-06
YLR205C,7.22776E-07
YML120C,1.9218E-05
YKL119C,1.63353E-06
YKL122C,5.83498E-06
YDR075W,7.99362E-06
YDR047W,1.45721E-05
YPR190C,1.57831E-05
YIL154C,4.44581E-06
YMR202W,0.000204031
YLR056W,6.82123E-05
YIL150C,7.62659E-07
YDR001C,1.4705E-05
YHR079C,3.23828E-06
YKL079W,1.12767E-05
YLR447C,0.000106618
YBR123C,9.6123E-06
YKL212W,7.27305E-05
YNR043W,7.51945E-05
YNR041C,4.96233E-06
YGR253C,7.92589E-05
YDR356W,4.04127E-05
YDL029W,4.45276E-05
YLL048C,7.17901E-05
YDR405W,1.11609E-05
YKL167C,7.8248E-06
YNL103W,5.05542E-06
YDL078C,4.17991E-05
YLR403W,1.0307E-05
YCR028C-A,0.000102867
YJL115W,1.73799E-05
YBR249C,0.000353122
YGR286C,2.07731E-05
YNL316C,4.93353E-06
YNL315C,1.46951E-05
YKL157W,0.000104294
YLR314C,4.03099E-05
YJR076C,4.22665E-05
YIR032C,3.80725E-06
YIR030C,2.11475E-06
YKL191W,0.000128505
YNL280C,4.03441E-05
YKL192C,5.1439E-05
YKL189W,9.65256E-07
YHR094C,2.87534E-05
YDR345C,0.00016304
YHR092C,0.000119331
YHR107C,2.88062E-05
YLR172C,2.74835E-05
YAL003W,0.001038709
YDR519W,9.00108E-06
YBR221C,0.000519578
YDR518W,8.12671E-06
YGR175C,0.000102221
YJL101C,5.57334E-05
YJL159W,0.000186306
YBL008W,3.66087E-06
YOR038C,4.55155E-06
YER025W,0.000288006
YLR113W,2.39068E-05
YPR159W,4.76907E-05
YNL268W,1.22775E-05
YOR231W,8.47008E-06
YPL140C,9.00682E-07
YAL029C,1.63286E-05
YDR176W,5.97144E-06
YDL208W,2.90833E-05
YFR052W,6.13161E-05
YMR309C,0.000236404
YLR335W,5.40126E-05
YML031W,2.47673E-05
YDR211W,3.77039E-05
YLR291C,1.42697E-05
YGR140W,1.09962E-05
YGL122C,1.51845E-05
YIR006C,7.97298E-05
YLL036C,8.97873E-06
YJL203W,3.23804E-06
YJL201W,1.00473E-05
YGR285C,0.000216084
YBR208C,6.3105E-06
YJR063W,8.19471E-06
YGL207W,8.67455E-05
YNL330C,9.25099E-06
YOR270C,0.000160077
YGR049W,1.08351E-05
YIL075C,0.000157755
YGR229C,3.00557E-05
YMR165C,6.29723E-06
YDR011W,2.22331E-05
YER022W,5.99831E-06
YBR253W,1.57711E-06
YDR069C,2.83192E-05
YDR422C,4.49287E-06
YGL169W,7.26567E-06
YPL029W,9.4841E-07
YGR155W,0.000224891
YKR092C,6.77507E-05
YDR410C,3.31152E-07
YGR104C,9.01416E-06
YNL016W,0.00018959
YPL106C,0.001080159
YBR169C,1.17872E-05
YJL176C,1.78825E-05
YIL126W,4.90282E-05
YER133W,7.23237E-05
YDR129C,0.00015966
YKL203C,5.78429E-06
YPR017C,3.95305E-07
YBL050W,2.2612E-05
YJL155C,6.23815E-06
YBR119W,2.36993E-06
YOR017W,3.2085E-06
YGL252C,2.04908E-05
YEL051W,5.55218E-05
YEL050C,2.02776E-05
YEL047C,6.95223E-05
YEL044W,1.62706E-06
YEL043W,5.06047E-06
YEL042W,3.64777E-05
YEL040W,0.000134709
YEL038W,1.68048E-05
YEL037C,6.54831E-05
YEL036C,2.66497E-05
YER132C,2.20715E-06
YER172C,5.24544E-05
YER174C,1.37518E-05
YER175C,7.58923E-06
YER176W,1.31857E-05
YER163C,2.63789E-06
YER164W,2.74399E-05
YER166W,4.84033E-05
YGL016W,2.6112E-05
YKR084C,2.53028E-05
YDL167C,1.78514E-05
YDL168W,5.89311E-05
YOR194C,2.55785E-06
YKL058W,5.34083E-06
YEL011W,1.15548E-06
YDR311W,5.71738E-06
YBR236C,2.03312E-05
YBL011W,8.27569E-06
YJR144W,1.33713E-05
YBL010C,5.63625E-06
YBL007C,5.28466E-05
YLR214W,1.19452E-05
YHR017W,4.47596E-06
YHR016C,3.44729E-06
YLR397C,1.98589E-05
YPR024W,2.36554E-05
YML042W,3.43413E-06
YDL220C,1.054E-05
YOR316C,1.97208E-05
YGL191W,1.58705E-05
YLR083C,2.68781E-05
YGL200C,3.09076E-05
YGL255W,0.000546977
YMR224C,5.17936E-06
YBR091C,3.56843E-06
YBR212W,8.30114E-06
YMR091C,1.3654E-05
YBR060C,2.22199E-06
YOR185C,0.000479583
YNR032W,1.73635E-06
YDR375C,7.33573E-06
YPL234C,5.02098E-06
YMR302C,1.69635E-05
YIL068C,5.74432E-06
YLR032W,2.6708E-06
YOR036W,2.33403E-06
YPR055W,1.06305E-05
YKL039W,1.3495E-05
YKL040C,1.9611E-05
YKL035W,0.002031151
YOR370C,1.67355E-05
YPL232W,9.80807E-05
YPL115C,1.02428E-05
YMR207C,1.0812E-06
YOR196C,1.14566E-05
YDL174C,8.99752E-05
YLL008W,3.94418E-05
YGR166W,2.65705E-06
YKL181W,4.57004E-05
YDR081C,1.07119E-05
YNR017W,1.90513E-05
YDR430C,2.75981E-05
YHR148W,8.43072E-06
YHR149C,8.31789E-06
YHL004W,1.13345E-05
YHR147C,6.24409E-06
YJR131W,6.74286E-06
YFL008W,1.38559E-05
YBR172C,1.41454E-05
YNR003C,4.28605E-06
YNL244C,4.3188E-05
YGL212W,3.10399E-06
YOR132W,1.11531E-05
YGR063C,1.32217E-06
YLR378C,0.000172092
YDR292C,1.12034E-05
YDR103W,2.98715E-06
YML001W,6.51222E-05
YKL009W,5.03357E-05
YKL010C,1.35243E-05
YKL012W,2.17603E-06
YKL013C,2.42988E-05
YER100W,2.93114E-06
YOR117W,5.27257E-05
YDR394W,4.63894E-05
YKL145W,0.000123839
YPL057C,1.59919E-06
YDR369C,1.576E-06
YOR153W,6.268E-05
YJR095W,2.99172E-07
YGL238W,2.6554E-05
YNR010W,1.23553E-06
YNL001W,5.02711E-06
YLR188W,1.77031E-05
YPL270W,9.78674E-06
YBR153W,9.18146E-07
YBR155W,1.22716E-05
YKL092C,9.02268E-06
YBR117C,0.000287267
YBR252W,2.8542E-05
YLR175W,9.23781E-05
YKL091C,1.4962E-06
YDL215C,9.70897E-06
YOR327C,8.28843E-06
YDR436W,1.10817E-06
YOR184W,0.000195914
YER009W,0.00019539
YER008C,1.74062E-05
YDL052C,2.69373E-05
YHR165C,1.47569E-05
YGR143W,3.0239E-06
YNL243W,5.44905E-05
YGR047C,9.33498E-06
YDL051W,2.8711E-05
YKL127W,4.49059E-05
YGR007W,8.60051E-07
YDR258C,6.64108E-05
YKL032C,1.64656E-05
YKL205W,2.51526E-05
YPL124W,7.61115E-07
YKL141W,2.47649E-05
YML062C,4.21262E-06
YLR441C,0.001117238
YBR248C,0.000112335
YMR037C,6.2539E-06
YKL062W,3.37657E-06
YLL011W,0.000106521
YKR056W,1.22555E-05
YBR171W,6.24253E-06
YBR170C,1.03853E-05
YBR251W,1.66421E-05
YNL329C,6.54755E-06
YEL002C,4.03267E-05
YDL095W,7.9696E-05
YGL145W,5.19159E-06
YGL195W,0.000317959
YBL080C,2.33069E-06
YOR219C,1.73925E-06
YOL069W,4.27474E-06
YNL076W,3.58104E-06
YFR002W,0.000266866
YKL143W,1.59936E-05
YDR404C,1.57028E-05
YJL154C,8.26517E-06
YAL001C,3.57807E-06
YMR125W,0.000101185
YHR041C,5.308E-06
YKL140W,8.29773E-06
YGL208W,6.49725E-07
YPR163C,0.000188732
YBL047C,0.00020976
YBL051C,8.54891E-07
YBL052C,1.84538E-06
YBL054W,4.38917E-06
YBL055C,8.15153E-06
YBL056W,3.97094E-05
YBL057C,1.11678E-05
YBL058W,4.81408E-05
YBL059W,1.11671E-06
YBL060W,3.76615E-06
YBL061C,2.44708E-06
YBL064C,1.8759E-05
YBL066C,6.2313E-06
YKL186C,1.03233E-05
YKL185W,6.36073E-07
YKL179C,0.000178386
YKL176C,3.08551E-06
YKL175W,6.97004E-06
YKL014C,4.74207E-05
YKL017C,9.54097E-06
YKL101W,0.001488164
YKL098W,5.96698E-07
YKL099C,8.84436E-06
YKL100C,1.6728E-05
YKL105C,3.50426E-06
YKL110C,2.76351E-05
YDR099W,0.000157058
YFR019W,1.01559E-05
YML028W,0.000654063
YNL197C,1.08803E-05
YER068W,1.28419E-05
YDR244W,3.66363E-06
YJR099W,2.66696E-06
YJR066W,1.06345E-05
YBR001C,1.1975E-06
YDR304C,1.71292E-05
YBR081C,1.42057E-05
YDR087C,1.66302E-05
YDR086C,0.00020346
YGR082W,1.15527E-05
YLR170C,7.79725E-06
YDL006W,4.21754E-06
YBL069W,1.2517E-06
YIR012W,3.53931E-05
YPL129W,4.55215E-05
YFL016C,2.0473E-05
YMR021C,6.66049E-06
YOL082W,1.43206E-06
YBL004W,5.21304E-05
YBR002C,3.33609E-06
YDL226C,4.39373E-05
YKL089W,8.14814E-07
YOR143C,8.65032E-06
YBR036C,4.32142E-06
YLR398C,2.64316E-05
YJL127C,4.08914E-07
YKL020C,2.35733E-06
YDL240W,4.58175E-06
YKL056C,0.001102296
YKL144C,1.1061E-05
YKL142W,2.67239E-05
YKL065C,2.39168E-05
YKL064W,1.16123E-05
YKL063C,2.62036E-06
YKL061W,2.90645E-07
YKL059C,3.63659E-06
YKL057C,7.11582E-05
YKL054C,4.86317E-05
YKL052C,1.49649E-06
YKL051W,3.73924E-06
YLR399C,1.3929E-05
YPL145C,0.000184892
YAR042W,8.45947E-06
YKL170W,4.59129E-06
YKL134C,7.06065E-06
YKL135C,1.54916E-05
YKL168C,8.03501E-06
YKL129C,1.06425E-05
YKL218C,1.39812E-05
YKL081W,0.001116542
YKL078W,1.02267E-05
YKL067W,3.6153E-05
YKL049C,1.85966E-06
YKL029C,0.000184067
YKL196C,3.6918E-05
YKL073W,2.61733E-05
YOR089C,1.59806E-05
YKR014C,1.68302E-05
YKR054C,1.46259E-05
YKR072C,5.70562E-06
YLR332W,2.87392E-05
YKL174C,4.77432E-06
YKL214C,7.58623E-06
YKL213C,2.40621E-05
YKL208W,1.41324E-06
YKL206C,5.33754E-06
YKL204W,1.67973E-05
YKL201C,2.93513E-05
YKL195W,1.47666E-05
YKL193C,1.4591E-05
YKL173W,9.49481E-06
YKL172W,3.70592E-05
YKL165C,3.04609E-05
YKL160W,4.84392E-06
YKL155C,6.35526E-06
YKL154W,6.2989E-06
YKL151C,1.27375E-05
YKL150W,5.57141E-05
YKL146W,5.31971E-06
YKL130C,3.35131E-06
YKL128C,1.13863E-05
YKL088W,8.44532E-06
YKL082C,1.64451E-05
YKL077W,2.86163E-05
YKL075C,2.12676E-06
YKL074C,0.001121994
YKL069W,6.8704E-06
YKL047W,6.24904E-06
YKL046C,1.96579E-05
YKL042W,3.67379E-06
YKL041W,5.50381E-06
YKL028W,3.32003E-06
YKL027W,1.78074E-05
YKL025C,9.60306E-06
YKL018W,5.39369E-06
YKL006W,0.00061619
YKL005C,1.64462E-05
YKL002W,3.26217E-06
YKR016W,4.0681E-05
YKR018C,4.32085E-05
YKR019C,6.40055E-07
YKR020W,1.88323E-06
YKR021W,5.35148E-06
YKR023W,3.08506E-06
YKR024C,8.97168E-06
YKR025W,8.3082E-06
YKR027W,2.156E-05
YKR028W,2.64085E-05
YKR029C,1.16225E-05
YKR031C,9.53143E-05
YKR036C,2.63377E-06
YKR037C,2.58515E-06
YKR038C,1.21895E-05
YKR042W,2.41439E-05
YKR043C,5.12892E-05
YKR046C,7.77574E-05
YKR060W,1.4945E-06
YKR062W,6.99929E-06
YKR063C,5.66897E-05
YKR065C,3.38753E-05
YKR067W,1.14219E-05
YKR068C,1.50338E-05
YKR069W,4.53209E-05
YKR070W,7.96346E-06
YKR071C,3.99206E-05
YKR074W,1.36115E-05
YKR076W,5.32733E-07
YKR078W,2.07915E-06
YKR079C,2.88653E-05
YKR081C,3.14731E-05
YKR082W,2.69928E-05
YKR083C,2.90669E-06
YKR087C,2.40011E-06
YKR088C,1.83762E-05
YKR089C,7.34624E-06
YKR090W,3.17582E-06
YKR096W,6.91935E-06
YKR100C,2.77692E-06
YMR294W,3.33243E-06
YGR185C,0.000116422
YMR024W,1.90418E-05
YLR439W,1.64049E-05
YDR237W,7.48443E-06
YNL284C,9.04827E-06
YDL202W,1.16337E-05
YLR312W-A,9.12835E-06
YMR193W,7.5255E-06
YBR282W,4.58239E-06
YDR462W,1.28992E-05
YNL252C,9.44694E-06
YBR122C,1.02864E-06
YBR268W,9.54351E-07
YML009C,1.24639E-06
YPL173W,1.28657E-05
YBL022C,6.79242E-05
YDR441C,4.25072E-06
YMR105C,1.24734E-05
YJR040W,1.61923E-06
YNR033W,8.60147E-06
YCR073W-A,1.70207E-05
YCR087C-A,1.71631E-05
YGR174C,1.62824E-06
YLR058C,0.003190048
YBR263W,0.000113771
YGR147C,9.24439E-06
YMR054W,3.13213E-05
YLR305C,1.48615E-05
YDR178W,5.94504E-06
YHR001W-A,3.20113E-05
YBR286W,0.000158897
YEL046C,5.06161E-05
YDR251W,1.43673E-05
YPR025C,5.05664E-06
YLR337C,6.15085E-06
YPL043W,4.70884E-05
YHR047C,5.27134E-05
YMR120C,0.001101332
YMR116C,0.001205204
YLR109W,0.000384208
YBL085W,1.25223E-05
YBL084C,3.68032E-06
YBL092W,0.001129685
YBL068W,0.000125668
YBL038W,3.25575E-05
YBL037W,1.43887E-05
YBL033C,1.1009E-05
YBR006W,7.20843E-06
YBR014C,1.01436E-05
YBR015C,2.72327E-05
YBR028C,3.45131E-05
YBR026C,1.67756E-05
YBR024W,6.99989E-06
YBR034C,1.84641E-05
YBR035C,3.51196E-05
YBR039W,6.89868E-05
YBR054W,1.4502E-05
YBR059C,1.44334E-05
YBR056W,9.67869E-06
YBR068C,1.44352E-06
YBR073W,6.0051E-06
YBR104W,1.37917E-05
YBR121C,0.000364211
YBR125C,4.86824E-06
YBR139W,2.35693E-06
YBR142W,2.31907E-05
YBR145W,1.343E-05
YBR150C,2.8234E-06
YBR149W,2.78859E-05
YBR164C,1.03579E-05
YBR146W,5.87654E-06
YBL035C,8.1254E-06
YBR176W,8.68509E-06
YBR175W,5.05926E-06
YBR192W,1.0875E-05
YBR198C,2.53583E-05
YBR205W,2.34586E-05
YBR199W,7.09064E-06
YBR202W,9.034E-06
YBR222C,1.17723E-05
YBR229C,1.30335E-05
YBR244W,5.36663E-07
YBR245C,3.83439E-05
YBR256C,7.63551E-06
YBR264C,1.99243E-06
YBR274W,1.29612E-06
YBR276C,2.42974E-06
YBR281C,4.34405E-05
YBR233W,4.26672E-06
YBR291C,0.000118865
YBR288C,1.03814E-05
YBR297W,4.01832E-06
YBR299W,1.02842E-05
YBL107C,3.53648E-06
YBL104C,9.38661E-06
YBL103C,7.62417E-06
YBL102W,4.61854E-06
YBL101C,1.61041E-05
YBL098W,2.44657E-05
YBL097W,7.40971E-06
YBL095W,1.65964E-06
YBL091C,1.42131E-05
YBL090W,1.81873E-06
YBL089W,5.63769E-06
YBL086C,2.21066E-06
YBL081W,2.67694E-06
YBL079W,3.03574E-05
YBL067C,4.85131E-06
YBL046W,5.47306E-06
YBL042C,1.28588E-05
YBL036C,1.43109E-05
YBL034C,9.22409E-06
YBL032W,3.77924E-05
YBL028C,9.86235E-08
YBL026W,1.38112E-05
YBL024W,7.1362E-05
YBL020W,8.46502E-06
YBL018C,5.38417E-07
YBL006C,5.49328E-06
YBR005W,2.69064E-06
YBR007C,6.6286E-07
YBR017C,2.97386E-05
YBR022W,2.26871E-06
YBR025C,0.000511302
YBR029C,0.001575785
YBR030W,4.24201E-06
YBR041W,8.65259E-06
YBR042C,1.17626E-05
YBR044C,1.45964E-05
YBR046C,5.85146E-06
YBR052C,8.67397E-06
YBR053C,5.25617E-06
YBR057C,1.27044E-05
YBR058C,1.343E-05
YBR061C,6.12562E-06
YBR062C,2.09702E-06
YBR065C,2.14713E-06
YBR070C,2.66703E-06
YBR074W,2.0543E-05
YBR077C,4.5152E-06
YBR078W,0.00103585
YBR079C,0.000289612
YBR086C,5.08095E-05
YBR087W,1.52197E-05
YBR094W,1.02622E-05
YBR095C,1.40994E-05
YBR096W,1.40326E-05
YBR101C,2.64865E-05
YBR102C,6.39959E-06
YBR103W,1.41494E-05
YBR106W,0.000115365
YBR108W,5.05394E-06
YBR129C,1.29331E-06
YBR130C,1.60983E-05
YBR131W,5.64519E-06
YBR133C,9.73015E-06
YBR137W,3.13846E-06
YBR141C,1.88E-06
YBR151W,4.86091E-06
YBR152W,2.03681E-06
YBR156C,1.57579E-06
YBR158W,8.67204E-07
YBR159W,1.80694E-05
YBR162C,6.19848E-05
YBR177C,6.5634E-05
YBR179C,8.50472E-06
YBR185C,2.98451E-06
YBR187W,1.76328E-06
YBR188C,6.19765E-07
YBR193C,3.43892E-06
YBR207W,5.76508E-06
YBR211C,1.82878E-06
YBR220C,2.80965E-06
YBR225W,1.94507E-06
YBR227C,2.506E-05
YBR230C,3.3264E-05
YBR231C,5.17204E-06
YBR234C,2.75608E-05
YBR235W,2.12886E-05
YBR242W,8.40935E-06
YBR246W,3.6768E-06
YBR247C,3.88537E-05
YBR255W,9.38828E-06
YBR257W,1.75891E-06
YBR258C,7.01998E-07
YBR260C,5.58752E-05
YBR261C,4.6751E-06
YBR262C,2.19469E-06
YBR265W,6.07733E-06
YBR267W,5.26326E-05
YBR271W,2.89375E-06
YBR272C,9.37668E-06
YBR273C,4.37412E-06
YBR279W,1.57681E-05
YBR280C,6.9771E-07
YBR283C,0.000130586
YBR287W,8.25203E-06
YBR290W,2.28468E-07
YBR294W,1.10841E-05
YMR261C,5.04912E-05
YML100W,8.56312E-06
YMR264W,6.59787E-06
YMR263W,3.02797E-06
YPR041W,0.000204627
YOR123C,1.06291E-05
YOR232W,5.74041E-05
YER031C,3.03677E-05
YNL053W,1.28727E-06
YHR072W,1.90668E-05
YMR139W,1.67024E-06
YNL160W,1.01171E-05
YER099C,5.23937E-06
YLR248W,1.48437E-05
YJL001W,6.15439E-05
YMR217W,0.000369754
YIL043C,2.72857E-05
YJR103W,1.95993E-05
YEL058W,9.94985E-05
YNL290W,1.83203E-05
YOR217W,1.20789E-05
YLR342W,0.000414483
YFR025C,4.61961E-06
YER122C,3.80369E-05
YPL243W,3.84687E-05
YPL210C,4.66594E-05
YHL011C,4.49149E-05
YHR082C,7.2695E-06
YHR102W,5.25044E-06
YHR039C,3.11785E-05
YHR096C,1.84556E-06
YHR216W,1.64167E-05
YHR201C,1.08247E-05
YHR178W,0.000266573
YHL019C,2.3989E-07
YHL015W,0.001396256
YHL003C,1.25751E-05
YHR006W,2.54194E-06
YHR011W,3.88613E-06
YHR019C,0.000212709
YHR020W,0.000189372
YHR046C,1.25016E-05
YHR021C,0.002080053
YHR065C,3.04076E-05
YHR073W,1.46005E-05
YHR091C,4.98378E-06
YHR104W,1.93179E-05
YHR112C,3.4725E-05
YNL257C,4.40332E-06
YHR169W,1.65038E-05
YHR183W,0.00175947
YHL039W,1.84312E-05
YHL031C,1.25913E-05
YHL030W,4.10938E-05
YHL029C,4.78381E-06
YHL024W,2.70709E-06
YHL023C,2.31196E-05
YHL017W,1.13268E-06
YHL014C,2.0736E-06
YHL013C,2.59519E-06
YHL009C,2.5867E-06
YHL002W,8.51981E-06
YHL001W,0.000180124
YHR001W,1.83366E-05
YHR003C,1.22568E-05
YHR009C,1.60713E-05
YHR012W,7.67261E-06
YHR027C,0.000196696
YHR029C,5.2298E-05
YHR034C,4.51872E-06
YHR036W,5.17646E-06
YHR038W,9.42693E-05
YHR040W,2.76628E-06
YHR043C,8.00597E-06
YHR045W,4.95316E-06
YHR049W,2.57976E-05
YHR052W,1.59678E-05
YHR056C,9.79019E-06
YHR058C,1.12759E-06
YHR059W,1.58855E-05
YHR060W,5.25282E-06
YHR062C,3.47022E-06
YHR063C,2.48319E-05
YHR064C,0.000575274
YHR066W,2.06813E-05
YHR068W,8.62823E-05
YHR069C,4.94568E-05
YHR070W,1.88821E-05
YHR074W,2.91176E-05
YHR076W,8.79656E-06
YHR077C,9.70006E-06
YHR080C,2.28442E-06
YHR081W,7.37894E-06
YHR085W,6.79749E-06
YHR087W,1.28268E-05
YHR088W,9.14462E-06
YHR090C,1.98498E-06
YHR097C,2.19971E-06
YHR098C,4.7128E-05
YHR099W,3.93896E-05
YHR100C,1.20525E-06
YHR101C,7.42331E-06
YHR103W,8.3087E-06
YHR106W,3.15363E-06
YHR108W,6.51521E-05
YHR109W,3.1979E-07
YHR110W,2.59386E-07
YHR111W,1.16468E-05
YHR113W,1.11473E-05
YHR114W,7.83901E-06
YHR115C,1.41062E-06
YHR116W,1.78044E-06
YHR117W,2.55748E-05
YHR118C,1.59117E-06
YHR119W,5.52735E-06
YHR121W,1.70895E-05
YHR122W,1.04042E-05
YHR127W,1.10286E-05
YHR132C,1.09663E-05
YHR133C,1.39524E-05
YHR137W,1.58204E-06
YHR138C,4.67877E-08
YHR146W,3.81115E-05
YHR154W,9.91868E-06
YHR155W,1.15003E-05
YHR156C,1.24156E-06
YHR158C,2.69478E-05
YHR159W,1.13918E-06
YHR161C,1.24195E-05
YHR163W,5.09264E-05
YHR164C,2.20452E-06
YHR168W,2.31909E-06
YHR170W,6.38062E-05
YHR171W,1.01062E-05
YHR172W,4.73968E-06
YHR176W,6.82226E-06
YHR177W,1.18928E-06
YHR181W,1.27924E-05
YHR182W,9.94456E-07
YHR186C,1.58844E-05
YHR187W,1.81016E-05
YHR188C,1.10438E-05
YHR191C,1.69598E-06
YHR192W,2.08634E-06
YHR193C,0.000478525
YHR194W,3.73279E-07
YHR195W,1.49542E-06
YHR196W,3.9112E-05
YHR197W,3.82932E-05
YHR198C,3.90614E-06
YHR199C,2.77922E-06
YHR200W,4.49031E-05
YHR202W,3.98014E-06
YHR204W,5.43511E-06
YHR206W,9.42353E-06
YHR207C,5.39695E-06
YHR208W,0.000423794
YOL005C,6.84912E-06
YOR014W,3.00626E-05
YDR464W,4.31189E-06
YOR037W,1.06423E-05
YOR020C,0.000175135
YML074C,9.94958E-05
YMR260C,0.000107182
YDL045C,3.41205E-06
YLR055C,1.33878E-05
YMR167W,1.6975E-06
YNL004W,6.91059E-06
YOL122C,9.62231E-06
YIL140W,2.35496E-06
YGL006W,0.00012367
YOR039W,1.84374E-05
YGL095C,3.59211E-06
YOR198C,0.00014526
YDR079W,5.40211E-06
YDR080W,3.65522E-06
YDR083W,7.68067E-06
YDR084C,2.89284E-06
YDR089W,9.81926E-06
YDL195W,0.000177784
YOR266W,6.02208E-06
YJL165C,9.26541E-06
YGR061C,0.000702052
YDL092W,8.17631E-06
YDR321W,6.12706E-05
YDL198C,9.97497E-05
YFR031C,7.69063E-05
YER129W,5.18597E-06
YPL209C,5.64497E-07
YDR297W,2.8309E-06
YMR058W,2.64839E-05
YDR208W,6.34013E-06
YDR270W,8.67794E-06
YPL190C,2.41903E-05
YIR034C,0.000297027
YNR050C,0.000538142
YDR207C,2.71542E-06
YIL009W,5.53274E-05
YDR343C,2.07789E-06
YDR342C,2.58125E-05
YJL174W,2.91611E-06
YNL169C,6.24626E-06
YGL022W,5.4842E-05
YNR052C,1.04509E-05
YDL101C,6.43818E-06
YDR264C,1.53571E-05
YPL161C,1.3498E-05
YLR088W,1.08662E-05
YNL084C,1.67334E-05
YIL046W,6.72881E-06
YLR150W,0.000618811
YIL142W,0.000100151
YJL014W,0.000107499
YDL143W,0.000108179
YDR188W,9.22324E-05
YDR228C,6.68952E-06
YOR127W,6.4224E-06
YER048C,2.13261E-05
YLR090W,8.70127E-06
YML129C,3.74044E-06
YNL267W,1.43491E-05
YMR008C,7.90357E-06
YER001W,2.57164E-05
YPL050C,3.25607E-05
YDR142C,8.95227E-07
YDR135C,6.88906E-05
YMR138W,5.05998E-07
YGR020C,7.07041E-05
YMR287C,9.42153E-05
YJL191W,0.001081387
YDL160C,7.89675E-05
YER015W,1.80263E-06
YPR104C,6.18318E-05
YJR016C,0.000275192
YMR124W,7.80702E-05
YAL026C,1.17581E-05
YER061C,9.47927E-06
YJL207C,2.24472E-05
YJL206C,2.63765E-07
YJL204C,6.72882E-06
YJL200C,0.000450502
YJL198W,7.86138E-06
YJL197W,1.3322E-05
YJL196C,6.55626E-05
YJL193W,2.65855E-06
YGR234W,0.000445074
YJL102W,6.45165E-06
YDL056W,4.16121E-06
YML046W,4.22413E-06
YOR209C,5.59679E-05
YMR129W,4.74295E-05
YFR030W,0.000610992
YAL002W,3.07452E-06
YAL007C,1.02115E-05
YAR002W,1.12899E-05
YAR008W,3.10902E-06
YAL060W,4.82576E-05
YAL059W,1.13198E-05
YAL055W,9.15376E-07
YAL053W,1.97959E-05
YAL051W,1.314E-05
YAL049C,4.71082E-06
YAL048C,5.94169E-06
YAL047C,3.90554E-06
YAL044C,6.9508E-05
YAL042W,2.47529E-05
YAL036C,4.204E-05
YAL035W,0.00020351
YAL034W-A,1.01001E-06
YAL031C,4.66562E-06
YLR292C,1.44974E-05
YDR388W,1.86481E-05
YOR206W,4.70183E-05
YDR484W,4.10692E-06
YEL062W,3.58539E-06
YER017C,1.48541E-05
YMR183C,2.90126E-05
YGR156W,1.38879E-05
YIL147C,4.56653E-06
YLR025W,2.41297E-05
YLR250W,1.9814E-05
YPR186C,8.36366E-07
YGR162W,0.000202667
YGL049C,4.31418E-05
YER007W,1.60806E-06
YGL189C,0.002890624
YER125W,5.15006E-05
YER144C,1.2196E-06
YER101C,2.95578E-06
YER154W,8.70837E-06
YER043C,0.001955679
YER047C,1.74113E-06
YER169W,9.80565E-07
YER136W,3.11131E-05
YER155C,2.51563E-05
YER123W,9.58445E-06
YER087W,8.83065E-06
YER089C,4.33119E-05
YEL013W,9.17443E-05
YER114C,1.21583E-05
YEL071W,0.000838381
YEL066W,9.05257E-06
YEL056W,1.11201E-05
YEL055C,4.96448E-05
YEL031W,0.000199708
YEL030W,0.000146277
YEL026W,0.000205102
YEL022W,1.87652E-05
YEL017W,3.32467E-06
YEL015W,2.13498E-05
YEL007W,1.94899E-05
YEL003W,1.40081E-05
YEL001C,3.98026E-06
YER002W,1.06542E-05
YER004W,2.81176E-05
YER005W,7.06541E-06
YER006W,3.80448E-05
YER010C,7.85777E-06
YER014W,2.50576E-06
YER016W,4.46647E-06
YER018C,3.46121E-06
YER019W,1.23998E-05
YER021W,6.14986E-05
YER024W,9.05276E-06
YER029C,6.90591E-06
YER030W,1.6819E-05
YER032W,1.67799E-06
YER033C,2.52575E-06
YER034W,3.16317E-06
YER036C,0.00025124
YER042W,4.16669E-05
YER044C,3.39956E-05
YER049W,9.81857E-05
YER050C,5.02418E-06
YER053C,9.72551E-07
YER057C,7.35942E-05
YER059W,2.08806E-06
YER063W,6.2292E-05
YER067W,3.08872E-06
YER071C,2.34278E-06
YER072W,6.87338E-06
YER073W,0.000176997
YER075C,9.015E-06
YER077C,4.26673E-06
YER078C,8.23725E-06
YER079W,1.10135E-06
YER080W,4.9642E-05
YER081W,0.000318845
YER082C,2.17527E-05
YER083C,3.06969E-05
YER088C,2.53453E-06
YER105C,2.29504E-05
YER107C,9.53137E-06
YER110C,0.000577815
YER112W,4.6757E-05
YER113C,6.81563E-06
YER118C,6.5304E-06
YER120W,0.000111827
YER126C,2.51016E-05
YER127W,9.8175E-06
YER128W,9.91901E-07
YER134C,6.28461E-06
YER139C,3.37286E-06
YER141W,4.03508E-05
YER143W,1.48954E-05
YER145C,1.47896E-05
YER146W,3.71109E-06
YER147C,2.18163E-06
YER149C,4.85487E-06
YER156C,0.000104
YER157W,9.03669E-06
YER159C,8.98392E-06
YER182W,5.49444E-06
YER183C,2.53289E-06
YER062C,1.72657E-05
YNL209W,0.002420668
YNL218W,2.84416E-06
YNL215W,2.06157E-06
YNL214W,2.23876E-07
YNL213C,1.0618E-06
YNL212W,2.18048E-05
YNL208W,4.79024E-06
YNL207W,1.63044E-05
YNL206C,9.3612E-06
YNL201C,5.48831E-06
YNL200C,6.54151E-07
YNL194C,3.54232E-07
YIL051C,0.000181067
YIL050W,2.01131E-06
YMR038C,1.93313E-05
YMR132C,6.13572E-07
YMR134W,1.20478E-05
YMR135C,1.22451E-05
YMR140W,1.45582E-05
YMR142C,0.002149174
YMR144W,6.83048E-07
YMR145C,0.000149108
YMR146C,0.000109527
YMR147W,6.4208E-06
YMR148W,4.00071E-07
YGR121C,1.06926E-05
YMR314W,7.36672E-05
YOL038W,6.40382E-05
YMR313C,3.62931E-06
YJL094C,1.43289E-06
YNL111C,0.000121211
YDR113C,5.85817E-07
YDR006C,1.63991E-06
YIL030C,3.20504E-05
YLR372W,9.65308E-05
YDL007W,7.20953E-05
YPL074W,2.16768E-06
YJL053W,4.50295E-06
YOL094C,7.57858E-06
YGR270W,1.15123E-05
YMR089C,2.20674E-05
YNR006W,6.69691E-06
YNR007C,3.48488E-06
YNR008W,8.86105E-06
YPR073C,9.70873E-06
YJR068W,1.30875E-05
YPL227C,1.07809E-05
YOR067C,3.47819E-06
YJR062C,3.57644E-06
YGL025C,3.14304E-06
YGR009C,7.88743E-06
YJL073W,6.42638E-06
YJL072C,1.35236E-06
YJL071W,7.36321E-06
YJL070C,1.58136E-06
YJL069C,1.8664E-05
YJL068C,8.75602E-06
YJL066C,5.70157E-06
YJL062W,1.68883E-05
YJL061W,0.000125523
YLR039C,4.69708E-06
YJR064W,6.7309E-05
YIL138C,1.3216E-05
YMR301C,8.93617E-06
YHR143W-A,1.99365E-05
YIL107C,4.08825E-06
YIL173W,1.29757E-06
YIL161W,8.97287E-07
YIL159W,5.26236E-06
YIL157C,9.59444E-06
YIL156W,1.99528E-06
YIL153W,7.37638E-07
YIL151C,2.49878E-06
YIL149C,1.51569E-05
YIL145C,9.68772E-06
YIL144W,2.56341E-06
YIL137C,4.69755E-05
YIL135C,5.30279E-06
YIL131C,6.50896E-06
YIL130W,1.06177E-05
YIL129C,1.57806E-05
YIL128W,2.33212E-05
YIL127C,4.4056E-06
YIL124W,1.3298E-05
YIL115C,3.18574E-05
YIL114C,1.04962E-05
YIL112W,4.11376E-06
YIL110W,2.03349E-05
YIL109C,0.000158191
YIL108W,1.3382E-05
YIL106W,1.91039E-06
YIL105C,1.24473E-05
YIL104C,7.62407E-06
YIL103W,2.15707E-05
YIL098C,2.60453E-06
YIL096C,1.31729E-06
YIL095W,6.00383E-06
YIL094C,0.000300878
YIL093C,7.53293E-06
YIL091C,2.27649E-05
YIL085C,7.75634E-06
YIL084C,3.15531E-06
YIL083C,1.46219E-05
YIL079C,5.1189E-06
YIL076W,2.68031E-05
YIL074C,0.000372507
YIL070C,0.000132131
YIL065C,5.34249E-06
YIL064W,8.33956E-06
YIL063C,5.18478E-05
YIL062C,1.04266E-05
YIL056W,3.72737E-06
YIL055C,8.4259E-05
YIL052C,0.00140955
YIL048W,1.74614E-05
YIL044C,5.61842E-06
YIL042C,2.13116E-06
YIL041W,0.000191244
YIL039W,3.22253E-05
YIL036W,4.52929E-06
YIL031W,1.17463E-06
YIL027C,1.40246E-05
YIL026C,4.98833E-05
YIL023C,4.66283E-07
YIL020C,7.89925E-06
YIL016W,6.7058E-06
YIL014W,2.2632E-06
YIL013C,9.75488E-07
YIL010W,5.1264E-06
YIL007C,8.31324E-07
YIL005W,1.16658E-05
YIL002C,3.25094E-06
YIL001W,3.37074E-07
YIR001C,6.5419E-06
YIR002C,6.37001E-06
YIR003W,1.58561E-05
YIR004W,8.41081E-06
YIR007W,3.56439E-06
YIR009W,1.64813E-07
YIR017C,1.24786E-06
YIR018W,5.37331E-07
YIR025W,3.88032E-07
YIR035C,7.9648E-06
YIR036C,6.80769E-06
YIR037W,1.7378E-05
YIR038C,1.46117E-05
YNL002C,6.30756E-05
YOR335C,0.000526744
YNL085W,8.29553E-05
YJL098W,1.39121E-05
YJL097W,1.64349E-05
YJL096W,2.17742E-06
YJL217W,0.000417596
YJL213W,8.21622E-06
YGL181W,8.60057E-06
YGL086W,6.6609E-06
YJL030W,3.10874E-06
YMR004W,7.57527E-06
YGR132C,5.83528E-05
YOR077W,9.18436E-07
YDR364C,2.48921E-06
YMR168C,2.39592E-05
YDR062W,3.1138E-05
YDR182W,1.79846E-05
YOR349W,1.78657E-06
YMR319C,9.41012E-07
YGR032W,3.50947E-06
YDL107W,2.21992E-06
YNL061W,7.72813E-05
YDR478W,6.62695E-07
YOR094W,2.98699E-06
YOR234C,0.000165247
YLR388W,0.000227581
YDL061C,0.000149598
YIL053W,0.000756632
YNL006W,5.19594E-06
YPL028W,0.000139682
YJL002C,4.70517E-05
YOR113W,1.97669E-06
YLR319C,9.67597E-06
YOR126C,5.15165E-06
YOR125C,1.25326E-06
YLL006W,2.46799E-05
YLR075W,0.001555204
YPR036W,0.000137465
YDR238C,0.000112428
YGL137W,0.0001464
YNL221C,8.46615E-06
YNL068C,3.13484E-06
YNL062C,3.01148E-05
YMR311C,1.14327E-05
YPL266W,2.75626E-05
YNL271C,1.50322E-05
YPL214C,4.35307E-06
YGR186W,1.9997E-05
YGR005C,8.47965E-06
YJR019C,3.2219E-06
YDR005C,2.52326E-06
YOL059W,7.97087E-05
YOR355W,1.67019E-06
YDR002W,6.9725E-05
YPL091W,6.11508E-05
YLR174W,8.68313E-07
YDL055C,0.000581194
YNL142W,1.15932E-05
YDR195W,6.93072E-06
YGR194C,5.32568E-06
YNL327W,4.11086E-06
YNL326C,5.42257E-07
YNL325C,4.44339E-06
YNL323W,1.40927E-05
YNL321W,1.7876E-05
YNL320W,3.25059E-06
YNL317W,3.89316E-06
YNL313C,2.57944E-05
YNL311C,1.86695E-05
YNL310C,4.03237E-06
YNL309W,1.97941E-06
YNL308C,3.71191E-05
YNL306W,4.07729E-06
YLR139C,6.18532E-06
YGR199W,1.50911E-05
YGR200C,2.60943E-05
YGR203W,3.88273E-06
YGR205W,7.27981E-06
YGR206W,3.07366E-07
YGR207C,3.22842E-05
YGR208W,3.89858E-05
YGR210C,1.6438E-05
YJL111W,0.000116111
YJL110C,2.36008E-06
YJL109C,0.000105202
YJL104W,8.64377E-06
YDL104C,1.31599E-06
YDL103C,2.83443E-05
YLR015W,3.31594E-06
YLR147C,5.29665E-06
YFR009W,3.88794E-05
YFL059W,1.43344E-07
YFL049W,2.85828E-06
YFL048C,4.46056E-05
YFL047W,1.61188E-05
YFL044C,1.05517E-05
YFL042C,2.91496E-06
YFL041W,3.16093E-05
YFL034C-B,3.70245E-06
YFL034W,4.81283E-06
YFL033C,6.13291E-06
YFL030W,4.24768E-06
YFL029C,2.83915E-06
YFL028C,1.07406E-05
YFL027C,2.57548E-06
YFL025C,5.69131E-06
YFL024C,3.49009E-06
YFL023W,1.5144E-05
YFL021W,6.38852E-06
YFL017C,3.05444E-06
YFL013C,4.96714E-06
YFL010C,9.90858E-06
YFL007W,3.02755E-05
YFL004W,0.000107493
YFR001W,2.87961E-05
YFR003C,3.6667E-06
YFR004W,8.16935E-05
YFR005C,3.73984E-06
YFR006W,1.90761E-05
YFR007W,2.41E-06
YFR010W,3.18577E-05
YFR011C,9.17215E-06
YFR013W,1.49156E-05
YFR016C,2.03581E-05
YFR021W,1.38317E-05
YFR024C-A,3.20132E-05
YFR029W,4.04261E-06
YFR037C,3.14171E-05
YFR038W,6.01849E-06
YFR039C,1.24794E-05
YFR040W,1.36394E-05
YFR041C,5.20752E-06
YFR043C,1.73437E-06
YFR044C,0.000111116
YFR045W,1.87793E-06
YFR047C,3.02915E-05
YFR048W,2.89622E-06
YFR051C,0.000102629
YGL021W,4.90666E-06
YLR098C,1.65842E-06
YGL065C,1.68397E-05
YJL042W,1.73567E-05
YGL019W,1.94238E-05
YKL006C-A,9.82146E-06
YGL171W,0.000196076
YJR093C,8.64562E-07
YPR129W,7.26031E-06
YPL023C,2.30395E-05
YOR374W,5.64612E-05
YLR048W,0.00668173
YGL245W,0.000603265
YOR340C,3.09712E-05
YPL241C,1.28468E-06
YGL105W,0.000221643
YJR042W,1.07852E-05
YDR159W,1.31666E-06
YLR045C,1.71408E-05
YDR310C,1.16572E-05
YGR274C,6.72806E-06
YNL039W,1.95952E-05
YMR092C,5.8171E-05
YDL178W,4.36678E-05
YGR261C,1.67441E-05
YPL239W,2.13478E-05
YDR108W,9.59277E-06
YGL176C,1.32418E-07
YGL174W,2.62072E-06
YGR195W,1.93126E-06
YGR196C,1.05139E-05
YGR198W,1.08514E-05
YJL117W,1.55957E-05
YJR006W,8.29211E-06
YJL146W,2.16845E-06
YJL125C,2.02796E-05
YPL076W,6.92104E-07
YJL006C,1.99077E-06
YML112W,3.14237E-06
YOR103C,1.88783E-05
YJR010C-A,1.81342E-06
YJL121C,1.70248E-05
YJR132W,2.80237E-05
YJR143C,5.6232E-05
YJL186W,2.4225E-05
YJL184W,2.46411E-06
YJL183W,1.51628E-05
YJL179W,7.10249E-06
YJL178C,9.1616E-06
YJL177W,0.000513666
YJL171C,4.49074E-05
YJL168C,8.37128E-06
YJL158C,0.000109466
YJL156C,1.07856E-05
YJL148W,4.81642E-05
YJL147C,2.99594E-07
YJL145W,1.29187E-05
YJL137C,9.43084E-07
YJL134W,1.98793E-05
YJL131C,9.24761E-07
YJL126W,1.25163E-06
YJL124C,3.55519E-06
YJL123C,4.23047E-05
YJL122W,1.58787E-06
YJL112W,4.57822E-06
YJL084C,9.2315E-06
YJL082W,9.26314E-06
YJL076W,2.96588E-05
YJL074C,3.49254E-05
YJL060W,9.43131E-05
YJL055W,2.44895E-05
YJL054W,5.90863E-06
YJL050W,6.02285E-05
YJL049W,4.33805E-06
YJL047C,2.01222E-06
YJL046W,1.13411E-06
YJL039C,2.75371E-05
YJL036W,4.63397E-06
YJL029C,6.95332E-06
YJL024C,2.41807E-05
YJL020C,3.29399E-05
YJL019W,5.57807E-06
YJL012C,7.22706E-05
YJL011C,5.15127E-06
YJL010C,2.0273E-05
YJL008C,0.000131495
YJL003W,1.03556E-06
YJR001W,1.01989E-05
YJR002W,2.7656E-05
YJR003C,8.43563E-06
YJR011C,8.66701E-07
YJR013W,5.43611E-06
YJR014W,3.49749E-05
YJR015W,3.23738E-06
YJR024C,5.47481E-06
YJR025C,4.77914E-05
YJR031C,1.40578E-05
YJR032W,7.93658E-06
YJR033C,9.87497E-06
YJR041C,1.40599E-05
YJR046W,4.74423E-06
YJR053W,1.0358E-06
YJR059W,1.35492E-05
YJR065C,6.31095E-05
YJR067C,1.13334E-06
YJR069C,3.30542E-05
YJR070C,0.000189333
YJR072C,4.62839E-05
YJR074W,1.27856E-05
YJR075W,3.10647E-05
YJR078W,8.20865E-06
YJR080C,7.72589E-06
YJR083C,2.13353E-06
YJR084W,5.73954E-06
YJR088C,1.41794E-05
YJR089W,1.09041E-06
YJR091C,1.22861E-05
YJR092W,5.72407E-06
YJR096W,3.89004E-06
YJR097W,6.85251E-07
YJR100C,2.7122E-06
YJR101W,4.94939E-06
YJR102C,3.57961E-06
YJR105W,0.00023031
YJR110W,4.09941E-06
YJR111C,1.09911E-05
YJR112W,1.68945E-06
YJR113C,1.77936E-05
YJR117W,9.06578E-05
YJR118C,7.74498E-06
YJR122W,2.9124E-06
YJR124C,7.68371E-06
YJR125C,3.01615E-05
YJR126C,2.12247E-06
YJR129C,1.69705E-06
YJR130C,8.31769E-06
YJR133W,1.22028E-05
YJR134C,9.2654E-06
YJR137C,0.000939814
YJR138W,3.15568E-05
YJR140C,1.01561E-05
YJR142W,7.17905E-06
YJR148W,7.39308E-06
YJR149W,2.40923E-06
YMR170C,3.12954E-06
YLR220W,1.89507E-05
YDR308C,1.04009E-06
YMR246W,6.79607E-05
YOR337W,2.36512E-06
YDR019C,0.000107515
YNL096C,0.000573577
YNL087W,3.14438E-05
YGR145W,2.74932E-05
YGR150C,3.09276E-06
YMR161W,1.27323E-05
YDR376W,4.33233E-06
YGR097W,7.14423E-06
YGR187C,0.000369786
YGR078C,7.05269E-06
YDL234C,2.08044E-06
YGR072W,1.93409E-06
YPL085W,3.80192E-05
YOR085W,2.46719E-05
YDL141W,1.22584E-05
YMR276W,2.44265E-05
YMR275C,2.89337E-05
YOL033W,3.98489E-06
YPL040C,2.97387E-05
YPL097W,2.78824E-06
YNL304W,1.42664E-06
YNL299W,2.74946E-06
YNL298W,9.61496E-06
YNL297C,2.28209E-05
YNL293W,5.28185E-06
YNL292W,1.15349E-05
YDL182W,0.000946828
YOR368W,1.0516E-06
YPL084W,1.10612E-05
YOR369C,0.001156959
YOR265W,4.27691E-05
YDR508C,1.63926E-05
YHR039C-A,3.58831E-05
YGR119C,2.19359E-05
YML110C,1.55565E-05
YDR331W,8.5643E-06
YPR145W,0.000233827
YGR124W,0.000216532
YMR189W,0.000163352
YLR185W,4.31478E-05
YLR325C,0.000768331
YNL131W,6.08781E-05
YDR234W,0.000271828
YML022W,3.99738E-05
YPR124W,2.61517E-05
YDR012W,0.000580531
YGL092W,1.67846E-05
YGR180C,0.000102459
YDR305C,1.90829E-06
YLR351C,3.7423E-05
YMR288W,1.03671E-05
YMR078C,2.73253E-06
YML014W,6.05989E-06
YMR268C,2.3181E-06
YGR217W,1.88701E-06
YGR223C,1.84463E-06
YGR231C,4.9349E-05
YGR232W,7.16971E-06
YGR235C,1.07929E-05
YGR238C,2.19241E-06
YML056C,5.27244E-05
YLR432W,0.000284511
YMR304W,2.07601E-05
YMR223W,1.24609E-06
YMR019W,2.59363E-06
YMR005W,9.85095E-06
YML004C,8.40959E-06
YDR245W,2.25962E-05
YML017W,9.55581E-06
YMR060C,3.44985E-06
YMR273C,3.82592E-06
YGR055W,2.40033E-05
YNR034W,8.31049E-06
YDL064W,5.39197E-06
YOL143C,2.56092E-05
YNL261W,5.41979E-06
YOL148C,1.36191E-06
YDR505C,6.43315E-06
YNL106C,3.04535E-06
YNL101W,1.20232E-05
YNL100W,3.14518E-06
YNL099C,2.66959E-06
YNL097C,3.11916E-06
YNL067W,0.000137413
YDR500C,2.1239E-05
YOR035C,1.81761E-05
YGR267C,1.13595E-05
YLR371W,2.99841E-06
YGL210W,3.5397E-05
YML025C,1.60254E-05
YDR328C,1.89876E-05
YDR390C,1.35086E-05
YOR347C,4.88732E-06
YDR092W,3.43219E-05
YLR306W,1.5803E-06
YLR200W,4.8539E-06
YML103C,3.84635E-05
YDL093W,1.35328E-06
YER087C-B,6.76438E-06
YER019C-A,1.55522E-05
YDL116W,2.93578E-05
YDR111C,4.39538E-06
YLR089C,2.04597E-05
YLR153C,0.000615501
YDR261C,1.0455E-05
YPR173C,1.71464E-05
YDR335W,2.24793E-05
YLR457C,9.12402E-07
YGL091C,8.96137E-06
YOR363C,1.81214E-05
YGL027C,1.84872E-05
YGL083W,6.25419E-06
YGL094C,8.03044E-06
YGL100W,1.21163E-05
YGL126W,1.68117E-06
YGL209W,2.07274E-07
YGR099W,4.00778E-06
YGL112C,1.98254E-05
YGR123C,2.42799E-05
YGR048W,1.69489E-05
YGR060W,0.000128824
YGR281W,0.00017223
YGR287C,3.24185E-06
YGL247W,4.05223E-06
YGL246C,1.00767E-05
YGL244W,1.52338E-05
YGL242C,8.10747E-06
YGL241W,1.40476E-05
YGL236C,4.61764E-06
YGL232W,5.62504E-06
YGL231C,5.76391E-06
YGL228W,2.28932E-05
YGL227W,6.71304E-06
YGL224C,4.10274E-06
YGL223C,9.78899E-06
YGL221C,1.95606E-05
YGL220W,1.17495E-06
YGL219C,3.39033E-06
YGL216W,6.25033E-06
YGL211W,2.40413E-06
YGL202W,0.000338503
YGL201C,1.54659E-05
YGL198W,1.02383E-05
YGL197W,5.98527E-06
YGL196W,2.4512E-05
YGL194C,4.25754E-06
YGL185C,4.8593E-06
YGL184C,2.14546E-05
YGL180W,9.10379E-06
YGL164C,6.8702E-06
YGL161C,5.79429E-06
YGL160W,1.38477E-05
YGL159W,1.13586E-05
YGL157W,1.59473E-05
YGL153W,5.69481E-06
YGL151W,8.8277E-06
YGL150C,2.0375E-05
YGL141W,3.48662E-06
YGL140C,7.75419E-06
YGL139W,4.29689E-06
YGL136C,6.29379E-07
YGL133W,7.66771E-06
YGL125W,0.000116045
YGL120C,6.90369E-05
YGL117W,3.27664E-05
YGL114W,1.07785E-05
YGL111W,1.92773E-05
YGL110C,9.78005E-06
YGL108C,4.42318E-06
YGL107C,1.20205E-05
YGL106W,3.25501E-05
YGL101W,5.5371E-06
YGL099W,3.55784E-05
YGL098W,3.20129E-06
YGL093W,3.04062E-06
YGL087C,5.83883E-06
YGL084C,1.62303E-05
YGL082W,1.33846E-05
YGL068W,3.3657E-05
YGL067W,5.48896E-06
YGL066W,3.62011E-06
YGL064C,4.17243E-06
YGL061C,2.46905E-06
YGL060W,1.10632E-05
YGL059W,8.97768E-07
YGL056C,2.39587E-05
YGL053W,6.11543E-07
YGL050W,7.61769E-06
YGL047W,1.06029E-06
YGL045W,1.03947E-06
YGL039W,5.92443E-06
YGL037C,5.27683E-05
YGL036W,1.67885E-06
YGL028C,4.92509E-06
YGL023C,4.84179E-06
YGL020C,1.7676E-05
YGL018C,1.88006E-06
YGL005C,2.85869E-06
YGL004C,9.31977E-06
YGL002W,7.8525E-06
YGL001C,2.11022E-05
YGR001C,3.68168E-05
YGR002C,5.61985E-06
YGR003W,3.21862E-06
YGR004W,2.6573E-06
YGR010W,7.89305E-06
YGR012W,1.49741E-05
YGR013W,2.64046E-06
YGR016W,1.96782E-06
YGR017W,9.77304E-06
YGR021W,1.80978E-06
YGR024C,4.20608E-06
YGR026W,6.98732E-06
YGR030C,2.34765E-06
YGR031W,6.05194E-06
YGR033C,5.74984E-06
YGR034W,0.001020169
YGR038W,8.12E-06
YGR043C,4.138E-06
YGR046W,1.96578E-06
YGR054W,9.23542E-05
YGR056W,2.11659E-05
YGR058W,3.39195E-06
YGR065C,3.86418E-05
YGR068C,3.12862E-06
YGR080W,5.05603E-05
YGR081C,5.91583E-06
YGR086C,0.000597193
YGR089W,4.47896E-06
YGR090W,5.82141E-05
YGR093W,4.07792E-06
YGR095C,1.00867E-05
YGR100W,9.17885E-06
YGR101W,6.21927E-06
YGR103W,3.85379E-05
YGR111W,5.50122E-06
YGR112W,3.33527E-06
YGR113W,1.23366E-06
YGR117C,1.05195E-05
YGR120C,2.1848E-07
YGR122W,1.5786E-06
YGR125W,2.73004E-05
YGR126W,2.31233E-07
YGR128C,3.39658E-05
YGR129W,1.80611E-06
YGR130C,2.72272E-05
YGR134W,1.69927E-06
YGR136W,8.51898E-06
YGR138C,2.05184E-06
YGR163W,2.71284E-06
YGR165W,1.17337E-05
YGR169C,6.42034E-07
YGR173W,1.79882E-05
YGR177C,8.71787E-06
YGR178C,0.00030549
YGR179C,8.35224E-07
YGR181W,1.17183E-05
YGR189C,4.25462E-05
YGR211W,6.91731E-05
YGR215W,3.50331E-06
YGR241C,7.52893E-06
YGR244C,2.96314E-05
YGR245C,5.39017E-05
YGR247W,1.31066E-06
YGR248W,2.32077E-06
YGR250C,7.29597E-06
YGR251W,9.15764E-07
YGR255C,3.83308E-06
YGR257C,2.24945E-06
YGR260W,1.68982E-05
YGR262C,4.48849E-06
YGR263C,4.80631E-06
YGR266W,2.08014E-05
YGR271W,1.50744E-05
YGR275W,4.84668E-06
YGR276C,8.25048E-06
YGR277C,1.87139E-05
YGR278W,4.91251E-06
YGR279C,6.08891E-05
YGR280C,8.69026E-06
YGR283C,5.86274E-06
YGR284C,5.96096E-05
YLR212C,7.77564E-06
YMR270C,1.30533E-06
YMR016C,4.3713E-06
YNL070W,1.38602E-05
YNL222W,1.76651E-06
YNL126W,7.8218E-06
YOR259C,5.21187E-05
YNL118C,2.82309E-05
YPL127C,1.29104E-05
YNL139C,2.69399E-05
YNL249C,4.49734E-06
YOR142W,4.78951E-05
YNR031C,7.80303E-06
YPL010W,2.15805E-05
YNR049C,1.7337E-06
YNL036W,8.70394E-06
YNL066W,9.57351E-06
YNL251C,2.28116E-05
YDL145C,8.34767E-05
YNR023W,5.39147E-06
YNR019W,2.54459E-05
YOL115W,5.96539E-06
YNL044W,4.50848E-05
YOL068C,2.17097E-06
YPL015C,5.71126E-06
YLR216C,8.37725E-05
YNR015W,4.59268E-06
YNR018W,1.06166E-05
YNR020C,1.10299E-06
YNR021W,6.97111E-05
YNR022C,5.00638E-06
YNR024W,1.52751E-06
YNR027W,1.38781E-06
YNR029C,8.34719E-06
YNR030W,2.33912E-05
YNR035C,3.45142E-05
YNR036C,1.37849E-05
YNR037C,6.20796E-06
YNR038W,9.39966E-06
YNR040W,2.639E-06
YNR046W,1.59094E-05
YNR047W,6.78747E-06
YNR048W,3.25942E-06
YNR051C,3.03104E-05
YNR053C,5.37628E-05
YNR054C,1.66717E-05
YNR063W,7.46849E-07
YNR065C,3.52544E-06
YNR067C,1.22087E-05
YML080W,8.84283E-06
YNL288W,8.83888E-06
YNL286W,8.54215E-07
YNL283C,1.18485E-05
YNL281W,4.70291E-05
YNL278W,6.7121E-06
YNL274C,7.27824E-06
YNL273W,8.23005E-06
YNL265C,5.36516E-06
YNL264C,1.38393E-05
YNL263C,2.48643E-05
YNL260C,1.53811E-06
YNL258C,9.87694E-06
YNL256W,4.10022E-05
YNL255C,2.07792E-05
YNL254C,3.40211E-07
YNL253W,4.39251E-06
YNL247W,0.000135159
YNL246W,1.74862E-06
YNL245C,9.70058E-07
YNL242W,1.56213E-06
YNL234W,1.24566E-07
YNL233W,2.61497E-06
YNL232W,8.89316E-06
YNL231C,3.25103E-05
YNL227C,1.15478E-05
YNL225C,4.94105E-06
YNL224C,3.82787E-06
YNL219C,2.58167E-05
YNL193W,2.81388E-06
YNL191W,1.87428E-06
YNL186W,1.49365E-05
YNL185C,0.000110636
YNL182C,2.83615E-05
YNL181W,4.3336E-06
YNL180C,1.10486E-05
YNL177C,2.55092E-05
YNL175C,2.17726E-05
YNL173C,1.08663E-05
YNL172W,1.94932E-06
YNL168C,8.19979E-06
YNL166C,2.23556E-05
YNL164C,1.77739E-06
YNL163C,0.000294519
YNL161W,1.10439E-05
YNL159C,7.17137E-07
YNL158W,5.36683E-07
YNL157W,2.53853E-06
YNL156C,1.8748E-05
YNL155W,9.94247E-06
YNL153C,1.54022E-05
YNL152W,1.72207E-06
YNL149C,1.51872E-05
YNL148C,8.6576E-06
YNL147W,1.69186E-05
YNL141W,5.28696E-05
YNL136W,2.67033E-06
YNL133C,3.42669E-06
YNL132W,8.31441E-05
YNL129W,1.10428E-05
YNL127W,5.56109E-06
YNL124W,5.53134E-06
YNL123W,3.68241E-05
YNL119W,5.27574E-06
YNL116W,4.41979E-06
YNL115C,9.4311E-06
YNL110C,2.88555E-05
YNL108C,1.04396E-05
YNL095C,1.19379E-06
YNL091W,1.0169E-05
YNL080C,3.16927E-06
YNL075W,1.53078E-05
YNL072W,4.08708E-06
YNL065W,5.41473E-06
YNL059C,1.6689E-05
YNL054W,6.12284E-06
YNL051W,3.63756E-06
YNL050C,2.87278E-07
YNL049C,2.32779E-05
YNL048W,6.36706E-06
YNL047C,3.53137E-06
YNL042W,3.35299E-06
YNL041C,8.07761E-06
YNL040W,5.15325E-06
YNL035C,1.42456E-05
YNL032W,2.74059E-06
YNL027W,1.35085E-05
YNL026W,7.96812E-06
YNL023C,6.77657E-06
YNL022C,2.70556E-06
YNL021W,8.44986E-06
YNL014W,0.00018955
YNL010W,5.25589E-05
YNL008C,1.9231E-06
YMR039C,1.93161E-05
YML052W,3.6447E-05
YLR460C,8.88138E-06
YPL053C,3.81271E-06
YMR119W,1.67389E-06
YLR028C,4.8762E-05
YMR169C,5.18881E-06
YPL061W,0.001514606
YMR067C,1.37742E-05
YMR121C,5.31902E-05
YMR015C,4.28882E-05
YML086C,5.91238E-05
YML065W,1.00151E-05
YML109W,6.06474E-06
YML097C,2.9601E-06
YLL004W,1.14208E-06
YPR162C,2.80559E-06
YML012W,1.40318E-05
YML070W,6.66051E-05
YML126C,0.000534916
YDR068W,3.87112E-06
YDL190C,2.63791E-05
YLL001W,4.04633E-05
YOR008C,6.84565E-06
YOR323C,0.000391408
YLR059C,9.7461E-06
YDR525W-A,1.0778E-05
YFL034C-A,5.1756E-06
YLR438C-A,2.62173E-06
YJR135W-A,4.31576E-06
YFL039C,0.00096785
YBR010W; YNL031C,0.000497663
YKR035W-A,1.35518E-05
YBR233W-A,6.5776E-07
YKL138C-A,7.95065E-07
YNL220W,0.000509207
YAR035W,1.11699E-05
YJL081C,1.04829E-05
YLR191W,4.91122E-06
YPR133W-A,1.88851E-05
YDR322C-A,2.85057E-05
YML081C-A,8.1127E-06
YHR005C-A,4.98143E-06
YDR166C,7.07351E-06
YOL145C,4.58611E-05
YER007C-A,2.1637E-05
YDL022W,0.000113592
YIL118W,4.09615E-05
YKR055W,2.64877E-06
YGL190C,2.72269E-05
YDR150W,0.000111302
YLR430W,3.79189E-05
YHR086W,2.29617E-06
YIL143C,6.41329E-06
YML121W,7.73183E-07
YJL031C,6.20813E-06
YFR028C,1.4998E-05
YKL148C,6.37002E-05
YGR075C,1.94802E-06
YBR126C,3.83157E-05
YHR030C,7.08768E-06
YPL259C,1.13887E-05
YDR028C,2.43255E-05
YKL087C,7.28395E-06
YIL061C,1.52962E-06
YDR463W,7.79218E-07
YNR016C,0.000863179
YNL248C,3.39539E-05
YGL130W,8.84498E-06
YGL129C,1.92734E-05
YER069W,0.000382587
YAL043C,1.28389E-05
YJL095W,5.37678E-06
YBR215W,3.18572E-06
YPR135W,1.35975E-05
YOR124C,2.35785E-05
YER151C,3.41942E-05
YLR038C,1.43802E-05
YNL239W,8.9841E-05
YDR432W,0.000336265
YLR026C,6.3478E-06
YLR244C,5.3759E-05
YNL199C,5.06454E-06
YKL106W,1.07193E-05
YML104C,6.4777E-06
YIL022W,4.43208E-05
YOL040C,0.001614729
YOR233W,4.24494E-06
YGL048C,9.11209E-05
YBR111C,1.43176E-05
YKR080W,8.67169E-05
YNL167C,2.95901E-06
YMR022W,7.0564E-06
YKL001C,0.000169203
YEL053C,5.80919E-06
YGL172W,2.08384E-05
YKR003W,4.62396E-06
YKR006C,7.58613E-06
YKR007W,4.28239E-06
YKR008W,1.60446E-05
YKR009C,7.40108E-06
YKR010C,2.13703E-06
YIR026C,7.68381E-06
YGR074W,5.86879E-06
YML073C,0.00114681
YDR448W,6.60863E-06
YDR449C,1.33971E-05
YKR095W,3.07467E-05
YPL128C,1.38151E-05
YMR072W,5.16511E-05
YOR358W,6.70772E-07
YMR240C,9.02555E-07
YMR239C,4.41959E-06
YPL013C,5.41006E-06
YKL068W,1.76156E-05
YMR047C,1.68437E-05
YPL037C,0.000557247
YDR424C,6.46774E-06
YPL030W,1.02781E-05
YPL020C,3.03568E-06
YPL019C,1.13935E-05
YBR191W,0.001364468
YPL067C,1.52205E-06
YPL065W,2.21091E-06
YPL064C,2.55518E-06
YJR034W,2.13464E-06
YML091C,1.51858E-05
YDL212W,4.7306E-05
YDR088C,3.63699E-06
YPL063W,4.51905E-05
YPL059W,1.26274E-05
YPL058C,3.82837E-05
YOR048C,1.59857E-05
YGL213C,2.61419E-05
YMR149W,2.56851E-05
YPL055C,7.56224E-07
YPL051W,2.71757E-06
YOR018W,5.31322E-06
YNL189W,0.00010728
YPL083C,2.37252E-06
YPL077C,2.60225E-06
YPL072W,3.92221E-06
YPL070W,3.79236E-06
YPL108W,8.69546E-07
YPL107W,2.37482E-07
YPL105C,1.85767E-05
YPL103C,5.3039E-06
YPL101W,7.90208E-06
YPL100W,6.75109E-06
YPL099C,2.20702E-06
YPL098C,2.375E-06
YPL096W,8.97112E-06
YPL093W,9.93455E-05
YPL086C,1.96127E-05
YPL126W,4.37509E-05
YPL125W,1.47341E-05
YPL123C,3.21145E-07
YPL122C,4.92355E-06
YPL120W,0.003279981
YPL118W,1.83414E-05
YPL116W,1.15809E-05
YPL112C,4.58403E-06
YPL110C,0.000374169
YPL109C,9.61693E-07
YPL139C,1.04186E-05
YPL138C,4.27349E-06
YPL137C,0.000420178
YPL135W,8.10207E-06
YPL134C,5.09712E-06
YLL050C,0.000103162
YPL049C,6.80303E-06
YPL038W,1.41916E-07
YPL032C,2.3756E-05
YML131W,1.98212E-05
YML130C,1.76702E-05
YML128C,1.49833E-06
YML127W,8.52105E-06
YMR096W,2.88579E-05
YMR098C,8.49035E-06
YMR099C,4.45011E-05
YMR100W,4.02425E-06
YMR102C,3.07879E-06
YKL164C,0.000167249
YDR091C,0.000213304
YDR041W,4.70153E-06
YMR171C,2.83657E-06
YMR172W,4.36861E-07
YMR177W,9.89754E-06
YMR178W,1.94187E-05
YMR188C,1.25089E-05
YMR277W,6.27893E-06
YMR278W,3.84094E-06
YMR285C,8.0481E-06
YMR289W,5.14461E-06
YDR457W,3.75045E-05
YDR458C,1.02062E-05
YDR460W,3.41676E-06
YDR465C,1.67876E-05
YDR466W,3.7852E-06
YPL045W,3.14365E-06
YDR468C,4.35122E-06
YDR469W,2.87418E-06
YDR470C,7.74571E-06
YGR252W,7.0752E-06
YDR472W,7.39486E-06
YDR473C,2.00198E-06
YDR475C,3.26962E-06
YDR476C,1.3801E-05
YDR480W,7.28655E-07
YDR482C,1.27476E-07
YDR485C,2.84378E-06
YDR486C,3.61059E-06
YDR490C,5.50954E-06
YDR493W,3.94101E-06
YDR494W,7.36917E-06
YML041C,3.4509E-07
YDL002C,2.39671E-06
YDL001W,4.7115E-06
YDR205W,4.15574E-06
YDR206W,3.03568E-06
YDR210W-B,3.49403E-05
YMR259C,1.51652E-05
YHL007C,1.59403E-05
YPR051W,2.97216E-06
YMR265C,9.81515E-07
YMR266W,5.95702E-05
YMR269W,5.63363E-06
YMR272C,1.62818E-05
YMR290C,6.70628E-05
YMR292W,1.41011E-06
YMR293C,1.55439E-06
YHR179W,0.000301143
YMR295C,6.76033E-06
YML079W,3.00106E-06
YML076C,4.14334E-06
YML072C,5.59028E-05
YMR209C,3.83909E-06
YMR211W,1.66338E-06
YMR212C,9.97117E-06
YMR213W,1.57719E-06
YMR215W,7.17066E-05
YMR216C,4.21024E-06
YMR218C,3.90569E-06
YMR219W,1.31242E-05
YMR002W,1.20177E-05
YMR003W,8.79366E-06
YMR006C,1.00048E-05
YMR009W,9.24976E-06
YMR010W,4.88365E-06
YMR012W,0.000165372
YMR200W,1.15873E-05
YML037C,6.37724E-07
YML036W,7.1698E-06
YML034W,9.59176E-06
YML030W,6.70459E-06
YML029W,1.22921E-05
YML020W,0.000184184
YML019W,6.27276E-06
YML018C,1.25305E-05
YML117W,1.37331E-05
YML114C,5.77275E-06
YML111W,5.48232E-06
YML108W,3.76595E-06
YDR145W,1.37898E-05
YDR147W,2.56727E-06
YDR152W,1.54006E-05
YDR153C,7.87996E-06
YDR161W,9.7387E-06
YDR165W,1.78475E-05
YDR235W,0.000133776
YDR236C,3.17346E-06
YDR239C,1.73494E-06
YDR240C,2.59315E-06
YDR246W,1.26265E-06
YDR248C,5.55191E-06
YMR153W,1.50101E-05
YMR154C,7.43296E-07
YMR155W,6.66947E-07
YMR157C,1.13971E-05
YMR158W,6.78919E-06
YMR166C,5.76291E-06
YDR096W,2.88685E-06
YDR097C,2.36393E-05
YDR098C,2.24119E-05
YDR100W,1.61744E-07
YDR101C,0.00023519
YDR104C,0.002174784
YDR128W,4.10161E-06
YDR130C,1.38511E-06
YDR132C,2.17463E-06
YDR139C,5.49235E-06
YDR141C,8.26735E-05
YDR190C,5.8479E-05
YDR196C,6.43628E-06
YDR198C,1.7153E-05
YDR200C,2.26355E-06
YDR201W,2.45091E-06
YDR202C,1.45931E-06
YKL139W,8.05548E-06
YDR174W,5.15916E-05
YDR175C,8.62003E-06
YDR180W,2.55757E-05
YDR181C,1.20787E-06
YDR186C,3.89333E-06
YMR241W,0.000321518
YDR415C,1.07371E-06
YDR416W,1.28528E-05
YDR419W,2.64066E-06
YDR425W,7.97588E-06
YDR427W,0.000404216
YDR428C,3.17103E-06
YDR429C,7.45429E-05
YDR434W,1.35392E-05
YDR435C,3.54154E-06
YDR439W,1.2403E-06
YDR440W,2.73196E-06
YDR444W,4.50293E-06
YDR452W,1.5248E-05
YDR386W,6.68947E-07
YDR393W,3.18505E-06
YDR395W,6.13309E-05
YDR398W,2.72601E-05
YDR399W,0.000108486
YDR400W,2.90769E-06
YDR406W,2.70413E-06
YDR407C,5.64531E-06
YDR409W,3.40845E-06
YML102W,8.93601E-06
YML101C,7.45786E-06
YMR041C,5.09194E-06
YMR128W,2.22155E-05
YMR130W,4.28548E-06
YMR131C,4.10286E-05
YML015C,2.02361E-06
YML013W,1.18315E-05
YML011C,1.76424E-07
YML006C,6.38057E-06
YMR076C,1.62274E-05
YMR086W,1.41853E-05
YMR088C,1.26606E-05
YMR090W,8.25532E-07
YMR093W,1.34151E-05
YDR045C,7.59599E-07
YDR049W,2.71387E-05
YMR192W,1.10897E-05
YMR196W,1.62699E-06
YMR197C,8.56333E-06
YDR031W,1.6932E-06
YDL125C,8.81082E-05
YMR014W,9.80804E-06
YMR027W,2.86418E-05
YMR028W,2.53432E-06
YDR496C,6.13299E-05
YDR506C,4.09966E-06
YDR511W,3.74428E-06
YDR512C,3.03273E-06
YDR514C,4.78874E-06
YDR516C,9.00356E-06
YDR517W,1.24149E-05
YDR524C,1.94813E-06
YDR527W,7.66148E-06
YDR531W,8.25197E-06
YDR532C,3.69278E-06
YDR533C,3.6021E-05
YMR106C,8.81256E-07
YMR109W,0.00050112
YMR110C,1.88033E-05
YMR111C,7.15931E-06
YMR114C,7.1809E-07
YMR115W,1.66757E-05
YMR117C,2.05644E-06
YML096W,4.37004E-06
YLR208W,5.36729E-05
YML094W,1.24128E-05
YML093W,2.58977E-05
YML088W,5.28622E-06
YML082W,1.16301E-05
YML081W,4.05782E-06
YDR107C,5.55394E-06
YDR109C,2.83927E-06
YDR115W,1.3305E-06
YDR116C,9.12636E-06
YDR117C,8.34744E-06
YDR118W,1.6039E-06
YDR119W,1.3159E-05
YDR121W,7.8734E-06
YML071C,2.45136E-06
YML069W,3.25274E-05
YML067C,4.70749E-06
YMR049C,6.98834E-05
YLR005W,4.19909E-06
YML050W,2.02194E-06
YML049C,1.34459E-05
YML048W,8.38326E-05
YMR062C,0.000119787
YER027C,1.15131E-05
YMR234W,4.93274E-07
YMR066W,5.75164E-06
YMR071C,1.14896E-05
YMR073C,4.48591E-06
YMR074C,5.81341E-06
YMR075W,5.52982E-06
YMR247C,2.7396E-05
YMR250W,6.40351E-07
YMR253C,1.33136E-06
YMR255W,5.42774E-07
YMR258C,2.70901E-06
YMR310C,4.61219E-06
YMR312W,6.65812E-06
YMR315W,3.65021E-05
YMR318C,9.83412E-05
YDR219C,4.87603E-07
YDR221W,6.07589E-06
YDR222W,1.49127E-06
YDR229W,3.90046E-06
YDR231C,3.37308E-06
YDR233C,0.000274181
YMR305C,1.20235E-05
YML059C,1.81648E-05
YML055W,1.24376E-05
YMR221C,1.07932E-05
YMR226C,0.000129241
YMR227C,3.31068E-06
YMR229C,0.000213673
YMR233W,1.68822E-06
YMR236W,2.99891E-06
YMR237W,3.11046E-05
YMR238W,2.95634E-06
YMR029C,8.57292E-06
YMR031C,3.51512E-05
YMR033W,1.40921E-05
YDL088C,5.46025E-06
YAR002C-A,3.7671E-05
YDR333C,1.05165E-05
YDR334W,5.70559E-06
YDR339C,4.33305E-06
YDR341C,0.000218594
YDR346C,4.32832E-05
YDR348C,8.5764E-06
YDR284C,1.096E-05
YDR286C,9.14823E-08
YDR287W,2.70331E-06
YDR288W,1.03992E-06
YDR289C,9.61255E-06
YDR291W,2.15574E-06
YDR294C,2.86236E-05
YDR265W,8.93993E-07
YDR266C,4.14614E-06
YDR267C,4.57944E-06
YDR272W,1.14031E-05
YDR279W,5.3355E-07
YDR280W,1.27101E-05
YDL189W,3.48027E-06
YLR192C,4.82867E-05
YLR199C,6.33599E-06
YLR201C,2.52352E-06
YLR206W,1.88617E-05
YLR207W,5.92954E-06
YLR209C,1.4089E-05
YLR215C,5.17308E-06
YLR219W,1.12746E-05
YLR283W,3.56912E-06
YLR285W,6.70579E-06
YLR287C,9.59039E-06
YLR290C,1.3402E-06
YLR298C,2.16458E-06
YLR299W,6.13038E-06
YLR301W,7.64859E-05
YLR359W,0.000793115
YLR360W,1.74775E-06
YLR361C,5.66651E-06
YLR364W,1.52096E-05
YLR368W,8.95032E-07
YLR369W,3.62523E-05
YLR370C,1.87344E-05
YLR373C,1.14759E-05
YLR221C,9.632E-06
YLR222C,3.60945E-05
YLR225C,1.06786E-05
YLR226W,5.1563E-06
YLR228C,5.34374E-06
YLR231C,1.92227E-05
YLR238W,1.02015E-05
YLR239C,2.37562E-06
YLR389C,1.97521E-05
YLR390W,2.22724E-06
YLR401C,2.12353E-05
YLR404W,3.28453E-07
YLR405W,4.87677E-06
YLR409C,3.2747E-05
YPR098C,3.04702E-06
YPR100W,4.7853E-06
YPR101W,8.43109E-07
YPR105C,8.82521E-06
YPR108W,6.83896E-05
YPR109W,1.1709E-06
YPR112C,1.7442E-05
YPR114W,3.01008E-05
YPR115W,3.26202E-06
YLR336C,1.41844E-05
YLR345W,3.52986E-06
YLR347C,6.62513E-05
YLR348C,8.02902E-06
YLR350W,3.92607E-06
YLR257W,8.70041E-06
YLR260W,6.0478E-06
YLR270W,1.60295E-05
YLR272C,6.0981E-06
YLR315W,1.0154E-06
YLR321C,1.15992E-05
YLR324W,7.47901E-06
YLR328W,1.32852E-05
YLR454W,1.73007E-05
YLR455W,8.65978E-07
YLR449W,0.000160045
YPR164W,6.6822E-06
YPR168W,6.95237E-06
YPR169W,1.74979E-05
YLR275W,2.26878E-06
YLR276C,3.342E-05
YLR277C,1.00964E-05
YLR166C,3.80825E-06
YLR179C,3.9093E-05
YLR181C,2.5489E-06
YLR183C,3.59966E-05
YLR186W,1.07736E-05
YLR187W,1.75437E-05
YLR189C,5.12245E-06
YLR190W,1.39681E-06
YDR352W,4.60552E-06
YDR357C,5.0383E-07
YDR358W,7.12966E-06
YDR359C,1.08578E-05
YDR361C,1.11208E-05
YDR362C,1.66585E-06
YDR365C,3.45444E-05
YDR367W,1.01625E-05
YDR370C,9.6896E-07
YDR371W,1.28373E-06
YDR372C,3.07639E-05
YDR373W,2.07844E-06
YDR377W,0.000168162
YDR378C,5.13103E-06
YDR379W,3.79039E-06
YLR422W,6.1197E-06
YLR424W,3.60191E-06
YLR425W,3.34676E-07
YLR427W,3.21246E-06
YLR429W,9.04584E-05
YPR154W,6.98002E-06
YPR156C,1.51575E-05
YLR352W,2.491E-06
YLR357W,4.03602E-05
YPR118W,3.07719E-05
YPR125W,3.23648E-05
YPR127W,6.88297E-06
YPR128C,5.04223E-06
YPR131C,1.83585E-06
YPR133C,2.15277E-05
YPR137W,5.63487E-05
YPR139C,6.34654E-06
YPR140W,3.4731E-06
YPR143W,9.35661E-06
YPR144C,7.80895E-06
YPR148C,2.83887E-05
YLR241W,1.12192E-05
YLR243W,4.17078E-06
YLR245C,2.14138E-07
YLR247C,4.26793E-06
YLR253W,1.21333E-05
YPR188C,1.81126E-06
YPR171W,2.00721E-06
YPR172W,1.49881E-05
YPR174C,2.32346E-06
YPR179C,2.90576E-06
YPR180W,1.87405E-06
YPR184W,2.13109E-06
YPR185W,2.28927E-06
YDR295C,4.82361E-06
YDR296W,1.32883E-05
YDR299W,1.95349E-05
YDR301W,2.03553E-05
YDR302W,5.71969E-06
YDR303C,2.74743E-05
YDR307W,3.91272E-06
YDR316W,7.23935E-06
YLR435W,7.44499E-06
YDR320C,4.88803E-06
YDR322W,1.0917E-05
YDR324C,4.39861E-05
YDR325W,7.2551E-06
YDR326C,6.17348E-06
YDR330W,6.7686E-06
YDR332W,1.73333E-07
YLR410W,3.70682E-05
YLR411W,2.01252E-06
YLR412W,2.14424E-06
YLR413W,2.33857E-05
YLR417W,3.05062E-06
YLR418C,1.93425E-05
YLR419W,3.7194E-05
YLR309C,1.45321E-05
YLR380W,3.36534E-05
YLR384C,4.8916E-05
YLR386W,2.38864E-05
YLR387C,2.47024E-05
YPR079W,2.86135E-06
YPR081C,3.07304E-06
YPR083W,3.24599E-06
YPR091C,1.03094E-05
YPR095C,2.47538E-06
YPR097W,1.21891E-05
R0030W,2.75555E-06
YPL188W,1.26338E-05
YLR414C,5.05918E-06
YLR006C,1.79989E-06
YDL027C,2.24806E-06
YDL043C,3.30409E-06
YDL053C,1.33879E-05
YDL054C,1.71506E-06
YDL057W,2.09321E-06
YDL060W,3.0349E-05
YDL063C,1.27926E-05
YDL065C,1.05417E-05
YDL072C,2.81963E-05
YDL073W,2.80842E-06
YDL074C,1.61316E-05
YDL076C,1.3223E-06
YDL077C,3.73806E-06
YDL080C,5.92005E-07
YDL084W,0.000129874
YDL086W,3.68754E-05
YDL087C,1.33556E-06
YDL112W,2.97857E-05
YDL113C,2.74396E-06
YDL115C,2.13998E-06
YDL117W,5.13989E-06
YDL119C,1.02641E-06
YDL120W,2.13881E-05
YDL121C,4.98982E-06
YDL123W,3.17692E-06
YDL124W,2.3211E-05
YDL144C,6.53434E-06
YDL203C,2.01208E-05
YDL213C,2.01411E-05
YDL219W,2.05022E-05
YDL224C,3.18696E-06
YDL225W,2.2965E-05
YDL235C,8.88436E-06
YDL237W,1.21751E-05
YLL007C,1.93293E-05
YLL010C,2.84837E-06
YLL012W,1.3719E-05
YLL013C,7.14305E-06
YLL027W,2.84033E-06
YLL028W,1.45771E-05
YLL029W,1.74608E-05
YLL031C,1.00422E-05
YLL032C,5.6049E-06
YLL034C,1.59162E-05
YLL035W,1.51407E-06
YLL038C,1.21097E-06
YLL040C,0.000215645
YLR001C,9.71823E-06
YLR002C,1.50981E-05
YLR003C,1.06415E-05
YLR007W,4.66927E-06
YLR008C,1.12464E-05
YLR009W,6.02952E-05
YLR011W,1.46135E-06
YLR016C,1.10806E-07
YLR017W,3.23139E-05
YLR019W,2.20838E-06
YLR020C,3.57092E-06
YLR021W,2.03155E-06
YLR022C,1.02987E-05
YLR023C,2.71429E-06
YLR033W,6.81705E-06
YLR072W,7.15234E-06
YLR074C,5.02317E-06
YLR077W,7.48718E-06
YLR103C,2.02033E-06
YLR104W,4.15032E-06
YOL010W,1.40719E-05
YOL018C,3.53143E-06
YOL019W,4.38338E-06
YOL021C,4.02212E-05
YOL027C,3.13926E-05
YOL030W,0.000143554
YOL031C,3.0108E-06
YOL032W,7.77733E-06
YOL034W,2.99113E-06
YOL036W,2.11196E-06
YOL041C,3.28373E-05
YOL042W,1.11649E-05
YOL045W,5.33029E-06
YOL049W,1.3965E-05
YOL053W,2.84887E-06
YOL055C,3.82644E-06
YOL057W,2.75594E-05
YOL063C,4.71306E-06
YOL065C,2.36172E-06
YOL070C,6.22135E-06
YOL071W,7.14445E-06
YOL075C,5.66508E-06
YOL077C,2.84248E-05
YOL080C,8.65269E-06
YOL109W,0.00028312
YOL119C,2.93175E-06
YOL130W,1.02909E-05
YOL133W,1.3857E-06
YOL135C,6.31406E-07
YOL137W,4.11361E-07
YOL138C,2.95225E-06
YOL141W,6.05185E-06
YOL142W,1.05684E-05
YOL144W,6.48884E-06
YOL158C,8.15832E-06
YOL164W,4.75554E-06
YOR042W,3.67427E-05
YOR051C,3.40088E-05
YOR052C,4.17354E-06
YOR054C,2.48554E-05
YOR056C,6.56407E-06
YOR057W,6.58087E-06
YOR059C,1.68793E-06
YOR070C,3.92885E-06
YOR076C,3.81443E-06
YOR078W,5.32382E-06
YOR175C,7.91679E-06
YOR189W,2.80367E-06
YOR191W,3.47193E-06
YOR192C,6.04554E-06
YOR195W,1.04382E-05
YOR197W,1.44842E-05
YOR205C,1.74662E-06
YOR238W,1.59173E-07
YOR239W,3.07934E-05
YOR241W,3.2243E-05
YOR243C,2.55187E-05
YOR244W,3.37749E-06
YOR245C,1.77003E-06
YOR246C,7.96647E-06
YOR249C,1.61536E-06
YOR250C,5.13733E-06
YOR251C,2.37618E-05
YOR252W,1.70567E-05
YOR253W,1.84501E-06
YOR256C,3.4264E-06
YOR261C,7.29584E-05
YOR262W,5.58078E-06
YOR267C,2.58442E-05
YOR286W,1.43361E-05
YOR293W,0.000830785
YOR294W,1.99311E-05
YOR295W,7.08417E-07
YOR296W,4.86446E-07
YOR299W,8.34698E-06
YOR301W,2.39144E-06
YOR304W,7.13752E-06
YOR305W,1.13514E-06
YOR352W,3.57476E-06
YOR353C,9.08528E-06
YOR354C,1.27942E-05
YOR356W,3.02354E-05
YOR357C,4.38849E-06
YOR359W,2.68615E-06
YOR367W,2.20643E-06
YOR371C,3.83817E-06
YOR385W,1.18437E-06
YPL176C,1.09606E-05
YPL178W,7.8495E-06
YPL180W,4.25265E-06
YPL181W,5.35844E-06
YPL183C,2.14498E-05
YPL184C,3.35044E-05
YPL193W,1.14585E-06
YPL195W,3.7493E-05
YPL196W,1.4819E-06
YPL199C,8.22104E-06
YPL206C,3.95787E-06
YPL207W,2.51253E-05
YPL208W,9.02693E-06
YPL211W,4.59861E-05
YPL213W,5.40821E-05
YPL217C,5.4199E-05
YPL219W,2.80295E-06
YPL221W,7.72578E-06
YPL222W,3.94038E-06
YPL224C,8.51913E-06
YPL225W,3.53138E-05
YPL226W,0.000227096
YPL260W,5.91949E-05
YPL263C,1.27777E-05
YPL267W,1.8009E-07
YPL273W,1.49824E-05
YPL274W,3.61708E-05
YPL279C,3.44201E-07
YNL045W,2.62295E-05
YOR091W,2.50913E-05
YOR002W,7.24074E-06
YPL236C,1.25311E-06
YPR056W,4.84016E-06
YOL003C,1.20568E-05
YDL021W,1.29492E-06
YDL201W,3.47668E-05
YOL092W,1.1255E-05
YOR223W,8.78869E-07
YOR281C,1.47683E-05
YDL132W,2.37479E-05
YLR106C,8.98331E-05
YLR082C,1.55477E-06
YOR272W,2.35035E-05
YDR056C,7.69381E-07
YPR029C,1.68462E-05
YOR271C,3.14268E-05
YDR167W,6.86184E-06
YOR215C,3.43624E-06
YOR275C,6.56136E-06
YDR515W,1.00985E-05
YLR051C,6.5604E-06
YPR032W,4.14882E-06
YOR283W,1.87673E-05
YDR253C,1.69547E-06
YOR081C,3.44949E-06
YOR220W,7.15817E-06
YDL209C,2.96541E-05
YPR045C,4.22454E-06
YOR144C,2.6922E-06
YPL069C,9.07208E-07
YPL157W,9.05779E-07
YDL166C,7.89823E-06
YOR226C,1.41893E-06
YOR104W,1.76678E-06
YPL254W,3.62436E-06
YDL193W,3.99117E-06
YDL089W,1.22539E-07
YOR079C,2.12665E-06
YOL151W,1.83322E-05
YDL036C,6.0126E-06
YDR027C,6.73839E-06
YLR095C,1.08868E-05
YPR069C,0.000153186
YLR034C,1.1815E-05
YPL146C,9.19324E-06
YDL157C,6.11682E-06
YDR020C,4.29001E-06
YPL005W,1.95396E-05
YLR107W,0.000130453
YPL170W,1.91538E-06
YOR006C,9.68004E-06
YOR320C,8.55335E-06
YDR021W,3.00507E-06
YDL025C,6.741E-06
YLR115W,7.45101E-06
YOR166C,1.17951E-06
YOR118W,5.99153E-06
YOL097C,5.63481E-05
YLR330W,1.52367E-05
YDR033W,0.000172036
YOR007C,0.000144898
YDL131W,0.000303813
YOR173W,4.85421E-05
YDL005C,2.20705E-06
YOR164C,2.73899E-05
YLR066W,1.38854E-05
YOR284W,3.27377E-07
YDL153C,1.46196E-05
YPR022C,2.72978E-06
YDL149W,3.6249E-06
YPL233W,1.38855E-05
YOR001W,2.4154E-05
YLR087C,4.28682E-06
YPL150W,2.28793E-06
YDR312W,2.42419E-06
YDL100C,6.55595E-05
YLR050C,4.93254E-06
YDR063W,1.75736E-06
YDL003W,6.68544E-06
YDR381W,0.000133307
YPR063C,1.3657E-06
YDR162C,3.60272E-06
YLL023C,2.35459E-05
YDL004W,1.72729E-05
YOR108W,1.99078E-05
YDR065W,7.61191E-07
YLR144C,4.56947E-06
YDR060W,4.63938E-05
YPR062W,1.71449E-05
YPL245W,6.74941E-06
YOL089C,7.80866E-06
YPR048W,5.75161E-06
YPL252C,9.27304E-07
YLR116W,3.59046E-06
YOR095C,3.36413E-05
YDL099W,8.21614E-06
YOR279C,7.41947E-06
YOR119C,3.13521E-06
YPR040W,4.72424E-06
YPL006W,1.17826E-05
YOR022C,2.84794E-06
YOR229W,1.75484E-06
YPR149W,4.69459E-05
YPL212C,2.71853E-05
YPL198W,0.000396992
YLR129W,3.34305E-05
YPR042C,5.17387E-06
YOL128C,1.21231E-06
YDL059C,2.56196E-06
YDL091C,4.10996E-06
YPL004C,0.000130997
YPR020W,8.3018E-05
YOR216C,7.05174E-06
YLL055W,2.21124E-05
YOL100W,3.44022E-06
YOL107W,8.15862E-06
YOR106W,7.70032E-07
YOR138C,1.55933E-05
YLL054C,3.05572E-06
YPL144W,4.37176E-06
YOR171C,2.75065E-05
YLR068W,7.35028E-06
YDL147W,9.4022E-05
YPR011C,2.47358E-06
YLR093C,9.45114E-06
YOR273C,2.15989E-05
YLR108C,4.13798E-06
YPR046W,5.00184E-07
YDR507C,2.21487E-05
YOL061W,5.1124E-05
YLR086W,4.22235E-06
YPL246C,7.57643E-06
YOR109W,2.40424E-05
YOL102C,4.79166E-06
YOR097C,1.39913E-06
YOR093C,7.35849E-06
YOR227W,6.3409E-06
YDL111C,2.37769E-05
YPL242C,0.004367705
YOR221C,6.75475E-06
YPR037C,1.45147E-06
YOL111C,3.10512E-05
YLR126C,1.06367E-05
YOR100C,9.41097E-07
YLR063W,4.6182E-06
YOL060C,8.17921E-06
YPL011C,1.67036E-06
YDR061W,1.44448E-05
YDL180W,4.49998E-06
YOR285W,1.61061E-05
YDR510W,4.64418E-05
YPL007C,8.66443E-07
YLR117C,4.18903E-06
YPR031W,2.35272E-06
YOR021C,3.41106E-05
YDL207W,4.3938E-06
YOR040W,2.13529E-06
YPR070W,4.84358E-06
YOR087W,1.54883E-05
YLR092W,1.39729E-05
YOL056W,1.52955E-06
YDL217C,9.90706E-06
YDR171W,4.46444E-06
YDR262W,1.32776E-06
YDL139C,6.68241E-07
YDR032C,5.94563E-05
YOR004W,1.58552E-05
YPL001W,1.56767E-05
YDL146W,4.03387E-07
YOR174W,3.74177E-06
YPL249C,1.27303E-05
YLR052W,3.30374E-06
YLR097C,5.37373E-07
YLR295C,2.50367E-05
YLR118C,1.50973E-06
YDR055W,3.31964E-06
YDR384C,2.33859E-05
YDL035C,6.57045E-07
YOL066C,5.01247E-06
YOR230W,0.000173962
YPL255W,1.05215E-06
YDL098C,3.7168E-06
YLL022C,1.11614E-05
YPR155C,9.20577E-06
YOR130C,6.32031E-06
YDL097C,0.000608589
YOR311C,8.27874E-06
YOL125W,7.46482E-06
YOR141C,1.16956E-05
YOL076W,2.54527E-05
YDL031W,3.17524E-05
YNL284C-A,0.000177598
YOL093W,6.93008E-06
YPR028W,0.000543872
YDL018C,5.14736E-06
YOR288C,3.37403E-06
YPR034W,1.62497E-05
YDL046W,6.5697E-06
YOR161C,9.79767E-06
YOR110W,3.46888E-06
YOR083W,7.07006E-07
YPL151C,1.35973E-06
YOR308C,3.37766E-06
YDR169C,4.4021E-06
YPR002W,1.48958E-05
YLR143W,1.17229E-05
YPR023C,7.67204E-06
YDL135C,1.55587E-05
YLR130C,3.27125E-05
YDL010W,3.49183E-06
YOL002C,2.0403E-05
YDL204W,9.21566E-07
YLR018C,7.47405E-06
YOR181W,1.37705E-05
YDR071C,5.82621E-05
YDR214W,8.77824E-05
YOR016C,6.85073E-06
YDL019C,1.79587E-05
YLR100W,3.10005E-05
YOR112W,2.62797E-05
YDR067C,8.58836E-07
YLR146C,1.98948E-05
YDR026C,1.37746E-06
YDR368W,4.92397E-05
YLR197W,0.000275431
YOL147C,3.36754E-05
YOL124C,1.23127E-05
YPL235W,4.48655E-05
YLR084C,1.20781E-05
YOR086C,3.02226E-05
YDL175C,1.80043E-06
YPR004C,2.89691E-05
YOR287C,3.765E-06
YPR021C,2.92352E-06
YPL002C,1.53795E-06
YOR131C,8.62729E-06
YOR150W,1.0301E-05
YDR013W,4.10611E-07
YDR383C,1.22977E-06
YDR017C,1.31713E-05
YPR018W,3.92792E-06
YOL098C,6.35557E-05
YOR310C,0.000312391
YLR114C,7.40466E-06
YOR322C,9.09693E-06
YDR257C,7.06681E-06
YLR085C,4.46183E-06
YDL156W,3.04413E-06
YOR090C,5.0232E-06
YDL110C,3.74695E-06
YPR072W,7.80674E-06
YDL173W,3.84763E-06
YOL149W,1.27734E-05
YDL161W,8.39474E-06
YPR016C,9.53338E-05
YLL062C,1.67296E-05
YPR049C,3.70145E-06
YPL009C,3.48742E-05
YPL079W,0.000685438
YMR162C,3.7375E-06
YDR093W,1.75062E-05
YMR113W,0.001721213
YDL171C,0.000352468
YDL082W,1.15129E-05
YOL012C,3.64837E-05
YOR291W,1.26121E-05
YDR411C,1.56754E-05
YLR440C,6.20918E-06
YML125C,2.82873E-05
YLR383W,3.01164E-06
YMR185W,2.13777E-06
YPR008W,1.8051E-06
YPL012W,6.86861E-05
YKL023C-A,1.15916E-07
YIL156W-B,1.0902E-05
YCL058W-A,1.1281E-06
YDR381C-A,1.67227E-06
YGR271C-A,2.54851E-05
YLR363W-A,5.42972E-06
YJL136C,3.64649E-05
YBL029C-A,1.26087E-05
YGR085C,0.002189028
YLR262C-A,6.42383E-06
YGR169C-A,8.61895E-06
YBR255C-A,1.54473E-06
YER180C-A,6.68641E-07
YBR058C-A,1.41208E-06
YGR027C,0.000704943
YAL044W-A,2.67365E-05
YLR361C-A,1.53519E-06
YJL133C-A,2.59156E-06
YBL059C-A,2.78771E-06
YCL005W-A,2.13524E-05
YDL085C-A,3.50833E-06
YOR167C,0.000483527
YIL002W-A,4.47563E-07
YOR020W-A,2.14706E-06
YDL160C-A,1.20367E-06
YCR075W-A,8.41192E-07
YKR095W-A,1.80638E-06
YER074W-A,1.54094E-05
YNR034W-A,3.75583E-06
YMR244C-A,3.49853E-06
YHR072W-A,1.61695E-05
YER048W-A,7.46452E-06
YBR111W-A,1.4631E-06
YKL033W-A,1.57355E-05
YCL012C,1.52409E-06
YBR126W-A,1.28824E-05
YGL226C-A,4.59539E-06
YDR397C,5.69136E-06
YOL025W,1.0281E-05
YOR069W,8.49436E-06
YCL026C-B,4.82524E-06
YCL057C-A,2.08656E-05
YLR119W,1.32725E-06
YPR057W,4.24527E-06
YOR319W,3.31188E-06
YOL062C,4.24669E-06
YOR160W,2.87729E-05
YDL015C,2.74706E-05
YDL148C,2.25774E-05
YOR111W,4.61517E-07
YOR145C,3.5547E-05
YDR057W,8.64002E-06
YOL087C,7.1381E-06
YOR092W,2.94997E-06
YPL169C,1.95561E-05
YDR487C,2.09677E-05
YLR262C,1.06788E-05
YLR138W,6.31999E-06
YMR112C,1.35051E-06
YOR165W,3.67551E-05
YDR051C,1.24493E-05
YOR222W,6.04281E-05
YOR155C,7.66537E-06
YOR213C,4.7177E-07
YOL088C,1.17892E-05
YOR163W,5.48524E-06
YOR280C,1.39411E-05
YLR065C,1.38307E-06
YOL123W,4.65354E-05
YDL128W,5.03216E-05
YOR115C,5.0265E-06
YHR132W-A,2.22157E-06
YLR316C,6.62104E-07
YCR020W-B,1.52988E-06
Q0115,3.04077E-05
